ISO-10303-21;
HEADER;
FILE_DESCRIPTION (( 'STEP AP214' ),
    '1' );
FILE_NAME ('D6R60F1LFS_PART1.STEP',
    '2025-09-09T09:19:15',
    ( '' ),
    ( '' ),
    'SwSTEP 2.0',
    'SolidWorks 2024',
    '' );
FILE_SCHEMA (( 'AUTOMOTIVE_DESIGN' ));
ENDSEC;

DATA;
#1 = CARTESIAN_POINT ( 'NONE',  ( -4.949999996052578233, -5.129999998743211442, -2.509980084525776256 ) ) ;
#2 = DIRECTION ( 'NONE',  ( 0.000000000000000000, 0.000000000000000000, -1.000000000000000000 ) ) ;
#3 = ORIENTED_EDGE ( 'NONE', *, *, #180, .T. ) ;
#4 = EDGE_LOOP ( 'NONE', ( #4333, #1666, #4569, #1029, #4251, #556, #802, #3283, #990, #2293, #529, #2222, #419 ) ) ;
#5 = AXIS2_PLACEMENT_3D ( 'NONE', #1401, #3830, #4789 ) ;
#6 = CARTESIAN_POINT ( 'NONE',  ( -1.726531120720243173, 0.5068243367075523365, 4.560090749215580885 ) ) ;
#7 = CIRCLE ( 'NONE', #694, 4.920077992057769301 ) ;
#8 = EDGE_CURVE ( 'NONE', #5020, #189, #840, .T. ) ;
#9 = DIRECTION ( 'NONE',  ( 0.000000000000000000, 0.000000000000000000, 1.000000000000000000 ) ) ;
#10 = EDGE_LOOP ( 'NONE', ( #5082, #3420, #3445, #4002, #2177, #4015, #4187, #565 ) ) ;
#11 = CARTESIAN_POINT ( 'NONE',  ( 3.410000000000000142, -5.129999999999999893, -0.9200000000000000400 ) ) ;
#12 = ORIENTED_EDGE ( 'NONE', *, *, #1687, .T. ) ;
#13 = CARTESIAN_POINT ( 'NONE',  ( -0.6041211023026842319, -6.629999999999999893, 2.628768141926040247 ) ) ;
#14 = DIRECTION ( 'NONE',  ( 0.000000000000000000, 0.000000000000000000, 1.000000000000000000 ) ) ;
#15 = VERTEX_POINT ( 'NONE', #2552 ) ;
#16 = CARTESIAN_POINT ( 'NONE',  ( 0.7711212941517342490, -6.547157287530735559, -3.295286164571014975 ) ) ;
#17 = ADVANCED_FACE ( 'NONE', ( #4179 ), #132, .T. ) ;
#18 = AXIS2_PLACEMENT_3D ( 'NONE', #3549, #4798, #3178 ) ;
#19 = FACE_OUTER_BOUND ( 'NONE', #2923, .T. ) ;
#20 = PRESENTATION_LAYER_ASSIGNMENT (  '', '', ( #3682 ) ) ;
#21 = ORIENTED_EDGE ( 'NONE', *, *, #4631, .F. ) ;
#22 = CARTESIAN_POINT ( 'NONE',  ( -0.4725736491437240172, -6.547157287530736447, -4.431502211218030673 ) ) ;
#23 = LINE ( 'NONE', #4867, #3334 ) ;
#24 = CARTESIAN_POINT ( 'NONE',  ( 0.000000000000000000, 0.6700000000050000404, 0.000000000000000000 ) ) ;
#25 = DIRECTION ( 'NONE',  ( 0.000000000000000000, -0.000000000000000000, -1.000000000000000000 ) ) ;
#26 = CARTESIAN_POINT ( 'NONE',  ( 3.500000000000000000, -4.629999993731141572, -3.640398329819074519 ) ) ;
#27 = VERTEX_POINT ( 'NONE', #4993 ) ;
#28 = DIRECTION ( 'NONE',  ( 0.2425356250382213197, -0.9701425001448598096, 0.000000000000000000 ) ) ;
#29 = CARTESIAN_POINT ( 'NONE',  ( 3.120000000000000551, -5.230000000006670646, -1.209999999999999964 ) ) ;
#30 = AXIS2_PLACEMENT_3D ( 'NONE', #3456, #615, #1820 ) ;
#31 = PLANE ( 'NONE',  #4920 ) ;
#32 = ORIENTED_EDGE ( 'NONE', *, *, #1840, .T. ) ;
#33 = EDGE_CURVE ( 'NONE', #3967, #2940, #3279, .T. ) ;
#34 = LINE ( 'NONE', #873, #150 ) ;
#35 = EDGE_CURVE ( 'NONE', #1437, #2753, #1292, .T. ) ;
#36 = VERTEX_POINT ( 'NONE', #4896 ) ;
#37 = CARTESIAN_POINT ( 'NONE',  ( -2.899999999999999911, -9.330000000004311289, -2.750000000000000000 ) ) ;
#38 = CARTESIAN_POINT ( 'NONE',  ( 0.000000000000000000, -5.129999964424314385, 0.000000000000000000 ) ) ;
#39 = AXIS2_PLACEMENT_3D ( 'NONE', #4449, #4787, #807 ) ;
#40 = ORIENTED_EDGE ( 'NONE', *, *, #284, .T. ) ;
#41 = CARTESIAN_POINT ( 'NONE',  ( 0.02695770478747857093, -6.629999999999999005, -3.033387572539622212 ) ) ;
#42 = CARTESIAN_POINT ( 'NONE',  ( 1.050000127032347352, 0.1991496414817239546, -4.817140646473469623 ) ) ;
#43 = VERTEX_POINT ( 'NONE', #4553 ) ;
#44 = CARTESIAN_POINT ( 'NONE',  ( -0.7711212941517342490, -6.547157287530736447, -4.104713835428984936 ) ) ;
#45 = CARTESIAN_POINT ( 'NONE',  ( 0.000000000000000000, -3.580000002102678991, 0.000000000000000000 ) ) ;
#46 = LINE ( 'NONE', #4937, #2676 ) ;
#47 = FILL_AREA_STYLE_COLOUR ( '', #2885 ) ;
#48 = CARTESIAN_POINT ( 'NONE',  ( -2.550000000002449418, -2.580000000002500293, -5.431160097068351789 ) ) ;
#49 = ORIENTED_EDGE ( 'NONE', *, *, #137, .T. ) ;
#50 = CARTESIAN_POINT ( 'NONE',  ( -0.5493346576097892786, -6.629999999999999893, 3.727402926214640200 ) ) ;
#51 = CARTESIAN_POINT ( 'NONE',  ( 0.000000000000000000, -2.580000517241387570, 0.000000000000000000 ) ) ;
#52 = AXIS2_PLACEMENT_3D ( 'NONE', #1653, #2044, #4493 ) ;
#53 = APPLICATION_CONTEXT ( 'automotive_design' ) ;
#54 = PLANE ( 'NONE',  #2638 ) ;
#55 = EDGE_CURVE ( 'NONE', #4776, #2995, #3325, .T. ) ;
#56 = VERTEX_POINT ( 'NONE', #3727 ) ;
#57 = CARTESIAN_POINT ( 'NONE',  ( 0.000000000000000000, 0.7624999999999999556, 0.000000000000000000 ) ) ;
#58 = B_SPLINE_CURVE_WITH_KNOTS ( 'NONE', 3,
 ( #2575, #563, #3321, #2900 ),
 .UNSPECIFIED., .F., .F.,
 ( 4, 4 ),
 ( 0.000000000000000000, 0.0006604831073429254674 ),
 .UNSPECIFIED. ) ;
#59 = ORIENTED_EDGE ( 'NONE', *, *, #3865, .T. ) ;
#60 = PLANE ( 'NONE',  #281 ) ;
#61 = LINE ( 'NONE', #37, #4004 ) ;
#62 = DIRECTION ( 'NONE',  ( 1.000000000000000000, 0.000000000000000000, 0.000000000000000000 ) ) ;
#63 = ORIENTED_EDGE ( 'NONE', *, *, #638, .T. ) ;
#64 = CARTESIAN_POINT ( 'NONE',  ( 2.900000000003678302, -9.330000000009690098, -2.250000000003335110 ) ) ;
#65 = ADVANCED_FACE ( 'NONE', ( #4576 ), #4124, .F. ) ;
#66 = EDGE_CURVE ( 'NONE', #470, #1433, #3705, .T. ) ;
#67 = CARTESIAN_POINT ( 'NONE',  ( -1.050000000000000044, 0.6700000000000000400, 4.939635614101000272 ) ) ;
#68 = ORIENTED_EDGE ( 'NONE', *, *, #4339, .T. ) ;
#69 = DIRECTION ( 'NONE',  ( 0.000000000000000000, -0.000000000000000000, -1.000000000000000000 ) ) ;
#70 = LINE ( 'NONE', #4067, #3907 ) ;
#71 = AXIS2_PLACEMENT_3D ( 'NONE', #4253, #2233, #2658 ) ;
#72 = DIRECTION ( 'NONE',  ( 0.000000000000000000, 1.000000000000000000, 0.000000000000000000 ) ) ;
#73 = EDGE_CURVE ( 'NONE', #15, #1403, #3680, .T. ) ;
#74 = CARTESIAN_POINT ( 'NONE',  ( 2.700000000004577405, -10.13000000000290690, 2.750000000005003109 ) ) ;
#75 = ORIENTED_EDGE ( 'NONE', *, *, #2111, .T. ) ;
#76 = ORIENTED_EDGE ( 'NONE', *, *, #4104, .T. ) ;
#77 = VECTOR ( 'NONE', #2578, 1000.000000000000000 ) ;
#78 = CARTESIAN_POINT ( 'NONE',  ( 0.000000000000000000, -5.129999999999999893, -2.250000000000000444 ) ) ;
#79 = CARTESIAN_POINT ( 'NONE',  ( 1.049999998513760691, -0.08000000000000000167, -5.907410600518733901 ) ) ;
#80 = CARTESIAN_POINT ( 'NONE',  ( 1.050000000000000044, 0.6700000000000000400, -4.939635614896620730 ) ) ;
#81 = VECTOR ( 'NONE', #106, 1000.000000000000000 ) ;
#82 = VERTEX_POINT ( 'NONE', #50 ) ;
#83 = ORIENTED_EDGE ( 'NONE', *, *, #1807, .T. ) ;
#84 = DIRECTION ( 'NONE',  ( -1.000000000000000000, 0.000000000000000000, 0.000000000000000000 ) ) ;
#85 = VERTEX_POINT ( 'NONE', #1689 ) ;
#86 = SURFACE_STYLE_FILL_AREA ( #3761 ) ;
#87 = CARTESIAN_POINT ( 'NONE',  ( 0.000000000000000000, -4.280000000010000250, 0.000000000000000000 ) ) ;
#88 = ORIENTED_EDGE ( 'NONE', *, *, #3841, .F. ) ;
#89 = CARTESIAN_POINT ( 'NONE',  ( 2.900000000004167688, -5.130000000005002114, -2.750000000005002665 ) ) ;
#90 = ADVANCED_FACE ( 'NONE', ( #3301 ), #4916, .T. ) ;
#91 = VERTEX_POINT ( 'NONE', #913 ) ;
#92 = CYLINDRICAL_SURFACE ( 'NONE', #4078, 0.5000000000000000000 ) ;
#93 = ORIENTED_EDGE ( 'NONE', *, *, #1257, .F. ) ;
#94 = ADVANCED_FACE ( 'NONE', ( #2524 ), #2133, .F. ) ;
#95 = DIRECTION ( 'NONE',  ( 0.000000000000000000, 0.000000000000000000, 1.000000000000000000 ) ) ;
#96 = VECTOR ( 'NONE', #231, 1000.000000000000000 ) ;
#97 = DIRECTION ( 'NONE',  ( 0.000000000000000000, 0.000000000000000000, -1.000000000000000000 ) ) ;
#98 = EDGE_CURVE ( 'NONE', #5058, #3622, #2581, .T. ) ;
#99 = EDGE_CURVE ( 'NONE', #1143, #2150, #7, .T. ) ;
#100 = DIRECTION ( 'NONE',  ( -0.000000000000000000, 1.000000000000000000, -0.000000000000000000 ) ) ;
#101 = ORIENTED_EDGE ( 'NONE', *, *, #3344, .F. ) ;
#102 = VECTOR ( 'NONE', #3302, 1000.000000000000000 ) ;
#103 = DIRECTION ( 'NONE',  ( -0.000000000000000000, 1.000000000000000000, 0.000000000000000000 ) ) ;
#104 = DIRECTION ( 'NONE',  ( 0.000000000000000000, 0.000000000000000000, -1.000000000000000000 ) ) ;
#105 = CARTESIAN_POINT ( 'NONE',  ( 0.7711212941577567648, -6.430000000009997940, 4.104713835432145963 ) ) ;
#106 = DIRECTION ( 'NONE',  ( -0.000000000000000000, 1.000000000000000000, -0.000000000000000000 ) ) ;
#107 = DIRECTION ( 'NONE',  ( 0.9997718598396631018, 0.000000000000000000, -0.02135950076057932523 ) ) ;
#108 = ORIENTED_EDGE ( 'NONE', *, *, #2495, .F. ) ;
#109 = ORIENTED_EDGE ( 'NONE', *, *, #1648, .F. ) ;
#110 = CIRCLE ( 'NONE', #887, 6.000000000000000000 ) ;
#111 = EDGE_CURVE ( 'NONE', #5148, #907, #3336, .T. ) ;
#112 = EDGE_CURVE ( 'NONE', #277, #1330, #3662, .T. ) ;
#113 = DIRECTION ( 'NONE',  ( 0.9987581134721299492, 0.000000000000000000, -0.04982199086339157007 ) ) ;
#114 =( BOUNDED_CURVE ( )  B_SPLINE_CURVE ( 3, ( #2143, #149, #500, #4981 ),
 .UNSPECIFIED., .F., .T. ) 
 B_SPLINE_CURVE_WITH_KNOTS ( ( 4, 4 ),
 ( 0.000000000000000000, 1.000000000000000000 ),
 .UNSPECIFIED. ) 
 CURVE ( )  GEOMETRIC_REPRESENTATION_ITEM ( )  RATIONAL_B_SPLINE_CURVE ( ( 1.000000000000000000, 0.9578154644215262081, 0.9578154644215262081, 1.000000000000000000 ) ) 
 REPRESENTATION_ITEM ( '' )  );
#115 = ORIENTED_EDGE ( 'NONE', *, *, #3129, .T. ) ;
#116 = DIRECTION ( 'NONE',  ( -0.000000000000000000, 0.000000000000000000, 1.000000000000000000 ) ) ;
#117 = B_SPLINE_CURVE_WITH_KNOTS ( 'NONE', 3,
 ( #4069, #2053, #5167, #1524 ),
 .UNSPECIFIED., .F., .F.,
 ( 4, 4 ),
 ( 0.000000000000000000, 0.0006604830994077950500 ),
 .UNSPECIFIED. ) ;
#118 = CARTESIAN_POINT ( 'NONE',  ( 9.184850993605149670E-17, -5.129999999999999893, -4.450000000000000178 ) ) ;
#119 = DIRECTION ( 'NONE',  ( -1.000000000000000000, -0.000000000000000000, -0.000000000000000000 ) ) ;
#120 = ORIENTED_EDGE ( 'NONE', *, *, #1179, .F. ) ;
#121 = CARTESIAN_POINT ( 'NONE',  ( -0.4119634183403937389, -6.430000000009998828, -2.932727244819008927 ) ) ;
#122 = ORIENTED_EDGE ( 'NONE', *, *, #4637, .T. ) ;
#123 = CARTESIAN_POINT ( 'NONE',  ( 0.6069276940020127409, 0.2568244124350673174, -5.031128242718372334 ) ) ;
#124 = EDGE_CURVE ( 'NONE', #1680, #2447, #499, .T. ) ;
#125 = AXIS2_PLACEMENT_3D ( 'NONE', #963, #4550, #4175 ) ;
#126 = VERTEX_POINT ( 'NONE', #3786 ) ;
#127 = EDGE_CURVE ( 'NONE', #2753, #5228, #4167, .T. ) ;
#128 = CARTESIAN_POINT ( 'NONE',  ( 2.700000000007261036, -10.13000000000000256, -2.750000000000000000 ) ) ;
#129 = CARTESIAN_POINT ( 'NONE',  ( -2.476948522924746765, -2.579999999998781934, 4.401634797010832933 ) ) ;
#130 = CARTESIAN_POINT ( 'NONE',  ( 0.000000000000000000, -2.580000000009999628, 0.000000000000000000 ) ) ;
#131 = VERTEX_POINT ( 'NONE', #4192 ) ;
#132 = CYLINDRICAL_SURFACE ( 'NONE', #4760, 0.7499999999999997780 ) ;
#133 = CARTESIAN_POINT ( 'NONE',  ( 1.482516981376144072, 7.669999999999999929, -4.142724204553227096 ) ) ;
#134 = DIRECTION ( 'NONE',  ( 0.000000000000000000, 0.000000000000000000, 1.000000000000000000 ) ) ;
#135 = DIRECTION ( 'NONE',  ( 0.000000000000000000, -0.000000000000000000, -1.000000000000000000 ) ) ;
#136 = EDGE_CURVE ( 'NONE', #370, #1493, #1276, .T. ) ;
#137 = EDGE_CURVE ( 'NONE', #3605, #1925, #179, .T. ) ;
#138 = DIRECTION ( 'NONE',  ( 0.000000000000000000, 0.000000000000000000, -1.000000000000000000 ) ) ;
#139 = ORIENTED_EDGE ( 'NONE', *, *, #3584, .F. ) ;
#140 = ORIENTED_EDGE ( 'NONE', *, *, #3418, .F. ) ;
#141 = CARTESIAN_POINT ( 'NONE',  ( 2.300000000004706724, -10.13000000000329237, -2.250000000005003109 ) ) ;
#142 = CARTESIAN_POINT ( 'NONE',  ( -4.349999999999999645, -5.129999999999999893, -2.444913086390000156 ) ) ;
#143 = PRESENTATION_LAYER_ASSIGNMENT (  '', '', ( #4048 ) ) ;
#144 = COLOUR_RGB ( '',0.007843137254901960675, 0.2392156862745097867, 0.8235294117647058432 ) ;
#145 = ADVANCED_FACE ( 'NONE', ( #2534 ), #1778, .F. ) ;
#146 = ORIENTED_EDGE ( 'NONE', *, *, #631, .F. ) ;
#147 = AXIS2_PLACEMENT_3D ( 'NONE', #3894, #312, #3075 ) ;
#148 = DIRECTION ( 'NONE',  ( 0.000000000000000000, -0.000000000000000000, 1.000000000000000000 ) ) ;
#149 = CARTESIAN_POINT ( 'NONE',  ( -0.5394219302796975368, 0.6699999999999998179, -4.525176985474313796 ) ) ;
#150 = VECTOR ( 'NONE', #4400, 1000.000000000000000 ) ;
#151 = FACE_OUTER_BOUND ( 'NONE', #3490, .T. ) ;
#152 = ORIENTED_EDGE ( 'NONE', *, *, #3033, .F. ) ;
#153 = CARTESIAN_POINT ( 'NONE',  ( -0.7178940572202563430, -4.080000000007583338, 5.452946737556779055 ) ) ;
#154 = ORIENTED_EDGE ( 'NONE', *, *, #1141, .T. ) ;
#155 = LINE ( 'NONE', #4298, #516 ) ;
#156 = ORIENTED_EDGE ( 'NONE', *, *, #205, .F. ) ;
#157 = DIRECTION ( 'NONE',  ( 0.000000000000000000, 0.000000000000000000, 1.000000000000000000 ) ) ;
#158 = CARTESIAN_POINT ( 'NONE',  ( -2.250000042320626559, -2.879774645948108169, 4.521061801121193824 ) ) ;
#159 = CARTESIAN_POINT ( 'NONE',  ( -4.197875436044136599, 7.669999999999999041, -1.502253422706241626 ) ) ;
#160 = B_SPLINE_CURVE_WITH_KNOTS ( 'NONE', 3,
 ( #3038, #4285, #5111, #646, #302, #1876 ),
 .UNSPECIFIED., .F., .F.,
 ( 4, 2, 4 ),
 ( 6.536473983663898913E-14, 0.0002587519626204497041, 0.0005175039251755345938 ),
 .UNSPECIFIED. ) ;
#161 = EDGE_LOOP ( 'NONE', ( #1273, #980, #4511, #4216, #5162, #1784 ) ) ;
#162 = CARTESIAN_POINT ( 'NONE',  ( -1.118288191611139348, 0.4415405672040134122, -4.729808132824746103 ) ) ;
#163 = CARTESIAN_POINT ( 'NONE',  ( -0.5497358650955164183, -6.629999999999999893, 3.717043433565014876 ) ) ;
#164 = B_SPLINE_CURVE_WITH_KNOTS ( 'NONE', 3,
 ( #2318, #727, #325, #1967, #1004, #1830 ),
 .UNSPECIFIED., .F., .F.,
 ( 4, 2, 4 ),
 ( 8.493516109348097261E-13, 0.0002453990028171113306, 0.0004907980047848710392 ),
 .UNSPECIFIED. ) ;
#165 = B_SPLINE_CURVE_WITH_KNOTS ( 'NONE', 3,
 ( #730, #3831, #1054, #195 ),
 .UNSPECIFIED., .F., .F.,
 ( 4, 4 ),
 ( 1.684642032089916857E-14, 0.0008334903947057510382 ),
 .UNSPECIFIED. ) ;
#166 = AXIS2_PLACEMENT_3D ( 'NONE', #2683, #5078, #2602 ) ;
#167 = PRESENTATION_STYLE_ASSIGNMENT (( #2586 ) ) ;
#168 = DIRECTION ( 'NONE',  ( -0.000000000000000000, -1.000000000000000000, 0.000000000000000000 ) ) ;
#169 = AXIS2_PLACEMENT_3D ( 'NONE', #3082, #4703, #2182 ) ;
#170 = EDGE_LOOP ( 'NONE', ( #3572, #5224, #1013, #1924 ) ) ;
#171 = VERTEX_POINT ( 'NONE', #2092 ) ;
#172 = DIRECTION ( 'NONE',  ( -0.000000000000000000, -1.000000000000000000, -0.000000000000000000 ) ) ;
#173 = AXIS2_PLACEMENT_3D ( 'NONE', #392, #1934, #3997 ) ;
#174 = AXIS2_PLACEMENT_3D ( 'NONE', #815, #1192, #4426 ) ;
#175 = ORIENTED_EDGE ( 'NONE', *, *, #1300, .F. ) ;
#176 = CARTESIAN_POINT ( 'NONE',  ( 0.000000000000000000, 0.2568244124350671509, 0.000000000000000000 ) ) ;
#177 = CARTESIAN_POINT ( 'NONE',  ( -0.03737912634205935170, -6.430000000009999717, -1.749600754719174533 ) ) ;
#178 = VECTOR ( 'NONE', #1638, 1000.000000000000000 ) ;
#179 = CIRCLE ( 'NONE', #5193, 4.500000000000000888 ) ;
#180 = EDGE_CURVE ( 'NONE', #2132, #2773, #1295, .T. ) ;
#181 = ORIENTED_EDGE ( 'NONE', *, *, #111, .F. ) ;
#182 = DIRECTION ( 'NONE',  ( -0.000000000000000000, 1.000000000000000000, -0.000000000000000000 ) ) ;
#183 = VERTEX_POINT ( 'NONE', #2564 ) ;
#184 = CARTESIAN_POINT ( 'NONE',  ( -3.536580635780087079, -6.547157287530736447, -1.674842502051304693 ) ) ;
#185 = ORIENTED_EDGE ( 'NONE', *, *, #2312, .F. ) ;
#186 = LINE ( 'NONE', #128, #2184 ) ;
#187 = CARTESIAN_POINT ( 'NONE',  ( -1.105968315357838350, 0.4345297258279740005, 5.897957545749105357 ) ) ;
#188 = CARTESIAN_POINT ( 'NONE',  ( 1.516209748353827935, 7.570000000010001173, -4.236874791517543315 ) ) ;
#189 = VERTEX_POINT ( 'NONE', #4217 ) ;
#190 = CARTESIAN_POINT ( 'NONE',  ( -1.308311930375598120, 0.6089263252223345857, -4.482505664875655604 ) ) ;
#191 = CARTESIAN_POINT ( 'NONE',  ( 1.147326350308341514, 0.4666601726860781230, -4.692051660945483427 ) ) ;
#192 = MANIFOLD_SOLID_BREP ( '1', #1800 ) ;
#193 = CARTESIAN_POINT ( 'NONE',  ( -1.292588267578595129, 0.6181956865474032004, -5.859887772162390540 ) ) ;
#194 = AXIS2_PLACEMENT_3D ( 'NONE', #2484, #1779, #5012 ) ;
#195 = CARTESIAN_POINT ( 'NONE',  ( -3.500000000000000000, -5.130000003578684797, 4.307261315419613545 ) ) ;
#196 = ORIENTED_EDGE ( 'NONE', *, *, #3297, .F. ) ;
#197 = VERTEX_POINT ( 'NONE', #952 ) ;
#198 = ADVANCED_FACE ( 'NONE', ( #3387 ), #60, .T. ) ;
#199 = PLANE ( 'NONE',  #3542 ) ;
#200 = DIRECTION ( 'NONE',  ( -1.000000000000000000, -0.000000000000000000, -0.000000000000000000 ) ) ;
#201 = ORIENTED_EDGE ( 'NONE', *, *, #2087, .F. ) ;
#202 = VECTOR ( 'NONE', #3408, 1000.000000000000000 ) ;
#203 = DIRECTION ( 'NONE',  ( 1.776356839400250465E-15, 0.000000000000000000, -1.000000000000000000 ) ) ;
#204 = CARTESIAN_POINT ( 'NONE',  ( -4.449999998668999979, -2.580000000009999628, 2.387467281548973030 ) ) ;
#205 = EDGE_CURVE ( 'NONE', #1493, #4143, #2887, .T. ) ;
#206 = CARTESIAN_POINT ( 'NONE',  ( 0.7178940572161801592, -3.544999999999999929, 5.452946737555181222 ) ) ;
#207 = EDGE_LOOP ( 'NONE', ( #911, #1439, #3553, #4670 ) ) ;
#208 = AXIS2_PLACEMENT_3D ( 'NONE', #1021, #1047, #4384 ) ;
#209 = LINE ( 'NONE', #3444, #96 ) ;
#210 = EDGE_LOOP ( 'NONE', ( #1734, #4561 ) ) ;
#211 = DIRECTION ( 'NONE',  ( 0.000000000000000000, -1.000000000000000000, -0.000000000000000000 ) ) ;
#212 = VERTEX_POINT ( 'NONE', #2483 ) ;
#213 = DIRECTION ( 'NONE',  ( -8.881784197001252323E-16, 0.000000000000000000, -1.000000000000000000 ) ) ;
#214 = DIRECTION ( 'NONE',  ( 0.000000000000000000, -1.000000000000000000, 0.000000000000000000 ) ) ;
#215 = CARTESIAN_POINT ( 'NONE',  ( -1.482516197824585547, 7.670000000000000817, 4.142722018575200948 ) ) ;
#216 = ORIENTED_EDGE ( 'NONE', *, *, #663, .F. ) ;
#217 = CARTESIAN_POINT ( 'NONE',  ( -1.366673599553795304, 0.6354820470971910273, -4.403792553990722780 ) ) ;
#218 = LINE ( 'NONE', #3801, #3759 ) ;
#219 = FACE_OUTER_BOUND ( 'NONE', #3623, .T. ) ;
#220 = PLANE ( 'NONE',  #1906 ) ;
#221 = ORIENTED_EDGE ( 'NONE', *, *, #3642, .T. ) ;
#222 = EDGE_LOOP ( 'NONE', ( #3116, #2107, #3440, #2217 ) ) ;
#223 = CARTESIAN_POINT ( 'NONE',  ( 0.000000000000000000, -4.280000000006669580, 0.000000000000000000 ) ) ;
#224 = VERTEX_POINT ( 'NONE', #4110 ) ;
#225 = CARTESIAN_POINT ( 'NONE',  ( 3.200000000003472955, -2.580000000004999627, -3.906724971120665746 ) ) ;
#226 = AXIS2_PLACEMENT_3D ( 'NONE', #1043, #3874, #695 ) ;
#227 = CARTESIAN_POINT ( 'NONE',  ( 0.03310722617889817754, -6.629999999999999893, 1.549646382751479257 ) ) ;
#228 = FACE_OUTER_BOUND ( 'NONE', #3717, .T. ) ;
#229 =( GEOMETRIC_REPRESENTATION_CONTEXT ( 3 ) GLOBAL_UNCERTAINTY_ASSIGNED_CONTEXT ( ( #4823 ) ) GLOBAL_UNIT_ASSIGNED_CONTEXT ( ( #3411, #2668, #1114 ) ) REPRESENTATION_CONTEXT ( 'NONE', 'WORKASPACE' ) );
#230 = ORIENTED_EDGE ( 'NONE', *, *, #4457, .T. ) ;
#231 = DIRECTION ( 'NONE',  ( -0.000000000000000000, -1.000000000000000000, 0.000000000000000000 ) ) ;
#232 = B_SPLINE_CURVE_WITH_KNOTS ( 'NONE', 3,
 ( #26, #5196, #3196, #1665 ),
 .UNSPECIFIED., .F., .F.,
 ( 4, 4 ),
 ( 0.000000000000000000, 0.0008334903950211948898 ),
 .UNSPECIFIED. ) ;
#233 = VECTOR ( 'NONE', #4348, 1000.000000000000000 ) ;
#234 = APPLICATION_CONTEXT ( 'automotive_design' ) ;
#235 = CARTESIAN_POINT ( 'NONE',  ( 0.03560964736132699732, -6.629999999999997229, 1.666776941989630334 ) ) ;
#236 = AXIS2_PLACEMENT_3D ( 'NONE', #1328, #2195, #524 ) ;
#237 = CARTESIAN_POINT ( 'NONE',  ( 0.000000000000000000, -4.280000000007049721, -4.990000000000000213 ) ) ;
#238 = CARTESIAN_POINT ( 'NONE',  ( 2.899999999999999911, -9.330000000004311289, 2.250000000000000444 ) ) ;
#239 = EDGE_CURVE ( 'NONE', #1836, #3605, #1140, .T. ) ;
#240 = LINE ( 'NONE', #669, #3653 ) ;
#241 = EDGE_LOOP ( 'NONE', ( #1249, #4158 ) ) ;
#242 = DIRECTION ( 'NONE',  ( 0.000000000000000000, -1.000000000000000000, 0.000000000000000000 ) ) ;
#243 = CARTESIAN_POINT ( 'NONE',  ( 2.250000000000000444, -5.280000000000000249, 5.562148865322000368 ) ) ;
#244 = EDGE_CURVE ( 'NONE', #1712, #3896, #2091, .T. ) ;
#245 = LINE ( 'NONE', #3512, #1293 ) ;
#246 = DIRECTION ( 'NONE',  ( 0.000000000000000000, -1.000000000000000000, 0.000000000000000000 ) ) ;
#247 = ORIENTED_EDGE ( 'NONE', *, *, #2111, .F. ) ;
#248 = ORIENTED_EDGE ( 'NONE', *, *, #441, .T. ) ;
#249 = AXIS2_PLACEMENT_3D ( 'NONE', #1595, #4804, #5184 ) ;
#250 = AXIS2_PLACEMENT_3D ( 'NONE', #4382, #4411, #748 ) ;
#251 = DIRECTION ( 'NONE',  ( -0.000000000000000000, -1.000000000000000000, 0.000000000000000000 ) ) ;
#252 = ORIENTED_EDGE ( 'NONE', *, *, #4059, .T. ) ;
#253 = CARTESIAN_POINT ( 'NONE',  ( 2.900000000006670131, -5.129999999999999893, 0.000000000000000000 ) ) ;
#254 = CARTESIAN_POINT ( 'NONE',  ( 0.03560964735080475452, -6.629999999999997229, 1.666776941989855709 ) ) ;
#255 = B_SPLINE_CURVE_WITH_KNOTS ( 'NONE', 3,
 ( #3056, #4702, #612, #1103 ),
 .UNSPECIFIED., .F., .F.,
 ( 4, 4 ),
 ( 0.000000000000000000, 4.095745903303156423E-05 ),
 .UNSPECIFIED. ) ;
#256 = AXIS2_PLACEMENT_3D ( 'NONE', #2624, #4249, #3846 ) ;
#257 = CARTESIAN_POINT ( 'NONE',  ( -3.340834998776394116, -2.604604906025868694, 3.787769272565510992 ) ) ;
#258 = ORIENTED_EDGE ( 'NONE', *, *, #1059, .T. ) ;
#259 = DIRECTION ( 'NONE',  ( -0.000000000000000000, 0.000000000000000000, 1.000000000000000000 ) ) ;
#260 = DIRECTION ( 'NONE',  ( 0.000000000000000000, 0.000000000000000000, -1.000000000000000000 ) ) ;
#261 =( BOUNDED_SURFACE ( )  B_SPLINE_SURFACE ( 3, 3, ( 
 ( #4597, #956, #449, #853, #2070, #2569, #4197 ),
 ( #1255, #3695, #2870, #1039, #3101, #5100, #4297 ),
 ( #607, #1438, #2651, #3049, #3790, #1069, #3817 ),
 ( #582, #2227, #1464, #689, #660, #4719, #2597 ) ),
 .UNSPECIFIED., .F., .F., .T. ) 
 B_SPLINE_SURFACE_WITH_KNOTS ( ( 4, 4 ),
 ( 4, 3, 4 ),
 ( 0.000000000000000000, 1.000000000000000000 ),
 ( 0.000000000000000000, 0.5000000000000000000, 1.000000000000000000 ),
 .UNSPECIFIED. ) 
 GEOMETRIC_REPRESENTATION_ITEM ( )  RATIONAL_B_SPLINE_SURFACE ( (
 ( 1.000000000000000000, 0.8025111811725377242, 0.8025111811725377242, 1.000000000000000000, 0.8025111811725377242, 0.8025111811725377242, 1.000000000000000000),
 ( 0.8047378541361498439, 0.6458111258570550239, 0.6458111258570550239, 0.8047378541361498439, 0.6458111258570550239, 0.6458111258570550239, 0.8047378541361498439),
 ( 0.8047378541361498439, 0.6458111258570550239, 0.6458111258570550239, 0.8047378541361498439, 0.6458111258570550239, 0.6458111258570550239, 0.8047378541361498439),
 ( 1.000000000000000000, 0.8025111811725377242, 0.8025111811725377242, 1.000000000000000000, 0.8025111811725377242, 0.8025111811725377242, 1.000000000000000000) ) ) 
 REPRESENTATION_ITEM ( '' )  SURFACE ( )  );
#262 = VECTOR ( 'NONE', #3644, 1000.000000000000000 ) ;
#263 = CARTESIAN_POINT ( 'NONE',  ( -2.834999999999999964, -5.129999999999999893, -0.7349999999999999867 ) ) ;
#264 = ADVANCED_FACE ( 'NONE', ( #603 ), #5064, .F. ) ;
#265 = ORIENTED_EDGE ( 'NONE', *, *, #35, .T. ) ;
#266 = CARTESIAN_POINT ( 'NONE',  ( -1.049999855894376610, 0.3038487657704031508, 5.907410625868311449 ) ) ;
#267 = CARTESIAN_POINT ( 'NONE',  ( 1.420832222389594834, 0.6700000000016768098, -5.830875849949635814 ) ) ;
#268 = EDGE_CURVE ( 'NONE', #2596, #5188, #4741, .T. ) ;
#269 = ORIENTED_EDGE ( 'NONE', *, *, #3314, .F. ) ;
#270 = FACE_OUTER_BOUND ( 'NONE', #4696, .T. ) ;
#271 = CARTESIAN_POINT ( 'NONE',  ( -4.349999999999999645, -3.145524122637589848, 2.237667732115371066 ) ) ;
#272 = EDGE_CURVE ( 'NONE', #3533, #3545, #395, .T. ) ;
#273 = EDGE_CURVE ( 'NONE', #3896, #678, #4347, .T. ) ;
#274 = DIRECTION ( 'NONE',  ( 0.000000000000000000, 0.000000000000000000, -1.000000000000000000 ) ) ;
#275 = CARTESIAN_POINT ( 'NONE',  ( 1.550000000000000488, 0.6699999999999993738, 4.147505085830999860 ) ) ;
#276 = VERTEX_POINT ( 'NONE', #282 ) ;
#277 = VERTEX_POINT ( 'NONE', #2647 ) ;
#278 = AXIS2_PLACEMENT_3D ( 'NONE', #4271, #786, #3893 ) ;
#279 = CARTESIAN_POINT ( 'NONE',  ( -4.349999785510575201, -4.279996470495606609, -2.444915403793316067 ) ) ;
#280 = ORIENTED_EDGE ( 'NONE', *, *, #4104, .F. ) ;
#281 = AXIS2_PLACEMENT_3D ( 'NONE', #4619, #981, #3414 ) ;
#282 = CARTESIAN_POINT ( 'NONE',  ( 3.120000000000000551, -5.230000000000000426, -1.209999999999999964 ) ) ;
#283 = ADVANCED_FACE ( 'NONE', ( #683 ), #1248, .F. ) ;
#284 = EDGE_CURVE ( 'NONE', #1333, #3964, #2329, .T. ) ;
#285 = CONICAL_SURFACE ( 'NONE', #1651, 4.989999964280400491, 0.08726646260390812093 ) ;
#286 = FACE_OUTER_BOUND ( 'NONE', #2402, .T. ) ;
#287 = CARTESIAN_POINT ( 'NONE',  ( 0.000000000000000000, -2.580000000000000071, 0.000000000000000000 ) ) ;
#288 = ORIENTED_EDGE ( 'NONE', *, *, #1300, .T. ) ;
#289 = CARTESIAN_POINT ( 'NONE',  ( -1.170705830614736875, 0.4958452686084161565, 4.662220397457103260 ) ) ;
#290 = CARTESIAN_POINT ( 'NONE',  ( -3.500000002598447679, -5.129999999999999893, -4.873397170538315670 ) ) ;
#291 = DIRECTION ( 'NONE',  ( -0.000000000000000000, 1.000000000000000000, 0.000000000000000000 ) ) ;
#292 = AXIS2_PLACEMENT_3D ( 'NONE', #4555, #4858, #569 ) ;
#293 = EDGE_LOOP ( 'NONE', ( #2646, #3540, #1982, #4547 ) ) ;
#294 = FACE_OUTER_BOUND ( 'NONE', #813, .T. ) ;
#295 = ADVANCED_FACE ( 'NONE', ( #4293 ), #311, .T. ) ;
#296 = CARTESIAN_POINT ( 'NONE',  ( 0.000000000000000000, -4.631760537261060406, 0.000000000000000000 ) ) ;
#297 = EDGE_CURVE ( 'NONE', #5256, #2529, #1929, .T. ) ;
#298 = ORIENTED_EDGE ( 'NONE', *, *, #3899, .T. ) ;
#299 = CARTESIAN_POINT ( 'NONE',  ( 3.029999999999999805, -5.129999999999999893, -1.209999999999999964 ) ) ;
#300 = CARTESIAN_POINT ( 'NONE',  ( -4.349999999999999645, -3.712336120128862493, 2.343549836631092287 ) ) ;
#301 = PLANE ( 'NONE',  #2866 ) ;
#302 = CARTESIAN_POINT ( 'NONE',  ( -3.273819973329283872, -2.579999999999978311, 5.028888384844528936 ) ) ;
#303 = LINE ( 'NONE', #1923, #1400 ) ;
#304 = ORIENTED_EDGE ( 'NONE', *, *, #363, .F. ) ;
#305 = VERTEX_POINT ( 'NONE', #225 ) ;
#306 = VECTOR ( 'NONE', #3864, 1000.000000000000000 ) ;
#307 = ADVANCED_FACE ( 'NONE', ( #1035 ), #1858, .T. ) ;
#308 = ADVANCED_FACE ( 'NONE', ( #3073 ), #4692, .F. ) ;
#309 = LINE ( 'NONE', #1927, #5131 ) ;
#310 = ORIENTED_EDGE ( 'NONE', *, *, #1610, .T. ) ;
#311 = PLANE ( 'NONE',  #642 ) ;
#312 = DIRECTION ( 'NONE',  ( 0.04982199086339150762, 0.000000000000000000, 0.9987581134721300602 ) ) ;
#313 = EDGE_CURVE ( 'NONE', #2030, #4557, #1409, .T. ) ;
#314 = CARTESIAN_POINT ( 'NONE',  ( -1.182481335002475653, 0.5090931408331845764, 4.647114046442851532 ) ) ;
#315 = PLANE ( 'NONE',  #4587 ) ;
#316 = CARTESIAN_POINT ( 'NONE',  ( 4.236874791447006849, 7.570000000010001173, 1.516209748550935377 ) ) ;
#317 = ORIENTED_EDGE ( 'NONE', *, *, #4477, .F. ) ;
#318 = AXIS2_PLACEMENT_3D ( 'NONE', #1705, #2850, #3319 ) ;
#319 = CARTESIAN_POINT ( 'NONE',  ( -2.250000000000000444, -5.129999960901075795, -5.073460314712027852 ) ) ;
#320 = AXIS2_PLACEMENT_3D ( 'NONE', #4263, #3018, #4688 ) ;
#321 = CARTESIAN_POINT ( 'NONE',  ( -2.250000000000000444, -5.280000000000000249, 4.521061822182930179 ) ) ;
#322 = ORIENTED_EDGE ( 'NONE', *, *, #137, .F. ) ;
#323 = CARTESIAN_POINT ( 'NONE',  ( 0.000000000000000000, 0.7624999999999999556, 5.049999999999999822 ) ) ;
#324 = LINE ( 'NONE', #4385, #3589 ) ;
#325 = CARTESIAN_POINT ( 'NONE',  ( 2.286248803688901710, -2.716999530515280092, 5.547689183514338929 ) ) ;
#326 = DIRECTION ( 'NONE',  ( -0.000000000000000000, 1.000000000000000000, -0.000000000000000000 ) ) ;
#327 = DIRECTION ( 'NONE',  ( -0.000000000000000000, -1.000000000000000000, -0.000000000000000000 ) ) ;
#328 = CARTESIAN_POINT ( 'NONE',  ( 2.250000002088479611, -2.879999998535282657, -5.562148864476915477 ) ) ;
#329 = ORIENTED_EDGE ( 'NONE', *, *, #867, .F. ) ;
#330 = EDGE_LOOP ( 'NONE', ( #1704, #269, #2613, #2654, #5201, #2115 ) ) ;
#331 = FACE_OUTER_BOUND ( 'NONE', #1479, .T. ) ;
#332 = ORIENTED_EDGE ( 'NONE', *, *, #1024, .T. ) ;
#333 = ORIENTED_EDGE ( 'NONE', *, *, #4822, .T. ) ;
#334 = DIRECTION ( 'NONE',  ( 8.881784197001252323E-16, 0.000000000000000000, -1.000000000000000000 ) ) ;
#335 = PRODUCT_DEFINITION ( 'UNKNOWN', '', #2779, #2806 ) ;
#336 = DIRECTION ( 'NONE',  ( 0.000000000000000000, 0.000000000000000000, -1.000000000000000000 ) ) ;
#337 = EDGE_CURVE ( 'NONE', #5148, #27, #4636, .T. ) ;
#338 = PLANE ( 'NONE',  #430 ) ;
#339 = AXIS2_PLACEMENT_3D ( 'NONE', #3347, #483, #4892 ) ;
#340 = DIRECTION ( 'NONE',  ( 0.000000000000000000, 1.000000000000000000, 0.000000000000000000 ) ) ;
#341 = CARTESIAN_POINT ( 'NONE',  ( -2.899999999999995470, -9.330000000000016058, -2.750000000000000000 ) ) ;
#342 = VERTEX_POINT ( 'NONE', #1008 ) ;
#343 = LINE ( 'NONE', #827, #2117 ) ;
#344 =( GEOMETRIC_REPRESENTATION_CONTEXT ( 3 ) GLOBAL_UNCERTAINTY_ASSIGNED_CONTEXT ( ( #2326 ) ) GLOBAL_UNIT_ASSIGNED_CONTEXT ( ( #2501, #3327, #1768 ) ) REPRESENTATION_CONTEXT ( 'NONE', 'WORKASPACE' ) );
#345 = CARTESIAN_POINT ( 'NONE',  ( 0.000000000000000000, -4.280000000010000250, 5.049999999999999822 ) ) ;
#346 = ORIENTED_EDGE ( 'NONE', *, *, #759, .F. ) ;
#347 = EDGE_CURVE ( 'NONE', #3214, #985, #3892, .T. ) ;
#348 = DIRECTION ( 'NONE',  ( 0.000000000000000000, 0.000000000000000000, 1.000000000000000000 ) ) ;
#349 = CARTESIAN_POINT ( 'NONE',  ( 0.000000000000000000, -4.280000000000000249, 0.000000000000000000 ) ) ;
#350 = CARTESIAN_POINT ( 'NONE',  ( -4.949999996052578233, -5.129999998743211442, -2.509980084525776256 ) ) ;
#351 = FACE_OUTER_BOUND ( 'NONE', #2736, .T. ) ;
#352 = LINE ( 'NONE', #4844, #2725 ) ;
#353 = CARTESIAN_POINT ( 'NONE',  ( -1.550000000000000266, 0.1700000000000000122, 5.949639086669000321 ) ) ;
#354 = ORIENTED_EDGE ( 'NONE', *, *, #905, .T. ) ;
#355 = VERTEX_POINT ( 'NONE', #4242 ) ;
#356 = DIRECTION ( 'NONE',  ( 0.000000000000000000, 1.000000000000000000, 0.000000000000000000 ) ) ;
#357 = ORIENTED_EDGE ( 'NONE', *, *, #4880, .F. ) ;
#358 = ORIENTED_EDGE ( 'NONE', *, *, #2249, .T. ) ;
#359 = ADVANCED_FACE ( 'NONE', ( #3837 ), #5122, .F. ) ;
#360 = DIRECTION ( 'NONE',  ( -0.000000000000000000, 1.000000000000000000, -0.000000000000000000 ) ) ;
#361 = CIRCLE ( 'NONE', #4440, 4.990000000000000213 ) ;
#362 = DIRECTION ( 'NONE',  ( 1.000000000000000000, 0.000000000000000000, 0.000000000000000000 ) ) ;
#363 = EDGE_CURVE ( 'NONE', #3317, #2639, #1090, .T. ) ;
#364 = ORIENTED_EDGE ( 'NONE', *, *, #403, .F. ) ;
#365 = CARTESIAN_POINT ( 'NONE',  ( 1.550000000000000488, 0.6699999999999993738, 4.147505085830999860 ) ) ;
#366 = VECTOR ( 'NONE', #1080, 1000.000000000000000 ) ;
#367 = EDGE_CURVE ( 'NONE', #3546, #15, #2301, .T. ) ;
#368 = DIRECTION ( 'NONE',  ( 0.000000000000000000, 0.000000000000000000, -1.000000000000000000 ) ) ;
#369 = LINE ( 'NONE', #4001, #4221 ) ;
#370 = VERTEX_POINT ( 'NONE', #1549 ) ;
#371 = CARTESIAN_POINT ( 'NONE',  ( -2.250000000000000444, -4.962791166652308128, -4.890545943854236022 ) ) ;
#372 = EDGE_CURVE ( 'NONE', #3497, #1680, #4812, .T. ) ;
#373 = CARTESIAN_POINT ( 'NONE',  ( 0.000000000000000000, -0.4800000026534689823, 0.000000000000000000 ) ) ;
#374 = ORIENTED_EDGE ( 'NONE', *, *, #3675, .F. ) ;
#375 = VECTOR ( 'NONE', #3677, 1000.000000000000000 ) ;
#376 = LINE ( 'NONE', #3272, #4623 ) ;
#377 = CARTESIAN_POINT ( 'NONE',  ( 0.000000000000000000, -4.079999983900961524, 0.000000000000000000 ) ) ;
#378 = DIRECTION ( 'NONE',  ( 0.000000000000000000, 0.000000000000000000, 1.000000000000000000 ) ) ;
#379 = FACE_OUTER_BOUND ( 'NONE', #758, .T. ) ;
#380 = VECTOR ( 'NONE', #3643, 1000.000000000000000 ) ;
#381 = CARTESIAN_POINT ( 'NONE',  ( -5.400000000000078515, -5.129999999999999893, 2.615339366124242559 ) ) ;
#382 = DIRECTION ( 'NONE',  ( 0.000000000000000000, -0.000000000000000000, -1.000000000000000000 ) ) ;
#383 = ORIENTED_EDGE ( 'NONE', *, *, #526, .F. ) ;
#384 = ORIENTED_EDGE ( 'NONE', *, *, #4615, .F. ) ;
#385 = DIRECTION ( 'NONE',  ( 1.000000000000000000, 0.000000000000000000, 0.000000000000000000 ) ) ;
#386 = CARTESIAN_POINT ( 'NONE',  ( 3.029999999999999805, -5.230000000000000426, -0.9200000000000000400 ) ) ;
#387 = ORIENTED_EDGE ( 'NONE', *, *, #2719, .T. ) ;
#388 = VERTEX_POINT ( 'NONE', #1635 ) ;
#389 = CARTESIAN_POINT ( 'NONE',  ( -2.700000000000005063, -10.13000000000000433, -2.750000000000000000 ) ) ;
#390 = DIRECTION ( 'NONE',  ( 1.000000000000000000, 0.000000000000000000, -0.000000000000000000 ) ) ;
#391 = ORIENTED_EDGE ( 'NONE', *, *, #710, .F. ) ;
#392 = CARTESIAN_POINT ( 'NONE',  ( 0.000000000000000000, -6.430000000009999717, 3.700000000000000178 ) ) ;
#393 = CARTESIAN_POINT ( 'NONE',  ( 0.8167201673662942696, -4.603833200549221516, -5.244387046676221686 ) ) ;
#394 = DIRECTION ( 'NONE',  ( 0.000000000000000000, -0.000000000000000000, 1.000000000000000000 ) ) ;
#395 = CIRCLE ( 'NONE', #4478, 4.841269281253910428 ) ;
#396 = ORIENTED_EDGE ( 'NONE', *, *, #1058, .F. ) ;
#397 = DIRECTION ( 'NONE',  ( 0.000000000000000000, 0.000000000000000000, -1.000000000000000000 ) ) ;
#398 = CARTESIAN_POINT ( 'NONE',  ( 0.000000000000000000, -4.280000000010000250, 0.000000000000000000 ) ) ;
#399 = VERTEX_POINT ( 'NONE', #4841 ) ;
#400 = CARTESIAN_POINT ( 'NONE',  ( 0.7359235698111986634, -6.547157287530736447, -4.165658499630606748 ) ) ;
#401 = LINE ( 'NONE', #1183, #3658 ) ;
#402 = CIRCLE ( 'NONE', #4133, 5.049999999999999822 ) ;
#403 = EDGE_CURVE ( 'NONE', #2910, #4718, #989, .T. ) ;
#404 = LINE ( 'NONE', #1634, #1264 ) ;
#405 = DIRECTION ( 'NONE',  ( 0.000000000000000000, 0.000000000000000000, 1.000000000000000000 ) ) ;
#406 = CARTESIAN_POINT ( 'NONE',  ( 1.050000000001922285, -2.580000000007499850, 4.939635614093375260 ) ) ;
#407 = VECTOR ( 'NONE', #1306, 1000.000000000000000 ) ;
#408 = CARTESIAN_POINT ( 'NONE',  ( 3.271631801599137468, -2.580000000001658300, -3.848051333533877738 ) ) ;
#409 = ORIENTED_EDGE ( 'NONE', *, *, #3616, .T. ) ;
#410 = EDGE_LOOP ( 'NONE', ( #5089, #1463, #3255, #2780, #4248, #1354, #1964, #3794, #2100, #812, #1641, #3109 ) ) ;
#411 = AXIS2_PLACEMENT_3D ( 'NONE', #495, #172, #572 ) ;
#412 = CARTESIAN_POINT ( 'NONE',  ( 0.5370462479202041672, 0.6699999999999982636, 4.527566896192252166 ) ) ;
#413 = ADVANCED_FACE ( 'NONE', ( #4012 ), #3591, .T. ) ;
#414 = LINE ( 'NONE', #3683, #2979 ) ;
#415 = ORIENTED_EDGE ( 'NONE', *, *, #2122, .F. ) ;
#416 = EDGE_CURVE ( 'NONE', #1330, #277, #3947, .T. ) ;
#417 = CARTESIAN_POINT ( 'NONE',  ( 0.000000000000000000, 0.6700000000050000404, 0.000000000000000000 ) ) ;
#418 = CARTESIAN_POINT ( 'NONE',  ( -2.100000000006669865, -5.129999999999999893, 0.000000000000000000 ) ) ;
#419 = ORIENTED_EDGE ( 'NONE', *, *, #1445, .T. ) ;
#420 = CARTESIAN_POINT ( 'NONE',  ( -0.8170048933580144057, -4.631760537261126132, -5.246215351353949785 ) ) ;
#421 = FACE_OUTER_BOUND ( 'NONE', #789, .T. ) ;
#422 = ORIENTED_EDGE ( 'NONE', *, *, #2549, .T. ) ;
#423 = CARTESIAN_POINT ( 'NONE',  ( 0.6859455879463587369, -6.629999999999999005, -3.339989620441300655 ) ) ;
#424 = VECTOR ( 'NONE', #4931, 1000.000000000000000 ) ;
#425 = MECHANICAL_DESIGN_GEOMETRIC_PRESENTATION_REPRESENTATION (  '', ( #2538 ), #1116 ) ;
#426 = CARTESIAN_POINT ( 'NONE',  ( 2.740000000000000213, -5.129999999999999893, -0.8299999999999999600 ) ) ;
#427 = ORIENTED_EDGE ( 'NONE', *, *, #915, .F. ) ;
#428 = CARTESIAN_POINT ( 'NONE',  ( 0.3664591956503283066, -6.629999999999999005, -4.382522146846818067 ) ) ;
#429 = CARTESIAN_POINT ( 'NONE',  ( 2.550000000006429790, -2.579999999999999627, -5.431160097066482173 ) ) ;
#430 = AXIS2_PLACEMENT_3D ( 'NONE', #3210, #5153, #1562 ) ;
#431 = LINE ( 'NONE', #1997, #3701 ) ;
#432 = EDGE_CURVE ( 'NONE', #1414, #3919, #431, .T. ) ;
#433 = CARTESIAN_POINT ( 'NONE',  ( 9.184850993605152135E-17, -5.130000000009999894, 2.950000000000000178 ) ) ;
#434 = CARTESIAN_POINT ( 'NONE',  ( 3.488767637734402349, -2.788050570924321736, -3.651254765358335153 ) ) ;
#435 =( BOUNDED_SURFACE ( )  B_SPLINE_SURFACE ( 3, 3, ( 
 ( #2898, #3218, #4837, #4934, #804, #2925, #2825 ),
 ( #1314, #2023, #4548, #2389, #428, #2050, #4118 ),
 ( #1285, #44, #22, #4525, #4499, #400, #4008 ),
 ( #480, #1210, #858, #4445, #2101, #3721, #2417 ) ),
 .UNSPECIFIED., .F., .F., .F. ) 
 B_SPLINE_SURFACE_WITH_KNOTS ( ( 4, 4 ),
 ( 4, 3, 4 ),
 ( 0.000000000000000000, 1.000000000000000000 ),
 ( 0.000000000000000000, 0.5000000000000000000, 1.000000000000000000 ),
 .UNSPECIFIED. ) 
 GEOMETRIC_REPRESENTATION_ITEM ( )  RATIONAL_B_SPLINE_SURFACE ( (
 ( 1.000000000000000000, 0.8025111811725377242, 0.8025111811725377242, 1.000000000000000000, 0.8025111811725377242, 0.8025111811725377242, 1.000000000000000000),
 ( 0.8047378541361498439, 0.6458111258570550239, 0.6458111258570550239, 0.8047378541361498439, 0.6458111258570550239, 0.6458111258570550239, 0.8047378541361498439),
 ( 0.8047378541361498439, 0.6458111258570550239, 0.6458111258570550239, 0.8047378541361498439, 0.6458111258570550239, 0.6458111258570550239, 0.8047378541361498439),
 ( 1.000000000000000000, 0.8025111811725377242, 0.8025111811725377242, 1.000000000000000000, 0.8025111811725377242, 0.8025111811725377242, 1.000000000000000000) ) ) 
 REPRESENTATION_ITEM ( '' )  SURFACE ( )  );
#436 = ORIENTED_EDGE ( 'NONE', *, *, #3053, .T. ) ;
#437 = DIRECTION ( 'NONE',  ( -0.000000000000000000, 0.000000000000000000, -1.000000000000000000 ) ) ;
#438 = ADVANCED_FACE ( 'NONE', ( #1160, #5220 ), #2026, .T. ) ;
#439 = CIRCLE ( 'NONE', #5, 4.990000000000000213 ) ;
#440 = DIRECTION ( 'NONE',  ( 0.000000000000000000, 1.000000000000000000, 0.000000000000000000 ) ) ;
#441 = EDGE_CURVE ( 'NONE', #2502, #3967, #1416, .T. ) ;
#442 = FACE_OUTER_BOUND ( 'NONE', #3996, .T. ) ;
#443 = VERTEX_POINT ( 'NONE', #2770 ) ;
#444 = DIRECTION ( 'NONE',  ( 0.000000000000000000, -0.000000000000000000, -1.000000000000000000 ) ) ;
#445 = ORIENTED_EDGE ( 'NONE', *, *, #1150, .F. ) ;
#446 = CARTESIAN_POINT ( 'NONE',  ( 0.8170048933579324713, -4.631760537261126132, -5.246215351353962220 ) ) ;
#447 = DIRECTION ( 'NONE',  ( 0.000000000000000000, 1.000000000000000000, 0.000000000000000000 ) ) ;
#448 = ORIENTED_EDGE ( 'NONE', *, *, #4854, .F. ) ;
#449 = CARTESIAN_POINT ( 'NONE',  ( -0.3465540093747712658, -6.629999999999999005, 3.163565045102588069 ) ) ;
#450 = VECTOR ( 'NONE', #2224, 1000.000000000000000 ) ;
#451 = CARTESIAN_POINT ( 'NONE',  ( -1.567785774643857488, 0.6699999999999997069, -4.140814709461261955 ) ) ;
#452 = VERTEX_POINT ( 'NONE', #2392 ) ;
#453 = LINE ( 'NONE', #4889, #1068 ) ;
#454 = DIRECTION ( 'NONE',  ( -0.000000000000000000, 0.000000000000000000, 1.000000000000000000 ) ) ;
#455 = DIRECTION ( 'NONE',  ( 0.000000000000000000, 1.000000000000000000, 0.000000000000000000 ) ) ;
#456 = ADVANCED_FACE ( 'NONE', ( #4869 ), #4387, .T. ) ;
#457 = LINE ( 'NONE', #1317, #4506 ) ;
#458 = AXIS2_PLACEMENT_3D ( 'NONE', #353, #5249, #4451 ) ;
#459 = CARTESIAN_POINT ( 'NONE',  ( -2.249999999758184988, -2.796986474644842513, -5.562148864885147148 ) ) ;
#460 = ORIENTED_EDGE ( 'NONE', *, *, #2413, .T. ) ;
#461 = B_SPLINE_CURVE_WITH_KNOTS ( 'NONE', 3,
 ( #2461, #4882, #2789, #4802 ),
 .UNSPECIFIED., .F., .F.,
 ( 4, 4 ),
 ( 0.000000000000000000, 8.886682882649694947E-05 ),
 .UNSPECIFIED. ) ;
#462 = VERTEX_POINT ( 'NONE', #1663 ) ;
#463 = PLANE ( 'NONE',  #2914 ) ;
#464 = VECTOR ( 'NONE', #2633, 1000.000000000000000 ) ;
#465 = CARTESIAN_POINT ( 'NONE',  ( 2.100000000006669865, 0.000000000000000000, 2.250000000000000444 ) ) ;
#466 = ORIENTED_EDGE ( 'NONE', *, *, #2843, .T. ) ;
#467 = DIRECTION ( 'NONE',  ( -1.000000000000000000, 0.000000000000000000, 0.000000000000000000 ) ) ;
#468 = ADVANCED_FACE ( 'NONE', ( #2367 ), #1942, .T. ) ;
#469 = ADVANCED_FACE ( 'NONE', ( #351 ), #1968, .T. ) ;
#470 = VERTEX_POINT ( 'NONE', #780 ) ;
#471 = DIRECTION ( 'NONE',  ( 0.000000000000000000, 0.000000000000000000, -1.000000000000000000 ) ) ;
#472 = CYLINDRICAL_SURFACE ( 'NONE', #5117, 5.500000000000000888 ) ;
#473 = LINE ( 'NONE', #2410, #2514 ) ;
#474 = AXIS2_PLACEMENT_3D ( 'NONE', #753, #1603, #2341 ) ;
#475 = ADVANCED_FACE ( 'NONE', ( #379 ), #3274, .F. ) ;
#476 = ORIENTED_EDGE ( 'NONE', *, *, #2733, .F. ) ;
#477 = LINE ( 'NONE', #2097, #5267 ) ;
#478 = LINE ( 'NONE', #67, #2119 ) ;
#479 = ORIENTED_EDGE ( 'NONE', *, *, #828, .T. ) ;
#480 = CARTESIAN_POINT ( 'NONE',  ( -0.7490685851040976839, -6.430000000009999717, -3.662633506852456478 ) ) ;
#481 = DIRECTION ( 'NONE',  ( 0.000000000000000000, 0.000000000000000000, -1.000000000000000000 ) ) ;
#482 = DIRECTION ( 'NONE',  ( 1.000000000000000000, 0.000000000000000000, 0.000000000000000000 ) ) ;
#483 = DIRECTION ( 'NONE',  ( 0.000000000000000000, -1.000000000000000000, 0.000000000000000000 ) ) ;
#484 = VERTEX_POINT ( 'NONE', #2052 ) ;
#485 = ORIENTED_EDGE ( 'NONE', *, *, #268, .T. ) ;
#486 = DIRECTION ( 'NONE',  ( 0.000000000000000000, 0.000000000000000000, 1.000000000000000000 ) ) ;
#487 = AXIS2_PLACEMENT_3D ( 'NONE', #5191, #2717, #3958 ) ;
#488 = VECTOR ( 'NONE', #3370, 1000.000000000000000 ) ;
#489 = DIRECTION ( 'NONE',  ( -0.000000000000000000, -1.000000000000000000, -0.000000000000000000 ) ) ;
#490 = CARTESIAN_POINT ( 'NONE',  ( -0.6433320041535993683, -3.580000000003360050, 4.886591716395534135 ) ) ;
#491 = AXIS2_PLACEMENT_3D ( 'NONE', #3809, #1381, #2994 ) ;
#492 = ORIENTED_EDGE ( 'NONE', *, *, #3105, .T. ) ;
#493 = EDGE_LOOP ( 'NONE', ( #122, #1851, #3123, #1102 ) ) ;
#494 = EDGE_CURVE ( 'NONE', #2529, #820, #3646, .T. ) ;
#495 = CARTESIAN_POINT ( 'NONE',  ( 0.000000000000000000, -4.280000000010000250, 0.000000000000000000 ) ) ;
#496 =( BOUNDED_SURFACE ( )  B_SPLINE_SURFACE ( 3, 3, ( 
 ( #5124, #3866, #5038, #227 ),
 ( #4821, #3023, #1859, #254 ),
 ( #4645, #1009, #3468, #5096 ),
 ( #177, #1486, #4319, #2619 ) ),
 .UNSPECIFIED., .F., .F., .T. ) 
 B_SPLINE_SURFACE_WITH_KNOTS ( ( 4, 4 ),
 ( 4, 4 ),
 ( 0.000000000000000000, 1.000000000000000000 ),
 ( 0.000000000000000000, 1.000000000000000000 ),
 .UNSPECIFIED. ) 
 GEOMETRIC_REPRESENTATION_ITEM ( )  RATIONAL_B_SPLINE_SURFACE ( (
 ( 1.000000000000000000, 0.3333333333312289981, 0.3333333333312289981, 1.000000000000000000),
 ( 0.8047378541361513982, 0.2682459513770236725, 0.2682459513770236725, 0.8047378541361513982),
 ( 0.8047378541361513982, 0.2682459513770236725, 0.2682459513770236725, 0.8047378541361513982),
 ( 1.000000000000000000, 0.3333333333312289981, 0.3333333333312289981, 1.000000000000000000) ) ) 
 REPRESENTATION_ITEM ( '' )  SURFACE ( )  );
#497 = B_SPLINE_CURVE_WITH_KNOTS ( 'NONE', 3,
 ( #1095, #1811, #3000, #3421 ),
 .UNSPECIFIED., .F., .F.,
 ( 4, 4 ),
 ( 2.579898128935026256E-14, 0.0008334904861401894009 ),
 .UNSPECIFIED. ) ;
#498 = ORIENTED_EDGE ( 'NONE', *, *, #991, .T. ) ;
#499 = LINE ( 'NONE', #2508, #3485 ) ;
#500 = CARTESIAN_POINT ( 'NONE',  ( 0.5394219302796880999, 0.6699999999999998179, -4.525176985474315572 ) ) ;
#501 = ADVANCED_FACE ( 'NONE', ( #3250 ), #3673, .T. ) ;
#502 = DIRECTION ( 'NONE',  ( -0.000000000000000000, 1.000000000000000000, 0.000000000000000000 ) ) ;
#503 = EDGE_CURVE ( 'NONE', #2080, #5261, #2763, .T. ) ;
#504 = ORIENTED_EDGE ( 'NONE', *, *, #2807, .F. ) ;
#505 = CARTESIAN_POINT ( 'NONE',  ( 3.273819973320419408, -2.579999999999978311, -5.028888384850118243 ) ) ;
#506 = CARTESIAN_POINT ( 'NONE',  ( -1.726531143664604695, 0.5068242500016059138, -4.560090843822979245 ) ) ;
#507 = EDGE_LOOP ( 'NONE', ( #4529, #2833, #757, #4826, #3863 ) ) ;
#508 = CARTESIAN_POINT ( 'NONE',  ( -3.354999999999999982, -5.129999999999999893, -0.5849999999999999645 ) ) ;
#509 = VECTOR ( 'NONE', #259, 1000.000000000000000 ) ;
#510 = CARTESIAN_POINT ( 'NONE',  ( -2.550000000005000267, -2.580000000004999627, 4.358898943537748316 ) ) ;
#511 = CIRCLE ( 'NONE', #4325, 5.049999999999999822 ) ;
#512 = CARTESIAN_POINT ( 'NONE',  ( 0.7178940572144703047, -4.080000000007812488, 5.452946737556681356 ) ) ;
#513 = EDGE_CURVE ( 'NONE', #3887, #1680, #1166, .T. ) ;
#514 = ORIENTED_EDGE ( 'NONE', *, *, #1687, .F. ) ;
#515 = DIRECTION ( 'NONE',  ( -0.000000000000000000, 1.000000000000000000, 0.000000000000000000 ) ) ;
#516 = VECTOR ( 'NONE', #1785, 1000.000000000000000 ) ;
#517 = CARTESIAN_POINT ( 'NONE',  ( 0.7490685851040976839, -6.430000000009999717, 3.662633506852456478 ) ) ;
#518 = CARTESIAN_POINT ( 'NONE',  ( 0.000000000000000000, -2.580000000009999628, 0.000000000000000000 ) ) ;
#519 = DIRECTION ( 'NONE',  ( -0.9914448613738039429, 0.000000000000000000, 0.1305261922201010061 ) ) ;
#520 = AXIS2_PLACEMENT_3D ( 'NONE', #3972, #340, #4369 ) ;
#521 = VERTEX_POINT ( 'NONE', #3723 ) ;
#522 = AXIS2_PLACEMENT_3D ( 'NONE', #3751, #103, #939 ) ;
#523 = VERTEX_POINT ( 'NONE', #885 ) ;
#524 = DIRECTION ( 'NONE',  ( 0.000000000000000000, 0.000000000000000000, 1.000000000000000000 ) ) ;
#525 = EDGE_CURVE ( 'NONE', #1433, #3214, #909, .T. ) ;
#526 = EDGE_CURVE ( 'NONE', #3447, #4428, #4156, .T. ) ;
#527 = ORIENTED_EDGE ( 'NONE', *, *, #313, .T. ) ;
#528 = CARTESIAN_POINT ( 'NONE',  ( 1.550000000006490408, 0.6700000000024999292, -5.796335048975333137 ) ) ;
#529 = ORIENTED_EDGE ( 'NONE', *, *, #4134, .T. ) ;
#530 = CARTESIAN_POINT ( 'NONE',  ( -0.7359235698169473983, -6.430000000009998828, -3.234341500365759625 ) ) ;
#531 = PLANE ( 'NONE',  #5092 ) ;
#532 = ORIENTED_EDGE ( 'NONE', *, *, #3895, .T. ) ;
#533 = CARTESIAN_POINT ( 'NONE',  ( -2.250000003639650359, -2.879999999266032784, 5.562148863849436076 ) ) ;
#534 = CIRCLE ( 'NONE', #4265, 4.500000000000000888 ) ;
#535 = DIRECTION ( 'NONE',  ( 0.000000000000000000, 0.000000000000000000, -1.000000000000000000 ) ) ;
#536 = EDGE_CURVE ( 'NONE', #3514, #865, #4467, .T. ) ;
#537 = ADVANCED_FACE ( 'NONE', ( #1365 ), #1757, .T. ) ;
#538 = DIRECTION ( 'NONE',  ( -0.000000000000000000, 1.000000000000000000, -0.000000000000000000 ) ) ;
#539 = ORIENTED_EDGE ( 'NONE', *, *, #2083, .F. ) ;
#540 = VECTOR ( 'NONE', #1108, 1000.000000000000227 ) ;
#541 = ORIENTED_EDGE ( 'NONE', *, *, #1610, .F. ) ;
#542 = FACE_OUTER_BOUND ( 'NONE', #1519, .T. ) ;
#543 = CARTESIAN_POINT ( 'NONE',  ( -0.7496398160334849514, -6.547157287530735559, 3.723241045770293578 ) ) ;
#544 = EDGE_CURVE ( 'NONE', #4171, #4978, #2494, .T. ) ;
#545 = CARTESIAN_POINT ( 'NONE',  ( 1.049999999669041451, 0.1699970021702500445, 5.907410600332998918 ) ) ;
#546 = CARTESIAN_POINT ( 'NONE',  ( -1.050000000000000044, 0.1699991042922030238, -5.907410600254999977 ) ) ;
#547 = ORIENTED_EDGE ( 'NONE', *, *, #3625, .F. ) ;
#548 = VERTEX_POINT ( 'NONE', #2520 ) ;
#549 = CYLINDRICAL_SURFACE ( 'NONE', #747, 4.500000000000000888 ) ;
#550 = VECTOR ( 'NONE', #2110, 1000.000000000000000 ) ;
#551 = DIRECTION ( 'NONE',  ( 1.000000000000000000, 0.000000000000000000, 0.000000000000000000 ) ) ;
#552 = VERTEX_POINT ( 'NONE', #1788 ) ;
#553 = SURFACE_STYLE_USAGE ( .BOTH. , #1719 ) ;
#554 = CARTESIAN_POINT ( 'NONE',  ( 0.000000000000000000, -4.080000000010000072, 0.000000000000000000 ) ) ;
#555 = CARTESIAN_POINT ( 'NONE',  ( 0.000000000000000000, -5.129999999999999893, -1.209999999999999964 ) ) ;
#556 = ORIENTED_EDGE ( 'NONE', *, *, #4566, .T. ) ;
#557 = CARTESIAN_POINT ( 'NONE',  ( 3.345533177799798974, -2.606410353505442146, -4.981188302865800388 ) ) ;
#558 = EDGE_LOOP ( 'NONE', ( #3004, #1455, #466, #2049 ) ) ;
#559 = CARTESIAN_POINT ( 'NONE',  ( 3.029999999999999805, -5.130000000001667892, -1.209999999999999964 ) ) ;
#560 = AXIS2_PLACEMENT_3D ( 'NONE', #2470, #455, #5105 ) ;
#561 = ORIENTED_EDGE ( 'NONE', *, *, #1227, .T. ) ;
#562 = FILL_AREA_STYLE_COLOUR ( '', #3626 ) ;
#563 = CARTESIAN_POINT ( 'NONE',  ( 1.050000001258168281, -0.2633312610309784252, 4.900577464141442796 ) ) ;
#564 = CARTESIAN_POINT ( 'NONE',  ( 1.050000000000000044, -0.4800000028239992389, -4.939635606285661673 ) ) ;
#565 = ORIENTED_EDGE ( 'NONE', *, *, #2443, .F. ) ;
#566 = EDGE_CURVE ( 'NONE', #1861, #1832, #2983, .T. ) ;
#567 = CARTESIAN_POINT ( 'NONE',  ( -1.280812360169300890, 0.5924967825497934326, -4.518924614945420970 ) ) ;
#568 = CARTESIAN_POINT ( 'NONE',  ( 0.03030511540351096822, -6.430000000009999717, 4.449387483202368543 ) ) ;
#569 = DIRECTION ( 'NONE',  ( 9.769962616701377556E-15, 0.000000000000000000, 1.000000000000000000 ) ) ;
#570 = ORIENTED_EDGE ( 'NONE', *, *, #2946, .F. ) ;
#571 = ORIENTED_EDGE ( 'NONE', *, *, #2618, .T. ) ;
#572 = DIRECTION ( 'NONE',  ( 5.329070518200751394E-15, 0.000000000000000000, 1.000000000000000000 ) ) ;
#573 = VECTOR ( 'NONE', #4904, 1000.000000000000000 ) ;
#574 = VECTOR ( 'NONE', #2796, 1000.000000000000000 ) ;
#575 = ORIENTED_EDGE ( 'NONE', *, *, #2630, .T. ) ;
#576 = VECTOR ( 'NONE', #4166, 1000.000000000000000 ) ;
#577 = DIRECTION ( 'NONE',  ( 2.664535259100375697E-15, 0.000000000000000000, 1.000000000000000000 ) ) ;
#578 = ADVANCED_FACE ( 'NONE', ( #5025 ), #3747, .F. ) ;
#579 = DIRECTION ( 'NONE',  ( 0.000000000000000000, 0.000000000000000000, 1.000000000000000000 ) ) ;
#580 = CARTESIAN_POINT ( 'NONE',  ( 0.000000000000000000, -5.129999999999999893, -0.8300000000066669603 ) ) ;
#581 = ORIENTED_EDGE ( 'NONE', *, *, #1225, .T. ) ;
#582 = CARTESIAN_POINT ( 'NONE',  ( -0.7490685851040976839, -6.430000000009999717, 3.737366493147543878 ) ) ;
#583 = ORIENTED_EDGE ( 'NONE', *, *, #2122, .T. ) ;
#584 = DIRECTION ( 'NONE',  ( 0.2425356250363089605, 0.9701425001453378716, 0.000000000000000000 ) ) ;
#585 = ORIENTED_EDGE ( 'NONE', *, *, #3451, .T. ) ;
#586 = DIRECTION ( 'NONE',  ( -0.000000000000000000, 1.000000000000000000, -0.000000000000000000 ) ) ;
#587 = DIRECTION ( 'NONE',  ( 0.000000000000000000, 0.000000000000000000, -1.000000000000000000 ) ) ;
#588 = CARTESIAN_POINT ( 'NONE',  ( 1.502253422992920751, 7.669999999999999041, -4.197875435941544886 ) ) ;
#589 = VERTEX_POINT ( 'NONE', #935 ) ;
#590 = CARTESIAN_POINT ( 'NONE',  ( -1.398324549398622052, 0.6467354223835509730, -4.360502570402940314 ) ) ;
#591 = CARTESIAN_POINT ( 'NONE',  ( -0.3021065067829550865, -6.629999999999999893, 4.262666687132727894 ) ) ;
#592 = AXIS2_PLACEMENT_3D ( 'NONE', #1490, #1862, #1413 ) ;
#593 = CARTESIAN_POINT ( 'NONE',  ( 2.250000000000000444, -4.796379137714092522, -4.706896614314726612 ) ) ;
#594 = FACE_OUTER_BOUND ( 'NONE', #614, .T. ) ;
#595 = EDGE_CURVE ( 'NONE', #3040, #1832, #2547, .T. ) ;
#596 = ORIENTED_EDGE ( 'NONE', *, *, #4508, .F. ) ;
#597 = ORIENTED_EDGE ( 'NONE', *, *, #5237, .T. ) ;
#598 = CARTESIAN_POINT ( 'NONE',  ( 0.000000000000000000, -5.129999964424314385, 0.000000000000000000 ) ) ;
#599 = DIRECTION ( 'NONE',  ( 0.000000000000000000, -1.000000000000000000, 0.000000000000000000 ) ) ;
#600 = VECTOR ( 'NONE', #4056, 1000.000000000000000 ) ;
#601 = CARTESIAN_POINT ( 'NONE',  ( 1.050000000000000044, -4.280000000006668692, 5.907410600254999977 ) ) ;
#602 = ORIENTED_EDGE ( 'NONE', *, *, #1619, .F. ) ;
#603 = FACE_OUTER_BOUND ( 'NONE', #4851, .T. ) ;
#604 = CARTESIAN_POINT ( 'NONE',  ( 3.500000002164918023, -2.879998866970224558, 4.873397170849671056 ) ) ;
#605 = LINE ( 'NONE', #2998, #837 ) ;
#606 = ORIENTED_EDGE ( 'NONE', *, *, #180, .F. ) ;
#607 = CARTESIAN_POINT ( 'NONE',  ( -0.7490685850982471417, -6.547157287530735559, 3.737366493147252111 ) ) ;
#608 = EDGE_LOOP ( 'NONE', ( #3343, #4596, #713, #1001, #5141 ) ) ;
#609 = FACE_OUTER_BOUND ( 'NONE', #1879, .T. ) ;
#610 = VERTEX_POINT ( 'NONE', #3372 ) ;
#611 = DIRECTION ( 'NONE',  ( 1.065814103640150279E-14, 0.000000000000000000, -1.000000000000000000 ) ) ;
#612 = CARTESIAN_POINT ( 'NONE',  ( -2.250000000000000444, -4.603491218610853863, 4.521061822183003898 ) ) ;
#613 = CARTESIAN_POINT ( 'NONE',  ( -4.236874791621087155, 7.570000000010001173, -1.516209748064485163 ) ) ;
#614 = EDGE_LOOP ( 'NONE', ( #3054, #623, #317, #1650 ) ) ;
#615 = DIRECTION ( 'NONE',  ( 0.000000000000000000, 1.000000000000000000, 0.000000000000000000 ) ) ;
#616 = CARTESIAN_POINT ( 'NONE',  ( -0.4119634183403929617, -6.430000000009997940, 4.467272755180991872 ) ) ;
#617 = VECTOR ( 'NONE', #3309, 1000.000000000000000 ) ;
#618 = EDGE_CURVE ( 'NONE', #1359, #370, #4095, .T. ) ;
#619 = CARTESIAN_POINT ( 'NONE',  ( -1.049999999779769100, 0.1699970022154070337, -5.907410600293708569 ) ) ;
#620 = AXIS2_PLACEMENT_3D ( 'NONE', #701, #3111, #4284 ) ;
#621 = CARTESIAN_POINT ( 'NONE',  ( 1.114053288227325300, 0.4159023092152250300, 4.734421465561609033 ) ) ;
#622 = EDGE_LOOP ( 'NONE', ( #2204, #1903, #1128, #1177 ) ) ;
#623 = ORIENTED_EDGE ( 'NONE', *, *, #4429, .T. ) ;
#624 = LINE ( 'NONE', #3888, #3037 ) ;
#625 = DIRECTION ( 'NONE',  ( 0.2425356250420198090, -0.9701425001439102358, 0.000000000000000000 ) ) ;
#626 = EDGE_LOOP ( 'NONE', ( #3010, #265, #3909, #3832, #4796, #1945, #5043, #3810, #1164, #4086, #3242, #2919, #1298, #2283, #707, #4173, #2722, #2112, #4975, #4818, #3375, #4567, #2873 ) ) ;
#627 = AXIS2_PLACEMENT_3D ( 'NONE', #782, #2878, #4391 ) ;
#628 = CARTESIAN_POINT ( 'NONE',  ( 0.000000000000000000, -5.130000000065138011, 0.000000000000000000 ) ) ;
#629 = FACE_OUTER_BOUND ( 'NONE', #3764, .T. ) ;
#630 = EDGE_CURVE ( 'NONE', #5094, #3581, #4602, .T. ) ;
#631 = EDGE_CURVE ( 'NONE', #4872, #1333, #58, .T. ) ;
#632 = LINE ( 'NONE', #3946, #3796 ) ;
#633 = ORIENTED_EDGE ( 'NONE', *, *, #4947, .F. ) ;
#634 = AXIS2_PLACEMENT_3D ( 'NONE', #2285, #3978, #348 ) ;
#635 = CARTESIAN_POINT ( 'NONE',  ( -0.5493346576097902778, -6.629999999999999893, -3.672597073785361044 ) ) ;
#636 = PLANE ( 'NONE',  #3394 ) ;
#637 = ORIENTED_EDGE ( 'NONE', *, *, #4595, .F. ) ;
#638 = EDGE_CURVE ( 'NONE', #3845, #1810, #46, .T. ) ;
#639 = CARTESIAN_POINT ( 'NONE',  ( 1.516209747773168415, 7.628578643768046064, -4.236874791719117184 ) ) ;
#640 = DIRECTION ( 'NONE',  ( 0.000000000000000000, 1.000000000000000000, 0.000000000000000000 ) ) ;
#641 = DIRECTION ( 'NONE',  ( 0.000000000000000000, 1.000000000000000000, 0.000000000000000000 ) ) ;
#642 = AXIS2_PLACEMENT_3D ( 'NONE', #4667, #3441, #1460 ) ;
#643 = ORIENTED_EDGE ( 'NONE', *, *, #1783, .T. ) ;
#644 = CARTESIAN_POINT ( 'NONE',  ( -1.415122457312630866, 0.6518102733505318769, -4.337382114930169230 ) ) ;
#645 = DIRECTION ( 'NONE',  ( 1.000000000000000000, 0.000000000000000000, 0.000000000000000000 ) ) ;
#646 = CARTESIAN_POINT ( 'NONE',  ( -3.345533177813003078, -2.606410353508804345, 4.981188302857023409 ) ) ;
#647 = CARTESIAN_POINT ( 'NONE',  ( 0.7178940572233561968, -4.280000000003335359, -5.452946737554236201 ) ) ;
#648 = ORIENTED_EDGE ( 'NONE', *, *, #66, .T. ) ;
#649 = ORIENTED_EDGE ( 'NONE', *, *, #544, .F. ) ;
#650 = PRESENTATION_STYLE_ASSIGNMENT (( #2642 ) ) ;
#651 = CARTESIAN_POINT ( 'NONE',  ( 0.000000000000000000, -5.129999999999999893, 0.000000000000000000 ) ) ;
#652 = EDGE_LOOP ( 'NONE', ( #4109, #532, #4486, #4346, #49, #3348, #4930 ) ) ;
#653 = CARTESIAN_POINT ( 'NONE',  ( -2.549999999999999822, -2.879999999999999893, 5.593643074136999793 ) ) ;
#654 = ADVANCED_FACE ( 'NONE', ( #4202 ), #2180, .T. ) ;
#655 = MECHANICAL_DESIGN_GEOMETRIC_PRESENTATION_REPRESENTATION (  '', ( #4724 ), #4979 ) ;
#656 = CARTESIAN_POINT ( 'NONE',  ( 3.273946405785156610, -2.579999999999978311, 5.028808670657201496 ) ) ;
#657 = LINE ( 'NONE', #3496, #4308 ) ;
#658 = AXIS2_PLACEMENT_3D ( 'NONE', #1921, #3139, #3561 ) ;
#659 = ORIENTED_EDGE ( 'NONE', *, *, #925, .F. ) ;
#660 = CARTESIAN_POINT ( 'NONE',  ( 0.4119634183403916294, -6.430000000009999717, 2.932727244819008039 ) ) ;
#661 = VECTOR ( 'NONE', #1748, 1000.000000000000000 ) ;
#662 = DIRECTION ( 'NONE',  ( 0.3369354995055868218, 0.000000000000000000, -0.9415277314943626408 ) ) ;
#663 = EDGE_CURVE ( 'NONE', #4151, #4055, #2853, .T. ) ;
#664 = AXIS2_PLACEMENT_3D ( 'NONE', #57, #1693, #3305 ) ;
#665 = ADVANCED_FACE ( 'NONE', ( #294 ), #2535, .F. ) ;
#666 = CARTESIAN_POINT ( 'NONE',  ( 1.516209747775142391, 7.570000000010001173, -4.236874791724632772 ) ) ;
#667 = ORIENTED_EDGE ( 'NONE', *, *, #4716, .F. ) ;
#668 = FACE_OUTER_BOUND ( 'NONE', #3307, .T. ) ;
#669 = CARTESIAN_POINT ( 'NONE',  ( 3.120000000000000551, -5.129999999999999893, -0.9200000000000000400 ) ) ;
#670 = EDGE_LOOP ( 'NONE', ( #2457, #4948, #2523, #1728 ) ) ;
#671 = CARTESIAN_POINT ( 'NONE',  ( -3.354999999999999982, -5.230000000000000426, -0.5849999999999999645 ) ) ;
#672 = LINE ( 'NONE', #1133, #4190 ) ;
#673 = ADVANCED_FACE ( 'NONE', ( #2280 ), #3876, .T. ) ;
#674 = EDGE_CURVE ( 'NONE', #5188, #848, #1418, .T. ) ;
#675 = CARTESIAN_POINT ( 'NONE',  ( 0.5493346576097900558, -6.629999999999999893, -3.727402926214641088 ) ) ;
#676 = CARTESIAN_POINT ( 'NONE',  ( 1.147768441600472755, 0.4672015256404863925, 4.691597295526160671 ) ) ;
#677 = ORIENTED_EDGE ( 'NONE', *, *, #205, .T. ) ;
#678 = VERTEX_POINT ( 'NONE', #1893 ) ;
#679 = CIRCLE ( 'NONE', #592, 4.990000000000000213 ) ;
#680 = CONICAL_SURFACE ( 'NONE', #3981, 5.049999983912800694, 0.1745329252165481182 ) ;
#681 = CARTESIAN_POINT ( 'NONE',  ( 2.275811409322431977, -4.631760537322723970, 4.510096113689762376 ) ) ;
#682 = EDGE_LOOP ( 'NONE', ( #4545, #3233, #1217, #252, #4598, #1791 ) ) ;
#683 = FACE_OUTER_BOUND ( 'NONE', #4261, .T. ) ;
#684 = LINE ( 'NONE', #3495, #1898 ) ;
#685 = CARTESIAN_POINT ( 'NONE',  ( 2.899999999999999911, -10.13000000000000256, 2.250000000000000444 ) ) ;
#686 = CIRCLE ( 'NONE', #4588, 4.500000000000000888 ) ;
#687 = ADVANCED_FACE ( 'NONE', ( #4328 ), #3007, .T. ) ;
#688 = EDGE_LOOP ( 'NONE', ( #736, #2375, #2210, #448, #2703, #3697, #2766, #2226, #3650 ) ) ;
#689 = CARTESIAN_POINT ( 'NONE',  ( -0.03030511540351183558, -6.430000000009999717, 2.950612516797632257 ) ) ;
#690 = B_SPLINE_CURVE_WITH_KNOTS ( 'NONE', 3,
 ( #5069, #4671, #4247, #4274, #3844, #3393 ),
 .UNSPECIFIED., .F., .F.,
 ( 4, 2, 4 ),
 ( 6.316442336716703440E-15, 0.0002578735095408983958, 0.0005157470190754803382 ),
 .UNSPECIFIED. ) ;
#691 = EDGE_CURVE ( 'NONE', #2467, #3324, #4677, .T. ) ;
#692 = LINE ( 'NONE', #1148, #1201 ) ;
#693 = AXIS2_PLACEMENT_3D ( 'NONE', #836, #327, #1943 ) ;
#694 = AXIS2_PLACEMENT_3D ( 'NONE', #1369, #4605, #969 ) ;
#695 = DIRECTION ( 'NONE',  ( 0.7071067811865474617, 0.7071067811865474617, 0.000000000000000000 ) ) ;
#696 = ORIENTED_EDGE ( 'NONE', *, *, #4030, .T. ) ;
#697 = DIRECTION ( 'NONE',  ( 0.000000000000000000, 0.000000000000000000, -1.000000000000000000 ) ) ;
#698 = DIRECTION ( 'NONE',  ( -0.000000000000000000, -1.000000000000000000, -0.000000000000000000 ) ) ;
#699 = ORIENTED_EDGE ( 'NONE', *, *, #3802, .F. ) ;
#700 = DIRECTION ( 'NONE',  ( -0.000000000000000000, 0.000000000000000000, -1.000000000000000000 ) ) ;
#701 = CARTESIAN_POINT ( 'NONE',  ( 2.799999999999999822, -9.730000000000000426, -2.500000000000000000 ) ) ;
#702 = EDGE_CURVE ( 'NONE', #3967, #3364, #4376, .T. ) ;
#703 = ADVANCED_FACE ( 'NONE', ( #1468 ), #1044, .F. ) ;
#704 = DIRECTION ( 'NONE',  ( 0.000000000000000000, 0.000000000000000000, 1.000000000000000000 ) ) ;
#705 = CARTESIAN_POINT ( 'NONE',  ( -0.7178940572154866029, -4.280000000003335359, -5.452946737560967705 ) ) ;
#706 = LINE ( 'NONE', #3066, #1823 ) ;
#707 = ORIENTED_EDGE ( 'NONE', *, *, #5085, .F. ) ;
#708 = ORIENTED_EDGE ( 'NONE', *, *, #3478, .T. ) ;
#709 = PRODUCT_CONTEXT ( 'NONE', #234, 'mechanical' ) ;
#710 = EDGE_CURVE ( 'NONE', #2426, #5058, #3032, .T. ) ;
#711 = CONICAL_SURFACE ( 'NONE', #278, 5.549999964330254443, 0.7853981633408336771 ) ;
#712 = CARTESIAN_POINT ( 'NONE',  ( -4.349993893974659187, -2.580000231013050982, -2.124971190941102872 ) ) ;
#713 = ORIENTED_EDGE ( 'NONE', *, *, #2911, .F. ) ;
#714 = CARTESIAN_POINT ( 'NONE',  ( 0.6433320041540518952, -3.580000000002950156, 4.886591716398971386 ) ) ;
#715 = DIRECTION ( 'NONE',  ( 1.000000000000000000, 0.000000000000000000, 0.000000000000000000 ) ) ;
#716 = CARTESIAN_POINT ( 'NONE',  ( -1.158575625489649541, 0.4815442238189223678, 4.677740677668762004 ) ) ;
#717 = VECTOR ( 'NONE', #4185, 1000.000000000000000 ) ;
#718 = CARTESIAN_POINT ( 'NONE',  ( 0.5394219305969492062, 0.6699999999999980416, 4.525176957271486167 ) ) ;
#719 = CARTESIAN_POINT ( 'NONE',  ( 3.998113539045875520, 7.628578643768044287, -3.348699684746936800 ) ) ;
#720 = AXIS2_PLACEMENT_3D ( 'NONE', #2468, #1238, #3671 ) ;
#721 = ORIENTED_EDGE ( 'NONE', *, *, #3228, .T. ) ;
#722 = FACE_OUTER_BOUND ( 'NONE', #2395, .T. ) ;
#723 = CARTESIAN_POINT ( 'NONE',  ( 2.250000000000000444, -5.129999960900974543, 5.073460314711917718 ) ) ;
#724 = ORIENTED_EDGE ( 'NONE', *, *, #55, .F. ) ;
#725 = DIRECTION ( 'NONE',  ( 0.000000000000000000, -0.000000000000000000, -1.000000000000000000 ) ) ;
#726 = DIRECTION ( 'NONE',  ( 0.000000000000000000, 1.000000000000000000, -0.000000000000000000 ) ) ;
#727 = CARTESIAN_POINT ( 'NONE',  ( 2.249999999521304250, -2.796986475359694690, 5.562148864999905129 ) ) ;
#728 = CARTESIAN_POINT ( 'NONE',  ( 2.100000000000000089, -9.330000000002749871, -2.750000000000000000 ) ) ;
#729 = DIRECTION ( 'NONE',  ( -0.000000000000000000, 1.000000000000000000, -0.000000000000000000 ) ) ;
#730 = CARTESIAN_POINT ( 'NONE',  ( -3.500000000000000000, -4.630000000013484218, 3.640398329741703076 ) ) ;
#731 = EDGE_LOOP ( 'NONE', ( #2692, #5132, #1417, #4946, #3068, #358 ) ) ;
#732 = ORIENTED_EDGE ( 'NONE', *, *, #1992, .T. ) ;
#733 = VECTOR ( 'NONE', #2852, 1000.000000000000000 ) ;
#734 = EDGE_CURVE ( 'NONE', #3546, #5238, #2310, .T. ) ;
#735 = DIRECTION ( 'NONE',  ( -1.000000000000000000, 0.000000000000000000, 0.000000000000000000 ) ) ;
#736 = ORIENTED_EDGE ( 'NONE', *, *, #3725, .T. ) ;
#737 = ORIENTED_EDGE ( 'NONE', *, *, #3183, .F. ) ;
#738 = DIRECTION ( 'NONE',  ( -1.000000000000000000, -0.000000000000000000, -0.000000000000000000 ) ) ;
#739 = CARTESIAN_POINT ( 'NONE',  ( -2.250000000000000444, -2.879999998931249472, -4.521061822184199386 ) ) ;
#740 = FACE_OUTER_BOUND ( 'NONE', #3556, .T. ) ;
#741 = ADVANCED_FACE ( 'NONE', ( #3851 ), #5133, .T. ) ;
#742 = CYLINDRICAL_SURFACE ( 'NONE', #520, 5.049999999999999822 ) ;
#743 = DIRECTION ( 'NONE',  ( -0.000000000000000000, 1.000000000000000000, -0.000000000000000000 ) ) ;
#744 = VERTEX_POINT ( 'NONE', #993 ) ;
#745 = AXIS2_PLACEMENT_3D ( 'NONE', #1203, #2095, #394 ) ;
#746 = CARTESIAN_POINT ( 'NONE',  ( -2.250000000000000444, -4.796379510596782580, -4.706897025713304927 ) ) ;
#747 = AXIS2_PLACEMENT_3D ( 'NONE', #5116, #2165, #1802 ) ;
#748 = DIRECTION ( 'NONE',  ( 0.000000000000000000, 0.000000000000000000, 1.000000000000000000 ) ) ;
#749 = VERTEX_POINT ( 'NONE', #4303 ) ;
#750 = CARTESIAN_POINT ( 'NONE',  ( 0.000000000000000000, -6.430000000009999717, 3.700000000000000178 ) ) ;
#751 = DIRECTION ( 'NONE',  ( 0.000000000000000000, -1.000000000000000000, 0.000000000000000000 ) ) ;
#752 = PLANE ( 'NONE',  #5160 ) ;
#753 = CARTESIAN_POINT ( 'NONE',  ( 0.000000000000000000, -2.580000000000000071, 0.000000000000000000 ) ) ;
#754 = EDGE_CURVE ( 'NONE', #2197, #1335, #3081, .T. ) ;
#755 = PLANE ( 'NONE',  #868 ) ;
#756 = CARTESIAN_POINT ( 'NONE',  ( -0.03310722618868043587, -6.629999999999999893, -1.549646382751270091 ) ) ;
#757 = ORIENTED_EDGE ( 'NONE', *, *, #4395, .F. ) ;
#758 = EDGE_LOOP ( 'NONE', ( #2728, #5198, #5126, #597, #2849 ) ) ;
#759 = EDGE_CURVE ( 'NONE', #3708, #817, #255, .T. ) ;
#760 = EDGE_CURVE ( 'NONE', #1467, #85, #2206, .T. ) ;
#761 = CARTESIAN_POINT ( 'NONE',  ( -2.250000015172885615, -0.08000000000000000167, -5.562148859184013361 ) ) ;
#762 = ORIENTED_EDGE ( 'NONE', *, *, #4182, .F. ) ;
#763 = ORIENTED_EDGE ( 'NONE', *, *, #4785, .F. ) ;
#764 = CIRCLE ( 'NONE', #1871, 6.000000000000000000 ) ;
#765 = LINE ( 'NONE', #3206, #4053 ) ;
#766 = ADVANCED_FACE ( 'NONE', ( #2256 ), #2284, .T. ) ;
#767 = CARTESIAN_POINT ( 'NONE',  ( 1.050000000000000044, 0.6700000000000000400, 4.939635614096180127 ) ) ;
#768 = ORIENTED_EDGE ( 'NONE', *, *, #4462, .T. ) ;
#769 = CARTESIAN_POINT ( 'NONE',  ( -0.5394219305969487621, 0.6699999999999980416, 4.525176957271486167 ) ) ;
#770 = VECTOR ( 'NONE', #3133, 1000.000000000000114 ) ;
#771 = CARTESIAN_POINT ( 'NONE',  ( -1.050000000005295586, 0.1699967455702986463, 4.822401363042961187 ) ) ;
#772 = VERTEX_POINT ( 'NONE', #1075 ) ;
#773 = CARTESIAN_POINT ( 'NONE',  ( 0.02222375129590789880, -6.629999999999999893, -3.150449178984929599 ) ) ;
#774 = CIRCLE ( 'NONE', #4331, 5.049999999999999822 ) ;
#775 = DIRECTION ( 'NONE',  ( -0.1305261922201009783, 0.000000000000000000, 0.9914448613738038318 ) ) ;
#776 = ORIENTED_EDGE ( 'NONE', *, *, #2700, .T. ) ;
#777 = DIRECTION ( 'NONE',  ( 1.000000000000000000, 0.000000000000000000, -0.000000000000000000 ) ) ;
#778 = CARTESIAN_POINT ( 'NONE',  ( 2.250000000621270146, -2.796828059388380971, -5.562148865070465575 ) ) ;
#779 = LINE ( 'NONE', #2391, #2266 ) ;
#780 = CARTESIAN_POINT ( 'NONE',  ( 2.100000000000000089, -5.130000000001667892, -2.750000000001667555 ) ) ;
#781 = CARTESIAN_POINT ( 'NONE',  ( -5.400000000000039435, 0.6700000000024999292, 2.615339366124242559 ) ) ;
#782 = CARTESIAN_POINT ( 'NONE',  ( 0.000000000000000000, -4.080000000010000072, 0.000000000000000000 ) ) ;
#783 = ORIENTED_EDGE ( 'NONE', *, *, #4176, .F. ) ;
#784 = B_SPLINE_CURVE_WITH_KNOTS ( 'NONE', 3,
 ( #1646, #3686, #847, #5230, #2008, #1223, #1587, #4083 ),
 .UNSPECIFIED., .F., .F.,
 ( 4, 2, 2, 4 ),
 ( 0.000000000000000000, 0.0001374783053037995355, 0.0002749566106075990710, 0.0005499132212151989010 ),
 .UNSPECIFIED. ) ;
#785 = ORIENTED_EDGE ( 'NONE', *, *, #4508, .T. ) ;
#786 = DIRECTION ( 'NONE',  ( 0.000000000000000000, -1.000000000000000000, 0.000000000000000000 ) ) ;
#787 = CARTESIAN_POINT ( 'NONE',  ( -2.899999999999999911, -5.080000000000000071, -2.750000000000000000 ) ) ;
#788 = ORIENTED_EDGE ( 'NONE', *, *, #2506, .T. ) ;
#789 = EDGE_LOOP ( 'NONE', ( #4136, #4873, #2992, #659 ) ) ;
#790 = CARTESIAN_POINT ( 'NONE',  ( -3.500000000000000000, -4.959637085766229525, -4.087744985756452287 ) ) ;
#791 = AXIS2_PLACEMENT_3D ( 'NONE', #2405, #362, #336 ) ;
#792 = CARTESIAN_POINT ( 'NONE',  ( -1.080805118607285564, 0.3495431460711779792, 4.776037573952538473 ) ) ;
#793 = VERTEX_POINT ( 'NONE', #2207 ) ;
#794 = CARTESIAN_POINT ( 'NONE',  ( 0.000000000000000000, -5.080000000000000071, 0.000000000000000000 ) ) ;
#795 = VECTOR ( 'NONE', #942, 1000.000000000000000 ) ;
#796 = ADVANCED_FACE ( 'NONE', ( #668 ), #3823, .F. ) ;
#797 = LINE ( 'NONE', #5236, #4302 ) ;
#798 = ORIENTED_EDGE ( 'NONE', *, *, #892, .F. ) ;
#799 = LINE ( 'NONE', #3132, #5091 ) ;
#800 = DIRECTION ( 'NONE',  ( -0.000000000000000000, 1.000000000000000000, 0.000000000000000000 ) ) ;
#801 = ADVANCED_FACE ( 'NONE', ( #4380 ), #5239, .F. ) ;
#802 = ORIENTED_EDGE ( 'NONE', *, *, #1482, .T. ) ;
#803 = AXIS2_PLACEMENT_3D ( 'NONE', #941, #3855, #2159 ) ;
#804 = CARTESIAN_POINT ( 'NONE',  ( 0.3021065067829544204, -6.629999999999999005, -4.262666687132728782 ) ) ;
#805 = DIRECTION ( 'NONE',  ( -0.000000000000000000, 0.000000000000000000, 1.000000000000000000 ) ) ;
#806 = DIRECTION ( 'NONE',  ( 0.000000000000000000, 0.000000000000000000, -1.000000000000000000 ) ) ;
#807 = DIRECTION ( 'NONE',  ( 1.000000000000000000, 0.000000000000000000, -0.000000000000000000 ) ) ;
#808 = LINE ( 'NONE', #1604, #4747 ) ;
#809 = CARTESIAN_POINT ( 'NONE',  ( -2.900000000000049205, -9.330000000013619399, 2.250000000005003109 ) ) ;
#810 = EDGE_CURVE ( 'NONE', #1826, #1742, #5079, .T. ) ;
#811 =( BOUNDED_SURFACE ( )  B_SPLINE_SURFACE ( 3, 3, ( 
 ( #1668, #1322, #2881, #890 ),
 ( #4874, #2932, #4045, #6 ),
 ( #2907, #869, #1271, #1245 ),
 ( #1609, #412, #2033, #2109 ) ),
 .UNSPECIFIED., .F., .F., .T. ) 
 B_SPLINE_SURFACE_WITH_KNOTS ( ( 4, 4 ),
 ( 4, 4 ),
 ( 0.000000000000000000, 1.000000000000000000 ),
 ( 0.000000000000000000, 1.000000000000000000 ),
 .UNSPECIFIED. ) 
 GEOMETRIC_REPRESENTATION_ITEM ( )  RATIONAL_B_SPLINE_SURFACE ( (
 ( 1.000000000000000000, 0.9571608617187691292, 0.9571608617187691292, 1.000000000000000000),
 ( 0.8440298185456490687, 0.8078723084354898498, 0.8078723084354898498, 0.8440298185456490687),
 ( 0.8440298185456490687, 0.8078723084354898498, 0.8078723084354898498, 0.8440298185456490687),
 ( 1.000000000000000000, 0.9571608617187691292, 0.9571608617187691292, 1.000000000000000000) ) ) 
 REPRESENTATION_ITEM ( '' )  SURFACE ( )  );
#812 = ORIENTED_EDGE ( 'NONE', *, *, #55, .T. ) ;
#813 = EDGE_LOOP ( 'NONE', ( #3694, #1302, #585, #364 ) ) ;
#814 = DIRECTION ( 'NONE',  ( 0.000000000000000000, 0.000000000000000000, 1.000000000000000000 ) ) ;
#815 = CARTESIAN_POINT ( 'NONE',  ( -3.200000000000000178, -2.879999999999999893, -5.603686828266000397 ) ) ;
#816 = VECTOR ( 'NONE', #1575, 1000.000000000000000 ) ;
#817 = VERTEX_POINT ( 'NONE', #1989 ) ;
#818 = DIRECTION ( 'NONE',  ( 0.000000000000000000, 0.000000000000000000, 1.000000000000000000 ) ) ;
#819 = LINE ( 'NONE', #418, #1224 ) ;
#820 = VERTEX_POINT ( 'NONE', #3668 ) ;
#821 = CARTESIAN_POINT ( 'NONE',  ( -5.400000000000160227, -0.08000000000000000167, -2.615339366124074250 ) ) ;
#822 = ADVANCED_FACE ( 'NONE', ( #3953 ), #1936, .T. ) ;
#823 = DIRECTION ( 'NONE',  ( 0.000000000000000000, 0.000000000000000000, -1.000000000000000000 ) ) ;
#824 = SURFACE_STYLE_FILL_AREA ( #4028 ) ;
#825 = EDGE_CURVE ( 'NONE', #744, #1836, #2020, .T. ) ;
#826 = EDGE_LOOP ( 'NONE', ( #1532, #1594 ) ) ;
#827 = CARTESIAN_POINT ( 'NONE',  ( 2.100000000009019985, -9.330000000002739213, -2.750000000000000000 ) ) ;
#828 = EDGE_CURVE ( 'NONE', #4978, #3708, #1281, .T. ) ;
#829 = CARTESIAN_POINT ( 'NONE',  ( 1.726531143664600032, 0.5068242500016059138, -4.560090843822980133 ) ) ;
#830 = EDGE_CURVE ( 'NONE', #4795, #2246, #799, .T. ) ;
#831 = VERTEX_POINT ( 'NONE', #4777 ) ;
#832 = CARTESIAN_POINT ( 'NONE',  ( -2.250000000000000444, -2.879999998472499989, -5.562148865322000368 ) ) ;
#833 = DIRECTION ( 'NONE',  ( -0.000000000000000000, 1.000000000000000000, -0.000000000000000000 ) ) ;
#834 = VECTOR ( 'NONE', #4910, 1000.000000000000000 ) ;
#835 = CARTESIAN_POINT ( 'NONE',  ( 0.000000000000000000, -5.130000000009999894, -3.700000000000000178 ) ) ;
#836 = CARTESIAN_POINT ( 'NONE',  ( 0.000000000000000000, -4.280000000010000250, 0.000000000000000000 ) ) ;
#837 = VECTOR ( 'NONE', #2510, 1000.000000000000000 ) ;
#838 = CARTESIAN_POINT ( 'NONE',  ( 3.200000000003472955, -2.580000000004999627, -3.906724971120665746 ) ) ;
#839 = ORIENTED_EDGE ( 'NONE', *, *, #98, .F. ) ;
#840 = LINE ( 'NONE', #4505, #4338 ) ;
#841 = VECTOR ( 'NONE', #1615, 1000.000000000000000 ) ;
#842 = LINE ( 'NONE', #4507, #3502 ) ;
#843 = EDGE_CURVE ( 'NONE', #2300, #4229, #4750, .T. ) ;
#845 = CARTESIAN_POINT ( 'NONE',  ( 0.000000000000000000, 0.7624999999999999556, 0.000000000000000000 ) ) ;
#844 =( BOUNDED_CURVE ( )  B_SPLINE_CURVE ( 3, ( #3186, #1629, #3531, #1962, #3585, #3245, #4805 ),
 .UNSPECIFIED., .F., .T. ) 
 B_SPLINE_CURVE_WITH_KNOTS ( ( 4, 3, 4 ),
 ( 0.9987288651318383392, 1.248728865150111611, 1.498728865168384772 ),
 .UNSPECIFIED. ) 
 CURVE ( )  GEOMETRIC_REPRESENTATION_ITEM ( )  RATIONAL_B_SPLINE_CURVE ( ( 1.000000000000000000, 0.8047378540973030292, 0.8047378540973030292, 1.000000000000000000, 0.8047378540973030292, 0.8047378540973030292, 1.000000000000000000 ) ) 
 REPRESENTATION_ITEM ( '' )  );
#846 = ORIENTED_EDGE ( 'NONE', *, *, #3282, .F. ) ;
#847 = CARTESIAN_POINT ( 'NONE',  ( 3.488836284981919889, -2.788396298242050708, 3.651187251753391205 ) ) ;
#848 = VERTEX_POINT ( 'NONE', #5266 ) ;
#849 = CARTESIAN_POINT ( 'NONE',  ( 2.287796589454893059, -2.714164543214271585, 4.502528355114732150 ) ) ;
#850 = EDGE_CURVE ( 'NONE', #3204, #36, #343, .T. ) ;
#851 = CARTESIAN_POINT ( 'NONE',  ( 3.500000000000000000, -2.880000000183000175, -4.873397172404000166 ) ) ;
#852 = ORIENTED_EDGE ( 'NONE', *, *, #4532, .F. ) ;
#853 = CARTESIAN_POINT ( 'NONE',  ( -0.02222375129590876616, -6.629999999999999893, 3.150449178984930043 ) ) ;
#854 = VECTOR ( 'NONE', #2893, 1000.000000000000000 ) ;
#855 = VECTOR ( 'NONE', #5269, 1000.000000000000000 ) ;
#856 = CARTESIAN_POINT ( 'NONE',  ( -0.6014898701960784688, 0.5068242500016059138, -4.986051392214830180 ) ) ;
#857 = ORIENTED_EDGE ( 'NONE', *, *, #5138, .T. ) ;
#858 = CARTESIAN_POINT ( 'NONE',  ( -0.4725736491474150092, -6.430000000009999717, -4.431502211223744325 ) ) ;
#859 = CARTESIAN_POINT ( 'NONE',  ( 2.100000000006669865, -5.129999999999999893, 0.000000000000000000 ) ) ;
#860 = DIRECTION ( 'NONE',  ( 0.2425356250363089605, -0.9701425001453378716, 0.000000000000000000 ) ) ;
#861 = CIRCLE ( 'NONE', #1122, 4.928757899712365997 ) ;
#862 = DIRECTION ( 'NONE',  ( -0.000000000000000000, -1.000000000000000000, -0.000000000000000000 ) ) ;
#863 = DIRECTION ( 'NONE',  ( 0.000000000000000000, -0.000000000000000000, -1.000000000000000000 ) ) ;
#864 = ORIENTED_EDGE ( 'NONE', *, *, #1015, .F. ) ;
#865 = VERTEX_POINT ( 'NONE', #4439 ) ;
#866 = ADVANCED_FACE ( 'NONE', ( #3639 ), #1178, .F. ) ;
#867 = EDGE_CURVE ( 'NONE', #3594, #5051, #1129, .T. ) ;
#868 = AXIS2_PLACEMENT_3D ( 'NONE', #4761, #3648, #3141 ) ;
#869 = CARTESIAN_POINT ( 'NONE',  ( 0.5678372807618441431, 0.6700000220364314973, 4.787150612740425970 ) ) ;
#870 = DIRECTION ( 'NONE',  ( 0.2425356250458400587, -0.9701425001429552220, 0.000000000000000000 ) ) ;
#871 = EDGE_CURVE ( 'NONE', #548, #1585, #4153, .T. ) ;
#872 = ORIENTED_EDGE ( 'NONE', *, *, #2506, .F. ) ;
#873 = CARTESIAN_POINT ( 'NONE',  ( 0.000000000000000000, 0.6700000000000000400, -4.500000000000000888 ) ) ;
#874 = ORIENTED_EDGE ( 'NONE', *, *, #618, .T. ) ;
#875 = DIRECTION ( 'NONE',  ( -1.000000000000000000, -0.000000000000000000, -0.000000000000000000 ) ) ;
#876 = CARTESIAN_POINT ( 'NONE',  ( -2.900000000003335021, -5.130000000003335003, 2.750000000005002221 ) ) ;
#877 = PRESENTATION_STYLE_ASSIGNMENT (( #4518 ) ) ;
#878 = ORIENTED_EDGE ( 'NONE', *, *, #3291, .T. ) ;
#879 = LINE ( 'NONE', #2488, #424 ) ;
#880 = AXIS2_PLACEMENT_3D ( 'NONE', #4715, #3921, #1092 ) ;
#881 = DIRECTION ( 'NONE',  ( 0.2425356250458370888, 0.9701425001429558881, 0.000000000000000000 ) ) ;
#882 = ORIENTED_EDGE ( 'NONE', *, *, #1265, .T. ) ;
#883 = FACE_OUTER_BOUND ( 'NONE', #4640, .T. ) ;
#884 = CARTESIAN_POINT ( 'NONE',  ( 1.049999999256880479, -4.280000000006669580, -5.907410600386649335 ) ) ;
#885 = CARTESIAN_POINT ( 'NONE',  ( -2.250000000000000444, -2.879999998931249472, -4.521061822184199386 ) ) ;
#886 = CARTESIAN_POINT ( 'NONE',  ( 0.000000000000000000, -5.129999999999999893, -0.5400000000066671468 ) ) ;
#887 = AXIS2_PLACEMENT_3D ( 'NONE', #223, #2327, #3122 ) ;
#888 = ORIENTED_EDGE ( 'NONE', *, *, #3693, .T. ) ;
#889 = ORIENTED_EDGE ( 'NONE', *, *, #1353, .T. ) ;
#890 = CARTESIAN_POINT ( 'NONE',  ( -1.742140006958113219, 0.2568245677624113599, 4.601316729381623283 ) ) ;
#891 = CIRCLE ( 'NONE', #3853, 0.2000000000000000389 ) ;
#892 = EDGE_CURVE ( 'NONE', #865, #4150, #3557, .T. ) ;
#893 = DIRECTION ( 'NONE',  ( -1.000000000000000000, 0.000000000000000000, 0.000000000000000000 ) ) ;
#894 = PRODUCT_RELATED_PRODUCT_CATEGORY ( 'part', '', ( #2498 ) ) ;
#895 = EDGE_LOOP ( 'NONE', ( #2974, #699 ) ) ;
#896 = ORIENTED_EDGE ( 'NONE', *, *, #2549, .F. ) ;
#897 = ADVANCED_FACE ( 'NONE', ( #722 ), #3889, .T. ) ;
#898 = CARTESIAN_POINT ( 'NONE',  ( 2.100000000000000089, -5.080000000000000071, -2.750000000000000000 ) ) ;
#899 = ORIENTED_EDGE ( 'NONE', *, *, #3913, .F. ) ;
#900 = DIRECTION ( 'NONE',  ( 0.000000000000000000, 1.000000000000000000, 0.000000000000000000 ) ) ;
#901 = CARTESIAN_POINT ( 'NONE',  ( 0.000000000000000000, -5.129999999999999893, 0.000000000000000000 ) ) ;
#902 = FACE_OUTER_BOUND ( 'NONE', #2124, .T. ) ;
#903 = ORIENTED_EDGE ( 'NONE', *, *, #5080, .F. ) ;
#904 = CARTESIAN_POINT ( 'NONE',  ( -0.3664591956503300829, -6.629999999999999005, -3.017477853153183176 ) ) ;
#905 = EDGE_CURVE ( 'NONE', #3017, #2965, #1280, .T. ) ;
#906 = CARTESIAN_POINT ( 'NONE',  ( 1.742140005292900806, 0.2568244124350673174, -4.601316759298004655 ) ) ;
#907 = VERTEX_POINT ( 'NONE', #1751 ) ;
#908 = LINE ( 'NONE', #2518, #3538 ) ;
#909 = LINE ( 'NONE', #4120, #2421 ) ;
#910 = CARTESIAN_POINT ( 'NONE',  ( 0.000000000000000000, -0.4800000026534689823, -5.049999983912800694 ) ) ;
#911 = ORIENTED_EDGE ( 'NONE', *, *, #3459, .T. ) ;
#912 = VECTOR ( 'NONE', #2383, 1000.000000000000000 ) ;
#913 = CARTESIAN_POINT ( 'NONE',  ( 0.6513256968646041756, -4.280000003120676411, -4.947309840680985893 ) ) ;
#914 = CARTESIAN_POINT ( 'NONE',  ( 0.4725736491437237952, -6.547157287530735559, 4.431502211218032450 ) ) ;
#915 = EDGE_CURVE ( 'NONE', #3756, #610, #4090, .T. ) ;
#916 = CIRCLE ( 'NONE', #4489, 6.000000000000000000 ) ;
#917 = CARTESIAN_POINT ( 'NONE',  ( -0.03310722618868043587, -6.629999999999999893, -1.549646382751270091 ) ) ;
#918 = CARTESIAN_POINT ( 'NONE',  ( 0.000000000000000000, -0.4800000028239992389, 0.000000000000000000 ) ) ;
#919 = ORIENTED_EDGE ( 'NONE', *, *, #2561, .F. ) ;
#920 = ORIENTED_EDGE ( 'NONE', *, *, #2153, .T. ) ;
#921 = EDGE_CURVE ( 'NONE', #1433, #552, #879, .T. ) ;
#922 = CARTESIAN_POINT ( 'NONE',  ( -2.300000000005423040, -10.13000000000366718, 2.750000000003334666 ) ) ;
#923 = ORIENTED_EDGE ( 'NONE', *, *, #3391, .T. ) ;
#924 = DIRECTION ( 'NONE',  ( 0.000000000000000000, 1.000000000000000000, 0.000000000000000000 ) ) ;
#925 = EDGE_CURVE ( 'NONE', #2323, #1659, #4114, .T. ) ;
#926 =( NAMED_UNIT ( * ) PLANE_ANGLE_UNIT ( ) SI_UNIT ( $, .RADIAN. ) );
#927 = ORIENTED_EDGE ( 'NONE', *, *, #2372, .T. ) ;
#928 = FACE_OUTER_BOUND ( 'NONE', #1676, .T. ) ;
#929 = ORIENTED_EDGE ( 'NONE', *, *, #4030, .F. ) ;
#930 = CARTESIAN_POINT ( 'NONE',  ( 1.050000000000507860, 0.1699989920611880700, -4.822400957631757024 ) ) ;
#931 = ORIENTED_EDGE ( 'NONE', *, *, #1419, .F. ) ;
#932 = EDGE_CURVE ( 'NONE', #3479, #1106, #477, .T. ) ;
#933 = DIRECTION ( 'NONE',  ( 0.000000000000000000, -1.000000000000000000, -0.000000000000000000 ) ) ;
#934 = VECTOR ( 'NONE', #4655, 1000.000000000000000 ) ;
#935 = CARTESIAN_POINT ( 'NONE',  ( -1.049999999779769100, 0.1699970022154070337, -5.907410600293708569 ) ) ;
#936 = PRESENTATION_LAYER_ASSIGNMENT (  '', '', ( #2538 ) ) ;
#937 = CARTESIAN_POINT ( 'NONE',  ( 0.000000000000000000, -5.130000000065138011, 0.000000000000000000 ) ) ;
#938 = ORIENTED_EDGE ( 'NONE', *, *, #4793, .T. ) ;
#939 = DIRECTION ( 'NONE',  ( 0.000000000000000000, -0.000000000000000000, 1.000000000000000000 ) ) ;
#940 = CIRCLE ( 'NONE', #5007, 0.09999999999999982514 ) ;
#941 = CARTESIAN_POINT ( 'NONE',  ( 0.000000000000000000, -4.079999983900961524, 0.000000000000000000 ) ) ;
#942 = DIRECTION ( 'NONE',  ( 0.000000000000000000, -0.000000000000000000, -1.000000000000000000 ) ) ;
#943 = CIRCLE ( 'NONE', #5009, 0.7499999999999997780 ) ;
#944 = LINE ( 'NONE', #4154, #4423 ) ;
#945 = CARTESIAN_POINT ( 'NONE',  ( 1.049999999558721697, -0.08000000000000000167, 5.907410600332998918 ) ) ;
#946 = VECTOR ( 'NONE', #4259, 1000.000000000000000 ) ;
#947 = ORIENTED_EDGE ( 'NONE', *, *, #2388, .T. ) ;
#948 = ORIENTED_EDGE ( 'NONE', *, *, #4075, .F. ) ;
#949 = CARTESIAN_POINT ( 'NONE',  ( -1.550000000010001155, 0.6699999999999999289, -4.147505116722029150 ) ) ;
#950 = PLANE ( 'NONE',  #3882 ) ;
#951 = ORIENTED_EDGE ( 'NONE', *, *, #3158, .F. ) ;
#952 = CARTESIAN_POINT ( 'NONE',  ( 0.5493346576097895007, -6.629999999999999893, 3.672597073785359267 ) ) ;
#953 = DIRECTION ( 'NONE',  ( 0.000000000000000000, -1.000000000000000000, 0.000000000000000000 ) ) ;
#954 = CARTESIAN_POINT ( 'NONE',  ( 0.000000000000000000, -6.430000000009999717, 0.000000000000000000 ) ) ;
#955 = ORIENTED_EDGE ( 'NONE', *, *, #4843, .F. ) ;
#956 = CARTESIAN_POINT ( 'NONE',  ( -0.5654889490490216941, -6.629999999999999005, 3.403209854016426839 ) ) ;
#957 = B_SPLINE_CURVE_WITH_KNOTS ( 'NONE', 3,
 ( #4144, #4568, #1308, #557, #505, #3718 ),
 .UNSPECIFIED., .F., .F.,
 ( 4, 2, 4 ),
 ( 3.603643225227471563E-14, 0.0002587519625595146688, 0.0005175039250829928427 ),
 .UNSPECIFIED. ) ;
#958 = EDGE_CURVE ( 'NONE', #1711, #1861, #4496, .T. ) ;
#959 = CARTESIAN_POINT ( 'NONE',  ( -0.03737912633088870396, -6.547157287530735559, -1.749600754713554140 ) ) ;
#960 = ORIENTED_EDGE ( 'NONE', *, *, #1865, .T. ) ;
#961 = DIRECTION ( 'NONE',  ( 1.000000000000000000, 0.000000000000000000, 0.000000000000000000 ) ) ;
#962 = AXIS2_PLACEMENT_3D ( 'NONE', #1172, #5176, #390 ) ;
#963 = CARTESIAN_POINT ( 'NONE',  ( 0.000000000000000000, -6.430000000009999717, 0.000000000000000000 ) ) ;
#964 = EDGE_CURVE ( 'NONE', #4557, #2429, #957, .T. ) ;
#965 = VECTOR ( 'NONE', #875, 1000.000000000000000 ) ;
#966 = LINE ( 'NONE', #2496, #1529 ) ;
#967 = ORIENTED_EDGE ( 'NONE', *, *, #5055, .F. ) ;
#968 = VECTOR ( 'NONE', #5190, 1000.000000000000000 ) ;
#969 = DIRECTION ( 'NONE',  ( 0.3512856464552099323, 0.000000000000000000, 0.9362683347174277637 ) ) ;
#970 = CARTESIAN_POINT ( 'NONE',  ( 3.500000000000000000, -2.879998866970224558, 3.640398224237369362 ) ) ;
#971 = CARTESIAN_POINT ( 'NONE',  ( -0.4119634183371754799, -6.547157287530735559, 4.467272755175000221 ) ) ;
#972 = EDGE_CURVE ( 'NONE', #1503, #276, #1724, .T. ) ;
#973 = CARTESIAN_POINT ( 'NONE',  ( -2.900000000009999912, -9.330000000029960106, 2.750000000000000000 ) ) ;
#974 = DIRECTION ( 'NONE',  ( -0.9701425001453378716, -0.2425356250363089605, 0.000000000000000000 ) ) ;
#975 = VERTEX_POINT ( 'NONE', #64 ) ;
#976 = ORIENTED_EDGE ( 'NONE', *, *, #3873, .F. ) ;
#977 = DIRECTION ( 'NONE',  ( -1.000000000000000000, 0.000000000000000000, -0.000000000000000000 ) ) ;
#978 = VECTOR ( 'NONE', #4893, 1000.000000000000000 ) ;
#979 = DIRECTION ( 'NONE',  ( 0.000000000000000000, 0.000000000000000000, 1.000000000000000000 ) ) ;
#980 = ORIENTED_EDGE ( 'NONE', *, *, #3674, .T. ) ;
#981 = DIRECTION ( 'NONE',  ( 0.000000000000000000, -1.000000000000000000, 0.000000000000000000 ) ) ;
#982 =( BOUNDED_CURVE ( )  B_SPLINE_CURVE ( 3, ( #5175, #1145, #5066, #1037 ),
 .UNSPECIFIED., .F., .T. ) 
 B_SPLINE_CURVE_WITH_KNOTS ( ( 4, 4 ),
 ( 0.2579326927933722757, 0.7579326927933727198 ),
 .UNSPECIFIED. ) 
 CURVE ( )  GEOMETRIC_REPRESENTATION_ITEM ( )  RATIONAL_B_SPLINE_CURVE ( ( 1.000000000000000000, 0.3333333333333325932, 0.3333333333333325932, 1.000000000000000000 ) ) 
 REPRESENTATION_ITEM ( '' )  );
#983 = DIRECTION ( 'NONE',  ( 0.000000000000000000, -1.000000000000000000, 0.000000000000000000 ) ) ;
#984 = CARTESIAN_POINT ( 'NONE',  ( -2.700000000000000178, -10.13000000000000256, -2.750000000000000000 ) ) ;
#985 = VERTEX_POINT ( 'NONE', #89 ) ;
#986 = PLANE ( 'NONE',  #791 ) ;
#987 = VERTEX_POINT ( 'NONE', #3365 ) ;
#988 = CARTESIAN_POINT ( 'NONE',  ( 2.740000000005002878, -5.130000000005002114, -0.9200000000033334846 ) ) ;
#989 = CIRCLE ( 'NONE', #2336, 5.550000006167010724 ) ;
#990 = ORIENTED_EDGE ( 'NONE', *, *, #2281, .T. ) ;
#991 = EDGE_CURVE ( 'NONE', #749, #224, #3340, .T. ) ;
#992 = CYLINDRICAL_SURFACE ( 'NONE', #3791, 0.2999999999999999334 ) ;
#993 = CARTESIAN_POINT ( 'NONE',  ( 1.550000000009999379, 0.6699999999999998179, -4.147505116722029150 ) ) ;
#994 = ADVANCED_FACE ( 'NONE', ( #928 ), #261, .T. ) ;
#995 = SURFACE_SIDE_STYLE ('',( #1790 ) ) ;
#996 = VERTEX_POINT ( 'NONE', #5042 ) ;
#997 = CARTESIAN_POINT ( 'NONE',  ( -1.074019700000310218, 0.3499659492984392717, -4.784634487018856852 ) ) ;
#998 = CARTESIAN_POINT ( 'NONE',  ( 0.5493169624096715387, -6.629999999999999893, 3.672597905025134946 ) ) ;
#999 = CARTESIAN_POINT ( 'NONE',  ( 2.250000000000000444, -4.962790986068488230, -4.890545746396244731 ) ) ;
#1000 = CARTESIAN_POINT ( 'NONE',  ( 1.050000000000000044, 0.1699954759323965281, 4.822401592160734829 ) ) ;
#1001 = ORIENTED_EDGE ( 'NONE', *, *, #2680, .T. ) ;
#1002 = ORIENTED_EDGE ( 'NONE', *, *, #3872, .T. ) ;
#1003 = DIRECTION ( 'NONE',  ( 0.000000000000000000, -1.000000000000000000, -0.000000000000000000 ) ) ;
#1004 = CARTESIAN_POINT ( 'NONE',  ( 2.475026498784463236, -2.579999999998750404, 5.466361126809580639 ) ) ;
#1005 = CONICAL_SURFACE ( 'NONE', #1262, 5.549999964330254443, 0.7853981633408336771 ) ;
#1006 = CIRCLE ( 'NONE', #658, 5.549999964330254443 ) ;
#1007 = ORIENTED_EDGE ( 'NONE', *, *, #2637, .T. ) ;
#1008 = CARTESIAN_POINT ( 'NONE',  ( 2.100000000003335199, -5.130000000003335003, 2.250000000003335110 ) ) ;
#1009 = CARTESIAN_POINT ( 'NONE',  ( 3.461822383106793133, -6.547157287530736447, -1.824359007397658550 ) ) ;
#1010 = DIRECTION ( 'NONE',  ( 1.000000000000000000, 0.000000000000000000, -0.000000000000000000 ) ) ;
#1011 = ORIENTED_EDGE ( 'NONE', *, *, #3483, .F. ) ;
#1012 = LINE ( 'NONE', #2622, #4409 ) ;
#1013 = ORIENTED_EDGE ( 'NONE', *, *, #674, .F. ) ;
#1014 = FACE_OUTER_BOUND ( 'NONE', #3974, .T. ) ;
#1015 = EDGE_CURVE ( 'NONE', #3090, #2588, #764, .T. ) ;
#1016 = ORIENTED_EDGE ( 'NONE', *, *, #4470, .F. ) ;
#1017 = CARTESIAN_POINT ( 'NONE',  ( 0.000000000000000000, -4.280000003120676411, 0.000000000000000000 ) ) ;
#1018 = DIRECTION ( 'NONE',  ( 0.2425356250344179176, -0.9701425001458107156, 0.000000000000000000 ) ) ;
#1019 =( LENGTH_UNIT ( ) NAMED_UNIT ( * ) SI_UNIT ( .MILLI., .METRE. ) );
#1020 = ORIENTED_EDGE ( 'NONE', *, *, #3913, .T. ) ;
#1021 = CARTESIAN_POINT ( 'NONE',  ( -3.200000000000000178, -2.879999999999999893, -5.603686828266000397 ) ) ;
#1022 = CARTESIAN_POINT ( 'NONE',  ( 0.6859455879463587369, -6.629999999999999893, 4.060010379558700144 ) ) ;
#1023 = DIRECTION ( 'NONE',  ( 0.000000000000000000, 0.000000000000000000, 1.000000000000000000 ) ) ;
#1024 = EDGE_CURVE ( 'NONE', #4092, #4617, #1528, .T. ) ;
#1025 = EDGE_CURVE ( 'NONE', #4799, #1755, #497, .T. ) ;
#1026 = DIRECTION ( 'NONE',  ( 0.000000000000000000, 0.000000000000000000, 1.000000000000000000 ) ) ;
#1027 = AXIS2_PLACEMENT_3D ( 'NONE', #3724, #2928, #25 ) ;
#1028 = ORIENTED_EDGE ( 'NONE', *, *, #1058, .T. ) ;
#1029 = ORIENTED_EDGE ( 'NONE', *, *, #702, .F. ) ;
#1030 = CARTESIAN_POINT ( 'NONE',  ( 2.300000000004307932, -10.13000000000490886, 2.250000000005002665 ) ) ;
#1031 = AXIS2_PLACEMENT_3D ( 'NONE', #845, #356, #9 ) ;
#1032 = DIRECTION ( 'NONE',  ( 0.000000000000000000, -1.000000000000000000, 0.000000000000000000 ) ) ;
#1033 = EDGE_CURVE ( 'NONE', #2965, #521, #679, .T. ) ;
#1034 = VERTEX_POINT ( 'NONE', #153 ) ;
#1035 = FACE_OUTER_BOUND ( 'NONE', #2086, .T. ) ;
#1036 = DIRECTION ( 'NONE',  ( -0.000000000000000000, -1.000000000000000000, 0.000000000000000000 ) ) ;
#1037 = CARTESIAN_POINT ( 'NONE',  ( 0.5493346576097900558, -6.629999999999999893, -3.727402926214641088 ) ) ;
#1038 = VERTEX_POINT ( 'NONE', #3026 ) ;
#1039 = CARTESIAN_POINT ( 'NONE',  ( -0.02695770478747987545, -6.629999999999999005, 3.033387572539622212 ) ) ;
#1040 = VERTEX_POINT ( 'NONE', #635 ) ;
#1041 = CARTESIAN_POINT ( 'NONE',  ( -3.132399991701422248, -6.629999999999999005, -1.483431930393265041 ) ) ;
#1042 = ORIENTED_EDGE ( 'NONE', *, *, #4429, .F. ) ;
#1043 = CARTESIAN_POINT ( 'NONE',  ( -4.700000000000000178, -4.879999999999999893, 0.000000000000000000 ) ) ;
#1044 = PLANE ( 'NONE',  #1115 ) ;
#1045 = DIRECTION ( 'NONE',  ( 0.000000000000000000, -1.000000000000000000, 0.000000000000000000 ) ) ;
#1046 = ORIENTED_EDGE ( 'NONE', *, *, #4822, .F. ) ;
#1047 = DIRECTION ( 'NONE',  ( 0.000000000000000000, 0.000000000000000000, -1.000000000000000000 ) ) ;
#1048 = CARTESIAN_POINT ( 'NONE',  ( 6.035987585658525635E-16, -3.580000002102678991, 4.928757899715260571 ) ) ;
#1049 = VECTOR ( 'NONE', #1385, 1000.000000000000000 ) ;
#1050 = MECHANICAL_DESIGN_GEOMETRIC_PRESENTATION_REPRESENTATION (  '', ( #3682 ), #4352 ) ;
#1051 = EDGE_CURVE ( 'NONE', #1925, #5265, #3897, .T. ) ;
#1052 = CARTESIAN_POINT ( 'NONE',  ( 3.030000000006670025, -5.129999999999999893, 0.000000000000000000 ) ) ;
#1053 = VECTOR ( 'NONE', #454, 1000.000000000000000 ) ;
#1054 = CARTESIAN_POINT ( 'NONE',  ( -3.500000000000000000, -4.959637103229638910, 4.087745008257534174 ) ) ;
#1055 = ORIENTED_EDGE ( 'NONE', *, *, #4679, .T. ) ;
#1056 = ORIENTED_EDGE ( 'NONE', *, *, #2618, .F. ) ;
#1057 = FACE_OUTER_BOUND ( 'NONE', #1391, .T. ) ;
#1058 = EDGE_CURVE ( 'NONE', #1914, #1607, #1012, .T. ) ;
#1059 = EDGE_CURVE ( 'NONE', #27, #1671, #690, .T. ) ;
#1060 = CARTESIAN_POINT ( 'NONE',  ( 0.000000000000000000, -5.129999999999999893, -4.990000000000000213 ) ) ;
#1061 = EDGE_CURVE ( 'NONE', #2246, #4100, #2252, .T. ) ;
#1062 = ORIENTED_EDGE ( 'NONE', *, *, #313, .F. ) ;
#1063 = VECTOR ( 'NONE', #1348, 1000.000000000000000 ) ;
#1064 = DIRECTION ( 'NONE',  ( 0.000000000000000000, 0.000000000000000000, 1.000000000000000000 ) ) ;
#1065 = LINE ( 'NONE', #3417, #4773 ) ;
#1066 = CARTESIAN_POINT ( 'NONE',  ( -1.052568500463918255, 0.2283104190456096416, -4.811320695387888868 ) ) ;
#1067 = ORIENTED_EDGE ( 'NONE', *, *, #3318, .T. ) ;
#1068 = VECTOR ( 'NONE', #3294, 1000.000000000000000 ) ;
#1069 = CARTESIAN_POINT ( 'NONE',  ( 0.7359235698111986634, -6.547157287530736447, 3.234341500369393163 ) ) ;
#1070 = CARTESIAN_POINT ( 'NONE',  ( -3.369163531351559993, -6.629999999999998117, -1.595557647287796588 ) ) ;
#1071 = CARTESIAN_POINT ( 'NONE',  ( 4.197875435871656791, 7.669999999999999041, 1.502253423188213421 ) ) ;
#1072 = EDGE_CURVE ( 'NONE', #4571, #1414, #209, .T. ) ;
#1073 = ADVANCED_FACE ( 'NONE', ( #3471 ), #3077, .T. ) ;
#1074 = VERTEX_POINT ( 'NONE', #2276 ) ;
#1075 = CARTESIAN_POINT ( 'NONE',  ( 2.900000000002500133, -5.129999999999999893, 2.250000000003335110 ) ) ;
#1076 = CARTESIAN_POINT ( 'NONE',  ( 1.049999999629018133, 0.1699985667226843189, -5.907410600386547195 ) ) ;
#1077 = AXIS2_PLACEMENT_3D ( 'NONE', #4891, #1263, #2876 ) ;
#1078 = ORIENTED_EDGE ( 'NONE', *, *, #3344, .T. ) ;
#1079 = CARTESIAN_POINT ( 'NONE',  ( 3.030000000005002470, -5.230000000003335536, -0.5400000000050003690 ) ) ;
#1080 = DIRECTION ( 'NONE',  ( 0.000000000000000000, 1.000000000000000000, 0.000000000000000000 ) ) ;
#1081 = CYLINDRICAL_SURFACE ( 'NONE', #4084, 5.049999999999999822 ) ;
#1082 = FACE_OUTER_BOUND ( 'NONE', #3684, .T. ) ;
#1083 = ORIENTED_EDGE ( 'NONE', *, *, #5145, .F. ) ;
#1084 = ORIENTED_EDGE ( 'NONE', *, *, #4843, .T. ) ;
#1085 = EDGE_CURVE ( 'NONE', #5261, #4710, #1817, .T. ) ;
#1086 = SHAPE_DEFINITION_REPRESENTATION ( #2455, #4487 ) ;
#1087 = ADVANCED_FACE ( 'NONE', ( #4624 ), #986, .T. ) ;
#1088 = DIRECTION ( 'NONE',  ( 0.000000000000000000, 0.000000000000000000, -1.000000000000000000 ) ) ;
#1089 = ORIENTED_EDGE ( 'NONE', *, *, #3314, .T. ) ;
#1090 = LINE ( 'NONE', #2699, #4960 ) ;
#1091 = CIRCLE ( 'NONE', #5071, 6.000000000000000000 ) ;
#1092 = DIRECTION ( 'NONE',  ( 0.000000000000000000, 0.000000000000000000, 1.000000000000000000 ) ) ;
#1093 = PLANE ( 'NONE',  #3119 ) ;
#1094 = EDGE_LOOP ( 'NONE', ( #1252, #3422, #427, #1083 ) ) ;
#1095 = CARTESIAN_POINT ( 'NONE',  ( 3.500000000000000000, -5.130000000049317777, 4.307261310871947302 ) ) ;
#1096 = AXIS2_PLACEMENT_3D ( 'NONE', #3815, #502, #2620 ) ;
#1097 = DIRECTION ( 'NONE',  ( -0.9987581134721299492, 0.000000000000000000, 0.04982199086339157007 ) ) ;
#1098 = EDGE_CURVE ( 'NONE', #3919, #4162, #1910, .T. ) ;
#1099 = EDGE_CURVE ( 'NONE', #5094, #1978, #3532, .T. ) ;
#1100 = AXIS2_PLACEMENT_3D ( 'NONE', #5006, #3384, #979 ) ;
#1101 = CARTESIAN_POINT ( 'NONE',  ( 3.274284135485464375, 7.669999999999999929, 3.909266572116152361 ) ) ;
#1102 = ORIENTED_EDGE ( 'NONE', *, *, #843, .T. ) ;
#1103 = CARTESIAN_POINT ( 'NONE',  ( -2.250000000000000444, -4.589838732266506405, 4.521061822182929291 ) ) ;
#1104 = CARTESIAN_POINT ( 'NONE',  ( -5.125049898676389937, 7.628578643768044287, 0.9656940429235999490 ) ) ;
#1105 = ADVANCED_FACE ( 'NONE', ( #3924 ), #3604, .F. ) ;
#1106 = VERTEX_POINT ( 'NONE', #1536 ) ;
#1107 = CARTESIAN_POINT ( 'NONE',  ( -0.5493169624096715387, -6.429999999999999716, 3.727402094974865410 ) ) ;
#1108 = DIRECTION ( 'NONE',  ( 0.1305261922297062949, 0.000000000000000000, -0.9914448613725392878 ) ) ;
#1109 = DIRECTION ( 'NONE',  ( 0.000000000000000000, 0.000000000000000000, 1.000000000000000000 ) ) ;
#1110 = DIRECTION ( 'NONE',  ( 0.000000000000000000, -1.000000000000000000, -0.000000000000000000 ) ) ;
#1111 = DIRECTION ( 'NONE',  ( -0.000000000000000000, 1.000000000000000000, -0.000000000000000000 ) ) ;
#1112 = EDGE_LOOP ( 'NONE', ( #2750, #1472, #927, #2930 ) ) ;
#1113 = VERTEX_POINT ( 'NONE', #4023 ) ;
#1114 =( NAMED_UNIT ( * ) SI_UNIT ( $, .STERADIAN. ) SOLID_ANGLE_UNIT ( ) );
#1115 = AXIS2_PLACEMENT_3D ( 'NONE', #4725, #3503, #2711 ) ;
#1116 =( GEOMETRIC_REPRESENTATION_CONTEXT ( 3 ) GLOBAL_UNCERTAINTY_ASSIGNED_CONTEXT ( ( #5199 ) ) GLOBAL_UNIT_ASSIGNED_CONTEXT ( ( #1019, #2712, #3908 ) ) REPRESENTATION_CONTEXT ( 'NONE', 'WORKASPACE' ) );
#1117 = CARTESIAN_POINT ( 'NONE',  ( 2.275282818172915889, -4.617815344574640157, 4.509048576587436408 ) ) ;
#1118 = ORIENTED_EDGE ( 'NONE', *, *, #3551, .T. ) ;
#1119 = CARTESIAN_POINT ( 'NONE',  ( 2.700000000004910472, -10.13000000000710088, 2.750000000000000000 ) ) ;
#1120 = AXIS2_PLACEMENT_3D ( 'NONE', #3102, #3152, #1983 ) ;
#1121 = LINE ( 'NONE', #4320, #2869 ) ;
#1122 = AXIS2_PLACEMENT_3D ( 'NONE', #45, #2851, #1286 ) ;
#1123 = CARTESIAN_POINT ( 'NONE',  ( 3.029999999999999805, -5.129999999999999893, -0.5400000000066671468 ) ) ;
#1124 = CARTESIAN_POINT ( 'NONE',  ( 0.000000000000000000, -3.544999999999999929, 0.000000000000000000 ) ) ;
#1125 = CIRCLE ( 'NONE', #4592, 0.7499999999999997780 ) ;
#1126 = AXIS2_PLACEMENT_3D ( 'NONE', #1270, #2081, #2448 ) ;
#1127 = CARTESIAN_POINT ( 'NONE',  ( 3.909266571516615052, 7.669999999999999929, -3.274284136201271345 ) ) ;
#1128 = ORIENTED_EDGE ( 'NONE', *, *, #4566, .F. ) ;
#1129 = LINE ( 'NONE', #2762, #1447 ) ;
#1130 = CARTESIAN_POINT ( 'NONE',  ( -1.057596626502225190, 0.2568248286937419578, -4.805065578372733626 ) ) ;
#1131 = EDGE_LOOP ( 'NONE', ( #2265, #2029, #175, #3667, #1526, #2740, #3573, #2384 ) ) ;
#1132 = DIRECTION ( 'NONE',  ( 1.000000000000000000, 0.000000000000000000, -0.000000000000000000 ) ) ;
#1133 = CARTESIAN_POINT ( 'NONE',  ( 0.000000000000000000, -5.080000000000000071, 1.750000000000000000 ) ) ;
#1134 = LINE ( 'NONE', #5245, #2099 ) ;
#1135 = ADVANCED_FACE ( 'NONE', ( #4374 ), #3151, .T. ) ;
#1136 = DIRECTION ( 'NONE',  ( 0.000000000000000000, 1.000000000000000000, 0.000000000000000000 ) ) ;
#1137 = CARTESIAN_POINT ( 'NONE',  ( 2.250000004176958335, -0.08000000000000000167, -5.562148863632084606 ) ) ;
#1138 = ORIENTED_EDGE ( 'NONE', *, *, #1051, .F. ) ;
#1139 = ORIENTED_EDGE ( 'NONE', *, *, #4075, .T. ) ;
#1140 = CIRCLE ( 'NONE', #2479, 4.500000000000000888 ) ;
#1141 = EDGE_CURVE ( 'NONE', #2447, #4872, #4432, .T. ) ;
#1142 = CARTESIAN_POINT ( 'NONE',  ( 0.8167201673655815064, -4.589838732266507293, 5.244387046676552089 ) ) ;
#1143 = VERTEX_POINT ( 'NONE', #2757 ) ;
#1144 = ORIENTED_EDGE ( 'NONE', *, *, #4770, .F. ) ;
#1145 = CARTESIAN_POINT ( 'NONE',  ( -0.4945128250775598922, -6.629999999999999893, -2.573964003313474969 ) ) ;
#1146 = CARTESIAN_POINT ( 'NONE',  ( -2.403598283328076235, -2.606470176120259552, -4.441789066998476088 ) ) ;
#1147 = VECTOR ( 'NONE', #251, 1000.000000000000000 ) ;
#1148 = CARTESIAN_POINT ( 'NONE',  ( -3.500000000000000000, -2.879996049633729793, 4.873397172404000166 ) ) ;
#1149 = CARTESIAN_POINT ( 'NONE',  ( 2.250070414217409720, -4.630801655815383278, 4.522504639445300789 ) ) ;
#1150 = EDGE_CURVE ( 'NONE', #907, #523, #2585, .T. ) ;
#1151 = ORIENTED_EDGE ( 'NONE', *, *, #1708, .T. ) ;
#1152 = DIRECTION ( 'NONE',  ( 0.2425356250344149478, -0.9701425001458114927, 0.000000000000000000 ) ) ;
#1153 = CARTESIAN_POINT ( 'NONE',  ( 2.550000000007960121, -2.580000000000000071, 0.000000000000000000 ) ) ;
#1154 = EDGE_CURVE ( 'NONE', #1143, #5215, #4494, .T. ) ;
#1155 = VERTEX_POINT ( 'NONE', #3634 ) ;
#1156 = CARTESIAN_POINT ( 'NONE',  ( -1.550000000008246115, 0.6700000000000000400, -5.796335048974864179 ) ) ;
#1157 = CARTESIAN_POINT ( 'NONE',  ( -3.500000000000114131, -5.129999999999999893, 4.873397172404399846 ) ) ;
#1158 = EDGE_CURVE ( 'NONE', #3986, #793, #3078, .T. ) ;
#1159 = DIRECTION ( 'NONE',  ( 0.000000000000000000, 0.000000000000000000, 1.000000000000000000 ) ) ;
#1160 = FACE_OUTER_BOUND ( 'NONE', #626, .T. ) ;
#1161 = CARTESIAN_POINT ( 'NONE',  ( 3.410000000000000142, -5.230000000003335536, -0.8299999999999999600 ) ) ;
#1162 = DIRECTION ( 'NONE',  ( 0.1305261922201009783, 0.000000000000000000, 0.9914448613738038318 ) ) ;
#1163 = ORIENTED_EDGE ( 'NONE', *, *, #3883, .T. ) ;
#1164 = ORIENTED_EDGE ( 'NONE', *, *, #1420, .T. ) ;
#1166 = CIRCLE ( 'NONE', #1496, 5.049999999999999822 ) ;
#1165 = CARTESIAN_POINT ( 'NONE',  ( 0.000000000000000000, 0.000000000000000000, 0.000000000000000000 ) ) ;
#1167 = B_SPLINE_CURVE_WITH_KNOTS ( 'NONE', 3,
 ( #4252, #2574, #2982, #2601, #3448, #533 ),
 .UNSPECIFIED., .F., .F.,
 ( 4, 2, 4 ),
 ( 4.336808689942017255E-19, 0.0002453888712017951424, 0.0004907777424035898511 ),
 .UNSPECIFIED. ) ;
#1168 = LINE ( 'NONE', #761, #3397 ) ;
#1169 = EDGE_LOOP ( 'NONE', ( #3807, #2551, #4958, #3843 ) ) ;
#1170 = ORIENTED_EDGE ( 'NONE', *, *, #3642, .F. ) ;
#1171 = CARTESIAN_POINT ( 'NONE',  ( 2.300000000005689937, -10.13000000000000256, -2.750000000000000000 ) ) ;
#1172 = CARTESIAN_POINT ( 'NONE',  ( 3.410000000000000142, -5.129999999999999893, -0.8299999999999999600 ) ) ;
#1173 = ORIENTED_EDGE ( 'NONE', *, *, #4785, .T. ) ;
#1174 = DIRECTION ( 'NONE',  ( 0.1305261922201009783, 0.000000000000000000, 0.9914448613738038318 ) ) ;
#1175 = CARTESIAN_POINT ( 'NONE',  ( 2.550000000007961454, -2.580000000004999627, -4.358898943536015480 ) ) ;
#1176 = CARTESIAN_POINT ( 'NONE',  ( -2.550000000005000267, -2.580000000004999627, 4.358898943537748316 ) ) ;
#1177 = ORIENTED_EDGE ( 'NONE', *, *, #1963, .F. ) ;
#1178 = CYLINDRICAL_SURFACE ( 'NONE', #3900, 5.049999999999999822 ) ;
#1179 = EDGE_CURVE ( 'NONE', #521, #3745, #361, .T. ) ;
#1180 = CARTESIAN_POINT ( 'NONE',  ( -4.449999992507995827, -4.630000000020118023, 2.387467291070608066 ) ) ;
#1181 = VERTEX_POINT ( 'NONE', #3970 ) ;
#1182 = DIRECTION ( 'NONE',  ( 1.000000000000000000, 0.000000000000000000, -0.000000000000000000 ) ) ;
#1183 = CARTESIAN_POINT ( 'NONE',  ( 2.700000000004910472, -10.13000000000710088, -2.250000000000000444 ) ) ;
#1184 = DIRECTION ( 'NONE',  ( -1.000000000000000000, 0.000000000000000000, 0.000000000000000000 ) ) ;
#1185 = DIRECTION ( 'NONE',  ( 0.000000000000000000, 0.000000000000000000, -1.000000000000000000 ) ) ;
#1186 = DIRECTION ( 'NONE',  ( 0.000000000000000000, 0.000000000000000000, -1.000000000000000000 ) ) ;
#1187 = DIRECTION ( 'NONE',  ( 0.000000000000000000, -1.000000000000000000, 0.000000000000000000 ) ) ;
#1188 = VERTEX_POINT ( 'NONE', #3577 ) ;
#1189 = ORIENTED_EDGE ( 'NONE', *, *, #4074, .F. ) ;
#1190 = FACE_OUTER_BOUND ( 'NONE', #3369, .T. ) ;
#1191 = EDGE_CURVE ( 'NONE', #212, #5225, #2839, .T. ) ;
#1192 = DIRECTION ( 'NONE',  ( 0.000000000000000000, 0.000000000000000000, -1.000000000000000000 ) ) ;
#1193 = ORIENTED_EDGE ( 'NONE', *, *, #1380, .T. ) ;
#1194 = ORIENTED_EDGE ( 'NONE', *, *, #2083, .T. ) ;
#1195 = VECTOR ( 'NONE', #3107, 1000.000000000000000 ) ;
#1196 = LINE ( 'NONE', #2430, #2519 ) ;
#1197 = EDGE_CURVE ( 'NONE', #4895, #1493, #819, .T. ) ;
#1198 = CARTESIAN_POINT ( 'NONE',  ( 0.000000000000000000, 0.6700000000000000400, 0.000000000000000000 ) ) ;
#1199 = ORIENTED_EDGE ( 'NONE', *, *, #347, .T. ) ;
#1200 = CYLINDRICAL_SURFACE ( 'NONE', #3143, 0.2999999999999999334 ) ;
#1201 = VECTOR ( 'NONE', #3949, 1000.000000000000000 ) ;
#1202 = CARTESIAN_POINT ( 'NONE',  ( 3.500000000000000000, -5.280000000000000249, 3.640398224237369362 ) ) ;
#1203 = CARTESIAN_POINT ( 'NONE',  ( 0.000000000000000000, 0.6700000000000000400, 0.000000000000000000 ) ) ;
#1204 = ORIENTED_EDGE ( 'NONE', *, *, #367, .T. ) ;
#1205 = DIRECTION ( 'NONE',  ( 1.000000000000000000, 0.000000000000000000, -0.000000000000000000 ) ) ;
#1206 = AXIS2_PLACEMENT_3D ( 'NONE', #2844, #3607, #823 ) ;
#1207 = CARTESIAN_POINT ( 'NONE',  ( 1.049999999629018133, 0.1699985667226843189, -5.907410600386547195 ) ) ;
#1208 = VECTOR ( 'NONE', #437, 1000.000000000000000 ) ;
#1209 = VERTEX_POINT ( 'NONE', #2431 ) ;
#1210 = CARTESIAN_POINT ( 'NONE',  ( -0.7711212941577570978, -6.430000000009999717, -4.104713835432145963 ) ) ;
#1211 = DIRECTION ( 'NONE',  ( 0.09821706464143128978, -0.6586263428475583881, -0.7460326726896558958 ) ) ;
#1212 = LINE ( 'NONE', #3383, #1852 ) ;
#1213 = CARTESIAN_POINT ( 'NONE',  ( 0.000000000000000000, -5.130000006204227248, 0.000000000000000000 ) ) ;
#1214 = DIRECTION ( 'NONE',  ( 0.000000000000000000, -0.000000000000000000, 1.000000000000000000 ) ) ;
#1215 = CARTESIAN_POINT ( 'NONE',  ( 3.499999999999723332, -2.879999712008797896, -3.640398329819340528 ) ) ;
#1216 = ORIENTED_EDGE ( 'NONE', *, *, #1708, .F. ) ;
#1217 = ORIENTED_EDGE ( 'NONE', *, *, #3558, .T. ) ;
#1218 = DIRECTION ( 'NONE',  ( 0.2425356250363089605, -0.9701425001453378716, 0.000000000000000000 ) ) ;
#1219 = ADVANCED_FACE ( 'NONE', ( #2039 ), #472, .T. ) ;
#1221 = DIRECTION ( 'NONE',  ( 0.000000000000000000, 0.000000000000000000, 1.000000000000000000 ) ) ;
#1220 =( BOUNDED_CURVE ( )  B_SPLINE_CURVE ( 3, ( #917, #1297, #4211, #3803 ),
 .UNSPECIFIED., .F., .T. ) 
 B_SPLINE_CURVE_WITH_KNOTS ( ( 4, 4 ),
 ( 0.000000000000000000, 0.5000000000000000000 ),
 .UNSPECIFIED. ) 
 CURVE ( )  GEOMETRIC_REPRESENTATION_ITEM ( )  RATIONAL_B_SPLINE_CURVE ( ( 1.000000000000000000, 0.3333333333333333703, 0.3333333333333333703, 1.000000000000000000 ) ) 
 REPRESENTATION_ITEM ( '' )  );
#1222 = VERTEX_POINT ( 'NONE', #1697 ) ;
#1223 = CARTESIAN_POINT ( 'NONE',  ( 3.340530486516874564, -2.604122443196939862, 3.788059657155504301 ) ) ;
#1224 = VECTOR ( 'NONE', #4054, 1000.000000000000000 ) ;
#1225 = EDGE_CURVE ( 'NONE', #91, #4288, #2316, .T. ) ;
#1226 = CARTESIAN_POINT ( 'NONE',  ( 2.288162491766894124, -2.713920572554198607, -4.502333204454423310 ) ) ;
#1227 = EDGE_CURVE ( 'NONE', #3941, #4129, #4139, .T. ) ;
#1228 = VERTEX_POINT ( 'NONE', #528 ) ;
#1229 = LINE ( 'NONE', #4972, #2840 ) ;
#1230 = VECTOR ( 'NONE', #3957, 1000.000000000000000 ) ;
#1231 = CARTESIAN_POINT ( 'NONE',  ( 0.000000000000000000, -2.580000000009999628, 0.000000000000000000 ) ) ;
#1232 = DIRECTION ( 'NONE',  ( 0.02135950076057922115, 0.000000000000000000, 0.9997718598396629908 ) ) ;
#1233 = ORIENTED_EDGE ( 'NONE', *, *, #2674, .F. ) ;
#1234 = DIRECTION ( 'NONE',  ( 0.000000000000000000, 0.000000000000000000, 1.000000000000000000 ) ) ;
#1235 = CARTESIAN_POINT ( 'NONE',  ( 3.120000000000000551, -5.230000000006670646, -0.5400000000000000355 ) ) ;
#1236 = ORIENTED_EDGE ( 'NONE', *, *, #4746, .F. ) ;
#1237 = AXIS2_PLACEMENT_3D ( 'NONE', #1825, #246, #3039 ) ;
#1238 = DIRECTION ( 'NONE',  ( 0.000000000000000000, -1.000000000000000000, 0.000000000000000000 ) ) ;
#1239 = LINE ( 'NONE', #859, #2129 ) ;
#1240 = DIRECTION ( 'NONE',  ( -0.000000000000000000, 1.000000000000000000, -0.000000000000000000 ) ) ;
#1241 = DIRECTION ( 'NONE',  ( 0.000000000000000000, 1.000000000000000000, -0.000000000000000000 ) ) ;
#1242 = LINE ( 'NONE', #1268, #4105 ) ;
#1243 = ORIENTED_EDGE ( 'NONE', *, *, #2176, .T. ) ;
#1244 = ORIENTED_EDGE ( 'NONE', *, *, #4784, .F. ) ;
#1245 = CARTESIAN_POINT ( 'NONE',  ( -1.657673272136959586, 0.6700000220364312753, 4.378224326672017774 ) ) ;
#1246 = CARTESIAN_POINT ( 'NONE',  ( 2.250044735516296246, -4.630792107667011770, -4.522512056884787413 ) ) ;
#1247 = EDGE_CURVE ( 'NONE', #2040, #1330, #3389, .T. ) ;
#1248 = CONICAL_SURFACE ( 'NONE', #2765, 5.550000000027921487, 0.7853981633974482790 ) ;
#1249 = ORIENTED_EDGE ( 'NONE', *, *, #3805, .T. ) ;
#1250 = EDGE_CURVE ( 'NONE', #820, #4195, #2917, .T. ) ;
#1251 = CARTESIAN_POINT ( 'NONE',  ( -4.349993893974659187, -2.580000231013050982, -2.124971190941102872 ) ) ;
#1252 = ORIENTED_EDGE ( 'NONE', *, *, #4603, .F. ) ;
#1253 = DIRECTION ( 'NONE',  ( 0.000000000000000000, 0.000000000000000000, -1.000000000000000000 ) ) ;
#1254 = VERTEX_POINT ( 'NONE', #1277 ) ;
#1255 = CARTESIAN_POINT ( 'NONE',  ( -0.6663287538733941862, -6.629999999999999005, 3.733239104283303522 ) ) ;
#1256 = EDGE_CURVE ( 'NONE', #5265, #744, #114, .T. ) ;
#1257 = EDGE_CURVE ( 'NONE', #2639, #462, #5204, .T. ) ;
#1258 = PLANE ( 'NONE',  #1875 ) ;
#1259 = ORIENTED_EDGE ( 'NONE', *, *, #4140, .T. ) ;
#1260 = LINE ( 'NONE', #3698, #834 ) ;
#1261 = CARTESIAN_POINT ( 'NONE',  ( -1.550000000010000267, 0.6700000000050000404, -4.224630161324069100 ) ) ;
#1262 = AXIS2_PLACEMENT_3D ( 'NONE', #38, #1986, #4112 ) ;
#1263 = DIRECTION ( 'NONE',  ( 0.9701425001453378716, -0.2425356250363089605, 0.000000000000000000 ) ) ;
#1264 = VECTOR ( 'NONE', #2025, 1000.000000000000000 ) ;
#1265 = EDGE_CURVE ( 'NONE', #3847, #3317, #2996, .T. ) ;
#1266 = FACE_BOUND ( 'NONE', #4535, .T. ) ;
#1267 = VECTOR ( 'NONE', #3548, 1000.000000000000000 ) ;
#1268 = CARTESIAN_POINT ( 'NONE',  ( 0.000000000000000000, -5.129999999999999893, -0.9200000000000000400 ) ) ;
#1269 = ORIENTED_EDGE ( 'NONE', *, *, #297, .T. ) ;
#1270 = CARTESIAN_POINT ( 'NONE',  ( 0.000000000000000000, -6.629999999999999893, 0.000000000000000000 ) ) ;
#1271 = CARTESIAN_POINT ( 'NONE',  ( -0.5821706624943545627, 0.6700000220364314973, 4.785428662744323880 ) ) ;
#1272 = SURFACE_SIDE_STYLE ('',( #4899 ) ) ;
#1273 = ORIENTED_EDGE ( 'NONE', *, *, #2612, .T. ) ;
#1274 = LINE ( 'NONE', #4513, #2439 ) ;
#1275 = ORIENTED_EDGE ( 'NONE', *, *, #4637, .F. ) ;
#1276 = LINE ( 'NONE', #4980, #4085 ) ;
#1277 = CARTESIAN_POINT ( 'NONE',  ( 0.000000000000000000, -0.4800000028239992389, -5.049999983942869086 ) ) ;
#1278 = DIRECTION ( 'NONE',  ( -0.9997718598396631018, 0.000000000000000000, 0.02135950076057920380 ) ) ;
#1279 = ORIENTED_EDGE ( 'NONE', *, *, #3675, .T. ) ;
#1280 = LINE ( 'NONE', #3313, #854 ) ;
#1281 = B_SPLINE_CURVE_WITH_KNOTS ( 'NONE', 3,
 ( #3554, #3611, #2412, #2791 ),
 .UNSPECIFIED., .F., .F.,
 ( 4, 4 ),
 ( 1.178505936495502794E-11, 0.0007434711089198099091 ),
 .UNSPECIFIED. ) ;
#1282 = AXIS2_PLACEMENT_3D ( 'NONE', #2548, #538, #1289 ) ;
#1283 = CARTESIAN_POINT ( 'NONE',  ( 0.000000000000000000, -5.129999999999999893, 2.250000000000000444 ) ) ;
#1284 = ORIENTED_EDGE ( 'NONE', *, *, #734, .T. ) ;
#1285 = CARTESIAN_POINT ( 'NONE',  ( -0.7490685850982471417, -6.547157287530735559, -3.662633506852748688 ) ) ;
#1286 = DIRECTION ( 'NONE',  ( -1.000000000000000000, 0.000000000000000000, 1.598721155460225418E-14 ) ) ;
#1287 = CARTESIAN_POINT ( 'NONE',  ( -2.288162491766667195, -2.713920572554862076, 4.502333204454527227 ) ) ;
#1288 = EDGE_CURVE ( 'NONE', #4288, #3745, #4590, .T. ) ;
#1289 = DIRECTION ( 'NONE',  ( -1.000000000000000000, 0.000000000000000000, 0.000000000000000000 ) ) ;
#1290 = CARTESIAN_POINT ( 'NONE',  ( -2.399582738454643316, -2.608875500915770473, -5.499617400379331222 ) ) ;
#1291 = ORIENTED_EDGE ( 'NONE', *, *, #2719, .F. ) ;
#1292 = LINE ( 'NONE', #2056, #2466 ) ;
#1293 = VECTOR ( 'NONE', #1501, 1000.000000000000000 ) ;
#1294 = LINE ( 'NONE', #78, #102 ) ;
#1295 = CIRCLE ( 'NONE', #2739, 4.920078019446300743 ) ;
#1296 = EDGE_CURVE ( 'NONE', #848, #772, #3737, .T. ) ;
#1297 = CARTESIAN_POINT ( 'NONE',  ( -3.132399991691221519, -6.630000000000000782, -1.483431930373908081 ) ) ;
#1298 = ORIENTED_EDGE ( 'NONE', *, *, #4425, .T. ) ;
#1299 = ORIENTED_EDGE ( 'NONE', *, *, #4591, .F. ) ;
#1300 = EDGE_CURVE ( 'NONE', #3887, #2857, #2832, .T. ) ;
#1301 = FACE_OUTER_BOUND ( 'NONE', #688, .T. ) ;
#1302 = ORIENTED_EDGE ( 'NONE', *, *, #5237, .F. ) ;
#1303 = DIRECTION ( 'NONE',  ( 6.217248937900875049E-15, 0.000000000000000000, -1.000000000000000000 ) ) ;
#1304 = VECTOR ( 'NONE', #2732, 1000.000000000000000 ) ;
#1305 = CARTESIAN_POINT ( 'NONE',  ( 0.000000000000000000, -3.544999999999999929, 0.000000000000000000 ) ) ;
#1306 = DIRECTION ( 'NONE',  ( 0.000000000000000000, -0.000000000000000000, -1.000000000000000000 ) ) ;
#1307 = VERTEX_POINT ( 'NONE', #1721 ) ;
#1308 = CARTESIAN_POINT ( 'NONE',  ( 3.460004678422272217, -2.711391673669250935, -4.902366446693098290 ) ) ;
#1309 = VECTOR ( 'NONE', #2365, 1000.000000000000000 ) ;
#1310 = DIRECTION ( 'NONE',  ( 0.000000000000000000, -0.000000000000000000, -1.000000000000000000 ) ) ;
#1311 = ORIENTED_EDGE ( 'NONE', *, *, #4942, .F. ) ;
#1312 = B_SPLINE_CURVE_WITH_KNOTS ( 'NONE', 3,
 ( #2826, #2418, #4094, #4119, #778, #5243 ),
 .UNSPECIFIED., .F., .F.,
 ( 4, 2, 4 ),
 ( 1.667175082407562367E-15, 0.0002453888709007712339, 0.0004907777417998752901 ),
 .UNSPECIFIED. ) ;
#1313 = EDGE_CURVE ( 'NONE', #1993, #4582, #1554, .T. ) ;
#1314 = CARTESIAN_POINT ( 'NONE',  ( -0.6663287538733941862, -6.629999999999999005, -3.666760895716696833 ) ) ;
#1315 = DIRECTION ( 'NONE',  ( 0.000000000000000000, 0.000000000000000000, 1.000000000000000000 ) ) ;
#1316 = DIRECTION ( 'NONE',  ( -0.000000000000000000, -0.000000000000000000, 1.000000000000000000 ) ) ;
#1317 = CARTESIAN_POINT ( 'NONE',  ( 9.184850993605149670E-17, -5.129999999999999893, 2.950000000000000178 ) ) ;
#1318 = CIRCLE ( 'NONE', #2663, 6.000000000000000000 ) ;
#1319 = ORIENTED_EDGE ( 'NONE', *, *, #3117, .F. ) ;
#1320 = ORIENTED_EDGE ( 'NONE', *, *, #3579, .T. ) ;
#1321 = EDGE_CURVE ( 'NONE', #4836, #1467, #534, .T. ) ;
#1322 = CARTESIAN_POINT ( 'NONE',  ( 0.5967714270872204185, 0.2568245677624113599, 5.031079852688899123 ) ) ;
#1323 = CIRCLE ( 'NONE', #4281, 0.7499999999999997780 ) ;
#1324 = EDGE_CURVE ( 'NONE', #2588, #2411, #4218, .T. ) ;
#1325 = DIRECTION ( 'NONE',  ( -0.000000000000000000, -1.000000000000000000, -0.000000000000000000 ) ) ;
#1326 = ORIENTED_EDGE ( 'NONE', *, *, #830, .F. ) ;
#1327 = EDGE_LOOP ( 'NONE', ( #4817, #889, #1311, #3271 ) ) ;
#1328 = CARTESIAN_POINT ( 'NONE',  ( 0.000000000000000000, -6.430000000009999717, -3.700000000000000178 ) ) ;
#1329 = VECTOR ( 'NONE', #4573, 1000.000000000000000 ) ;
#1330 = VERTEX_POINT ( 'NONE', #2997 ) ;
#1331 = DIRECTION ( 'NONE',  ( -0.000000000000000000, 1.000000000000000000, -0.000000000000000000 ) ) ;
#1332 =( NAMED_UNIT ( * ) SI_UNIT ( $, .STERADIAN. ) SOLID_ANGLE_UNIT ( ) );
#1333 = VERTEX_POINT ( 'NONE', #4620 ) ;
#1334 = CARTESIAN_POINT ( 'NONE',  ( -0.7496398160334849514, -6.547157287530735559, -3.676758954229708554 ) ) ;
#1335 = VERTEX_POINT ( 'NONE', #876 ) ;
#1336 = CARTESIAN_POINT ( 'NONE',  ( 6.110987484001399308E-16, -4.280000003177519829, 4.989999964280400491 ) ) ;
#1337 = ORIENTED_EDGE ( 'NONE', *, *, #1364, .F. ) ;
#1338 = FACE_OUTER_BOUND ( 'NONE', #4434, .T. ) ;
#1339 = CARTESIAN_POINT ( 'NONE',  ( 0.000000000000000000, -4.280000000006669580, 0.000000000000000000 ) ) ;
#1340 = DIRECTION ( 'NONE',  ( -1.000000000000000000, -0.000000000000000000, -0.000000000000000000 ) ) ;
#1341 = VERTEX_POINT ( 'NONE', #4543 ) ;
#1342 = ORIENTED_EDGE ( 'NONE', *, *, #3687, .T. ) ;
#1343 = CARTESIAN_POINT ( 'NONE',  ( -9.767960233503691470, 7.670000000000000817, 1.177689620029745088 ) ) ;
#1344 = CARTESIAN_POINT ( 'NONE',  ( 1.393481292111276026, 0.6488162393657117555, -4.367907562228822371 ) ) ;
#1345 = VECTOR ( 'NONE', #2267, 1000.000000000000000 ) ;
#1346 = CIRCLE ( 'NONE', #4815, 5.549999964330254443 ) ;
#1347 = LINE ( 'NONE', #79, #81 ) ;
#1348 = DIRECTION ( 'NONE',  ( -0.000000000000000000, -1.000000000000000000, -0.000000000000000000 ) ) ;
#1349 = CIRCLE ( 'NONE', #411, 5.049999999999999822 ) ;
#1350 = ORIENTED_EDGE ( 'NONE', *, *, #2130, .T. ) ;
#1351 = ORIENTED_EDGE ( 'NONE', *, *, #2413, .F. ) ;
#1352 = DIRECTION ( 'NONE',  ( 0.000000000000000000, 0.000000000000000000, 1.000000000000000000 ) ) ;
#1353 = EDGE_CURVE ( 'NONE', #3610, #2173, #61, .T. ) ;
#1354 = ORIENTED_EDGE ( 'NONE', *, *, #1085, .F. ) ;
#1355 = DIRECTION ( 'NONE',  ( -0.000000000000000000, -1.000000000000000000, -0.000000000000000000 ) ) ;
#1356 = EDGE_CURVE ( 'NONE', #5063, #1712, #2565, .T. ) ;
#1357 = VERTEX_POINT ( 'NONE', #2942 ) ;
#1358 = CARTESIAN_POINT ( 'NONE',  ( -0.7496398160393392684, -6.430000000009999717, -3.676758954229526477 ) ) ;
#1359 = VERTEX_POINT ( 'NONE', #4111 ) ;
#1360 = CARTESIAN_POINT ( 'NONE',  ( -2.899999999999999911, -10.13000000000000256, -2.750000000000000000 ) ) ;
#1361 = ORIENTED_EDGE ( 'NONE', *, *, #630, .F. ) ;
#1362 = CARTESIAN_POINT ( 'NONE',  ( 0.000000000000000000, -5.080000000000000071, 0.000000000000000000 ) ) ;
#1363 = VECTOR ( 'NONE', #2945, 1000.000000000000000 ) ;
#1364 = EDGE_CURVE ( 'NONE', #1307, #224, #4184, .T. ) ;
#1365 = FACE_OUTER_BOUND ( 'NONE', #3690, .T. ) ;
#1366 = CIRCLE ( 'NONE', #169, 0.7499999999999997780 ) ;
#1367 = FACE_BOUND ( 'NONE', #493, .T. ) ;
#1368 = EDGE_LOOP ( 'NONE', ( #561, #4792, #2563, #1002, #4604 ) ) ;
#1369 = CARTESIAN_POINT ( 'NONE',  ( 0.000000000000000000, 0.2568245677624115819, 0.000000000000000000 ) ) ;
#1370 = CIRCLE ( 'NONE', #4330, 5.049999983942089266 ) ;
#1371 = DIRECTION ( 'NONE',  ( 0.000000000000000000, 0.000000000000000000, 1.000000000000000000 ) ) ;
#1372 = CARTESIAN_POINT ( 'NONE',  ( 1.113467960461626882, 0.4150197411977321060, -4.734917713893748825 ) ) ;
#1373 = AXIS2_PLACEMENT_3D ( 'NONE', #2066, #1958, #4465 ) ;
#1374 = CARTESIAN_POINT ( 'NONE',  ( 1.420831908122996090, 0.6700000000012921175, 5.830875933987742066 ) ) ;
#1375 = CARTESIAN_POINT ( 'NONE',  ( -0.03310722617889795549, -6.429999999999999716, -1.549646382751477924 ) ) ;
#1376 = CIRCLE ( 'NONE', #4337, 5.049999999999999822 ) ;
#1377 = ORIENTED_EDGE ( 'NONE', *, *, #5055, .T. ) ;
#1378 = EDGE_LOOP ( 'NONE', ( #938, #4680 ) ) ;
#1379 = DIRECTION ( 'NONE',  ( 0.000000000000000000, 1.000000000000000000, 0.000000000000000000 ) ) ;
#1380 = EDGE_CURVE ( 'NONE', #2275, #5225, #684, .T. ) ;
#1381 = DIRECTION ( 'NONE',  ( -0.000000000000000000, 1.000000000000000000, -0.000000000000000000 ) ) ;
#1382 = ORIENTED_EDGE ( 'NONE', *, *, #3734, .T. ) ;
#1383 = EDGE_CURVE ( 'NONE', #4803, #277, #2648, .T. ) ;
#1384 = PRESENTATION_STYLE_ASSIGNMENT (( #553 ) ) ;
#1385 = DIRECTION ( 'NONE',  ( 0.000000000000000000, 0.000000000000000000, 1.000000000000000000 ) ) ;
#1386 = EDGE_CURVE ( 'NONE', #987, #1810, #1894, .T. ) ;
#1387 = DIRECTION ( 'NONE',  ( 0.000000000000000000, 0.000000000000000000, -1.000000000000000000 ) ) ;
#1388 = ADVANCED_FACE ( 'NONE', ( #1190 ), #4694, .T. ) ;
#1389 = EDGE_LOOP ( 'NONE', ( #2251, #1857, #3641, #4241, #2055, #3955 ) ) ;
#1390 = DIRECTION ( 'NONE',  ( 0.000000000000000000, 0.000000000000000000, 1.000000000000000000 ) ) ;
#1391 = EDGE_LOOP ( 'NONE', ( #479, #3335, #2977, #967 ) ) ;
#1392 = CARTESIAN_POINT ( 'NONE',  ( -3.536580635791925609, -6.430000000010000605, -1.674842502056911098 ) ) ;
#1393 = VERTEX_POINT ( 'NONE', #2248 ) ;
#1394 = SURFACE_STYLE_USAGE ( .BOTH. , #5024 ) ;
#1395 = VECTOR ( 'NONE', #3663, 1000.000000000000000 ) ;
#1396 = CARTESIAN_POINT ( 'NONE',  ( 2.250000000000002665, -4.603491218700218823, -4.521061822183041201 ) ) ;
#1397 = EDGE_LOOP ( 'NONE', ( #4884, #768, #1655, #1880 ) ) ;
#1398 = DIRECTION ( 'NONE',  ( 0.09821706464142973547, 0.6586263428475710446, -0.7460326726896450156 ) ) ;
#1399 = CARTESIAN_POINT ( 'NONE',  ( 1.182481334985228782, 0.5090931408144865333, -4.647114046464345449 ) ) ;
#1400 = VECTOR ( 'NONE', #4762, 1000.000000000000000 ) ;
#1401 = CARTESIAN_POINT ( 'NONE',  ( 0.000000000000000000, -4.280000000007049721, 0.000000000000000000 ) ) ;
#1402 = CARTESIAN_POINT ( 'NONE',  ( -2.250000000000000444, -5.280000000000000249, -5.562148865322000368 ) ) ;
#1403 = VERTEX_POINT ( 'NONE', #4424 ) ;
#1404 = ORIENTED_EDGE ( 'NONE', *, *, #1383, .F. ) ;
#1405 = AXIS2_PLACEMENT_3D ( 'NONE', #299, #2767, #3110 ) ;
#1406 = LINE ( 'NONE', #4950, #1855 ) ;
#1407 = ADVANCED_FACE ( 'NONE', ( #2273 ), #711, .F. ) ;
#1408 = ORIENTED_EDGE ( 'NONE', *, *, #2225, .T. ) ;
#1409 = LINE ( 'NONE', #4644, #1670 ) ;
#1410 = CARTESIAN_POINT ( 'NONE',  ( 2.100000000000000089, -5.130000000001667892, -2.250000000003335110 ) ) ;
#1411 = CARTESIAN_POINT ( 'NONE',  ( 3.500000000000000000, -5.130000000009999894, -4.873397172404000166 ) ) ;
#1412 = VERTEX_POINT ( 'NONE', #2302 ) ;
#1413 = DIRECTION ( 'NONE',  ( 1.776356839400250465E-15, 0.000000000000000000, -1.000000000000000000 ) ) ;
#1414 = VERTEX_POINT ( 'NONE', #3813 ) ;
#1415 = CARTESIAN_POINT ( 'NONE',  ( 1.050000000000000044, -4.280000000008334027, -4.939635614096193450 ) ) ;
#1416 = CIRCLE ( 'NONE', #3523, 6.000000000000000000 ) ;
#1417 = ORIENTED_EDGE ( 'NONE', *, *, #2334, .F. ) ;
#1418 = LINE ( 'NONE', #238, #3224 ) ;
#1419 = EDGE_CURVE ( 'NONE', #2300, #5051, #1065, .T. ) ;
#1420 = EDGE_CURVE ( 'NONE', #4776, #1978, #3254, .T. ) ;
#1421 = CARTESIAN_POINT ( 'NONE',  ( -3.348699684559112377, 7.570000000010002061, -3.998113539053827825 ) ) ;
#1422 = ORIENTED_EDGE ( 'NONE', *, *, #3118, .T. ) ;
#1423 = DIRECTION ( 'NONE',  ( 0.000000000000000000, 1.000000000000000000, 0.000000000000000000 ) ) ;
#1424 = CARTESIAN_POINT ( 'NONE',  ( 1.207821209114148253, 0.5357590895311665768, -4.614474422531378295 ) ) ;
#1425 = ADVANCED_FACE ( 'NONE', ( #4243 ), #2062, .T. ) ;
#1426 = CARTESIAN_POINT ( 'NONE',  ( -1.049999486023703854, 0.3038476319070106402, -5.907410691610175846 ) ) ;
#1427 = CARTESIAN_POINT ( 'NONE',  ( 0.000000000000000000, -4.280000000000000249, 0.000000000000000000 ) ) ;
#1428 = ORIENTED_EDGE ( 'NONE', *, *, #734, .F. ) ;
#1429 = ORIENTED_EDGE ( 'NONE', *, *, #3965, .T. ) ;
#1430 = SURFACE_SIDE_STYLE ('',( #2218 ) ) ;
#1431 = AXIS2_PLACEMENT_3D ( 'NONE', #3345, #1816, #3425 ) ;
#1432 = LINE ( 'NONE', #4665, #5216 ) ;
#1433 = VERTEX_POINT ( 'NONE', #1410 ) ;
#1434 = DIRECTION ( 'NONE',  ( 0.2425356250420198090, 0.9701425001439102358, 0.000000000000000000 ) ) ;
#1435 = CARTESIAN_POINT ( 'NONE',  ( 3.200000000004957101, -2.580000000005000071, 5.075431016176683130 ) ) ;
#1436 = CARTESIAN_POINT ( 'NONE',  ( 3.120000000000000551, -5.129999999999999893, 0.000000000000000000 ) ) ;
#1437 = VERTEX_POINT ( 'NONE', #204 ) ;
#1438 = CARTESIAN_POINT ( 'NONE',  ( -0.7711212941517342490, -6.547157287530736447, 3.295286164571014975 ) ) ;
#1439 = ORIENTED_EDGE ( 'NONE', *, *, #2297, .T. ) ;
#1440 = CYLINDRICAL_SURFACE ( 'NONE', #3229, 0.7499999999999997780 ) ;
#1441 = ORIENTED_EDGE ( 'NONE', *, *, #4591, .T. ) ;
#1442 = CARTESIAN_POINT ( 'NONE',  ( -2.250000024837150114, -5.129999999999999893, 5.562148855274624992 ) ) ;
#1443 = ADVANCED_FACE ( 'NONE', ( #629 ), #496, .T. ) ;
#1444 = DIRECTION ( 'NONE',  ( -0.000000000000000000, 0.000000000000000000, 1.000000000000000000 ) ) ;
#1445 = EDGE_CURVE ( 'NONE', #4171, #996, #2743, .T. ) ;
#1446 = ORIENTED_EDGE ( 'NONE', *, *, #1520, .F. ) ;
#1447 = VECTOR ( 'NONE', #1961, 1000.000000000000000 ) ;
#1448 = CARTESIAN_POINT ( 'NONE',  ( 0.6591572707125176178, -4.280000000005000693, 5.006796549937645224 ) ) ;
#1449 = CARTESIAN_POINT ( 'NONE',  ( 1.324040159866597843, 0.6162928906103642968, -4.461340875269113049 ) ) ;
#1450 = EDGE_CURVE ( 'NONE', #1755, #3638, #3162, .T. ) ;
#1451 = DIRECTION ( 'NONE',  ( -0.000000000000000000, 0.000000000000000000, 1.000000000000000000 ) ) ;
#1452 = DIRECTION ( 'NONE',  ( 0.000000000000000000, -1.000000000000000000, 0.000000000000000000 ) ) ;
#1453 = VECTOR ( 'NONE', #5213, 1000.000000000000000 ) ;
#1454 = ORIENTED_EDGE ( 'NONE', *, *, #4401, .F. ) ;
#1455 = ORIENTED_EDGE ( 'NONE', *, *, #4381, .T. ) ;
#1456 = CARTESIAN_POINT ( 'NONE',  ( 3.120000000000000551, -5.129999999999999893, -0.9200000000000000400 ) ) ;
#1457 = VECTOR ( 'NONE', #135, 1000.000000000000000 ) ;
#1458 = CARTESIAN_POINT ( 'NONE',  ( -1.050000000000000044, 0.6700000000000000400, 4.939635614896629612 ) ) ;
#1459 = ORIENTED_EDGE ( 'NONE', *, *, #1296, .T. ) ;
#1460 = DIRECTION ( 'NONE',  ( 0.000000000000000000, -0.000000000000000000, -1.000000000000000000 ) ) ;
#1461 = CARTESIAN_POINT ( 'NONE',  ( 0.000000000000000000, -5.129999999999999893, 0.000000000000000000 ) ) ;
#1462 = CARTESIAN_POINT ( 'NONE',  ( -1.057596626502225190, 0.2568248286937419578, -4.805065578372733626 ) ) ;
#1463 = ORIENTED_EDGE ( 'NONE', *, *, #5147, .T. ) ;
#1464 = CARTESIAN_POINT ( 'NONE',  ( -0.4725736491474153977, -6.430000000009999717, 2.968497788776256474 ) ) ;
#1465 = PLANE ( 'NONE',  #2291 ) ;
#1466 = CARTESIAN_POINT ( 'NONE',  ( 0.9568050734197641738, 7.669999999999998153, 5.077875117356859924 ) ) ;
#1467 = VERTEX_POINT ( 'NONE', #2701 ) ;
#1468 = FACE_OUTER_BOUND ( 'NONE', #3891, .T. ) ;
#1469 = ADVANCED_FACE ( 'NONE', ( #286 ), #811, .T. ) ;
#1470 = DIRECTION ( 'NONE',  ( 0.000000000000000000, -1.000000000000000000, -0.000000000000000000 ) ) ;
#1471 = EDGE_CURVE ( 'NONE', #2371, #1545, #3728, .T. ) ;
#1472 = ORIENTED_EDGE ( 'NONE', *, *, #5138, .F. ) ;
#1473 = LINE ( 'NONE', #1939, #3427 ) ;
#1474 = LINE ( 'NONE', #2260, #366 ) ;
#1475 = AXIS2_PLACEMENT_3D ( 'NONE', #2118, #1331, #2970 ) ;
#1476 = CARTESIAN_POINT ( 'NONE',  ( -2.834999999999999964, -5.129999999999999893, -0.5849999999999999645 ) ) ;
#1477 = LINE ( 'NONE', #1137, #3937 ) ;
#1478 = ORIENTED_EDGE ( 'NONE', *, *, #367, .F. ) ;
#1479 = EDGE_LOOP ( 'NONE', ( #4031, #280, #4755, #2350, #1888, #1760 ) ) ;
#1480 = PLANE ( 'NONE',  #4726 ) ;
#1481 = ADVANCED_FACE ( 'NONE', ( #3280 ), #463, .F. ) ;
#1482 = EDGE_CURVE ( 'NONE', #2411, #1699, #2909, .T. ) ;
#1483 = CARTESIAN_POINT ( 'NONE',  ( -0.8167201673667559003, -4.603833200579569684, 5.244387046676442843 ) ) ;
#1484 = ORIENTED_EDGE ( 'NONE', *, *, #964, .T. ) ;
#1485 = CARTESIAN_POINT ( 'NONE',  ( -2.250000000000000444, -5.280000000000000249, -5.562148865322000368 ) ) ;
#1486 = CARTESIAN_POINT ( 'NONE',  ( 3.461822383118379864, -6.430000000010000605, -1.824359007403765220 ) ) ;
#1487 = CARTESIAN_POINT ( 'NONE',  ( -1.049999822330350829, 0.1991483917081794397, -4.817140746922908612 ) ) ;
#1488 = ORIENTED_EDGE ( 'NONE', *, *, #3805, .F. ) ;
#1489 = EDGE_CURVE ( 'NONE', #3021, #3410, #3654, .T. ) ;
#1490 = CARTESIAN_POINT ( 'NONE',  ( 0.000000000000000000, -5.129999999999999893, 0.000000000000000000 ) ) ;
#1491 = CARTESIAN_POINT ( 'NONE',  ( -0.6041211023026821225, -6.629999999999999893, -4.771231858073957888 ) ) ;
#1492 =( NAMED_UNIT ( * ) SI_UNIT ( $, .STERADIAN. ) SOLID_ANGLE_UNIT ( ) );
#1493 = VERTEX_POINT ( 'NONE', #2859 ) ;
#1494 = DIRECTION ( 'NONE',  ( -0.000000000000000000, -1.000000000000000000, 0.000000000000000000 ) ) ;
#1495 = CARTESIAN_POINT ( 'NONE',  ( -3.909266571295697101, 7.669999999999999929, 3.274284136280328994 ) ) ;
#1496 = AXIS2_PLACEMENT_3D ( 'NONE', #1339, #72, #4990 ) ;
#1497 = ORIENTED_EDGE ( 'NONE', *, *, #4107, .T. ) ;
#1498 = DIRECTION ( 'NONE',  ( 0.000000000000000000, 1.000000000000000000, 0.000000000000000000 ) ) ;
#1499 = LINE ( 'NONE', #3535, #4868 ) ;
#1500 = CARTESIAN_POINT ( 'NONE',  ( -0.6433320031104653447, -3.580000000703133178, 4.886591708472145967 ) ) ;
#1501 = DIRECTION ( 'NONE',  ( -0.000000000000000000, -1.000000000000000000, -0.000000000000000000 ) ) ;
#1502 = DIRECTION ( 'NONE',  ( 0.000000000000000000, 0.000000000000000000, -1.000000000000000000 ) ) ;
#1503 = VERTEX_POINT ( 'NONE', #1643 ) ;
#1504 = ORIENTED_EDGE ( 'NONE', *, *, #2443, .T. ) ;
#1505 = CARTESIAN_POINT ( 'NONE',  ( -4.349999999999999645, -3.145526880925763713, -2.237668236202031924 ) ) ;
#1506 = ORIENTED_EDGE ( 'NONE', *, *, #4470, .T. ) ;
#1507 = DIRECTION ( 'NONE',  ( -0.000000000000000000, 1.000000000000000000, -0.000000000000000000 ) ) ;
#1508 = EDGE_CURVE ( 'NONE', #2710, #5258, #4936, .T. ) ;
#1509 = CARTESIAN_POINT ( 'NONE',  ( 0.000000000000000000, -5.129999964424314385, 0.000000000000000000 ) ) ;
#1510 = ORIENTED_EDGE ( 'NONE', *, *, #3725, .F. ) ;
#1511 = CARTESIAN_POINT ( 'NONE',  ( -1.147326357176728262, 0.4666601818509006350, 4.692051655069511717 ) ) ;
#1512 = AXIS2_PLACEMENT_3D ( 'NONE', #1835, #3442, #1887 ) ;
#1513 = DIRECTION ( 'NONE',  ( -0.000000000000000000, 1.000000000000000000, -0.000000000000000000 ) ) ;
#1514 = ADVANCED_FACE ( 'NONE', ( #4533 ), #4483, .T. ) ;
#1515 = CARTESIAN_POINT ( 'NONE',  ( -1.502253423956865230, 7.669999999999999041, 4.197875435596587046 ) ) ;
#1516 = EDGE_LOOP ( 'NONE', ( #1199, #1382, #648, #4647 ) ) ;
#1517 = DIRECTION ( 'NONE',  ( 0.000000000000000000, 0.000000000000000000, -1.000000000000000000 ) ) ;
#1518 = FACE_OUTER_BOUND ( 'NONE', #3932, .T. ) ;
#1519 = EDGE_LOOP ( 'NONE', ( #247, #4952, #4691, #4237 ) ) ;
#1520 = EDGE_CURVE ( 'NONE', #1699, #3987, #842, .T. ) ;
#1521 = DIRECTION ( 'NONE',  ( 0.000000000000000000, 0.000000000000000000, 1.000000000000000000 ) ) ;
#1522 = CARTESIAN_POINT ( 'NONE',  ( 0.000000000000000000, -2.580000000000000071, 0.000000000000000000 ) ) ;
#1523 = CARTESIAN_POINT ( 'NONE',  ( 2.500000000000000000, 0.000000000000000000, -2.250000000000000444 ) ) ;
#1524 = CARTESIAN_POINT ( 'NONE',  ( -1.050000000000000044, 0.1699954681026570324, -4.822401593559225041 ) ) ;
#1525 = CARTESIAN_POINT ( 'NONE',  ( 2.500000000000000000, -10.13000000000550038, 2.250000000000000444 ) ) ;
#1526 = ORIENTED_EDGE ( 'NONE', *, *, #124, .T. ) ;
#1527 = ORIENTED_EDGE ( 'NONE', *, *, #1679, .F. ) ;
#1528 = CIRCLE ( 'NONE', #2969, 5.049999983942090154 ) ;
#1529 = VECTOR ( 'NONE', #4177, 1000.000000000000000 ) ;
#1530 = LINE ( 'NONE', #1831, #4538 ) ;
#1531 = EDGE_LOOP ( 'NONE', ( #2006, #3600, #5241, #346, #3312, #649 ) ) ;
#1532 = ORIENTED_EDGE ( 'NONE', *, *, #3118, .F. ) ;
#1533 = AXIS2_PLACEMENT_3D ( 'NONE', #794, #4324, #4025 ) ;
#1534 = CARTESIAN_POINT ( 'NONE',  ( 1.050000000000000044, -0.4800000028239992389, -4.939635606285661673 ) ) ;
#1535 = AXIS2_PLACEMENT_3D ( 'NONE', #377, #4890, #481 ) ;
#1536 = CARTESIAN_POINT ( 'NONE',  ( 2.250000003793221293, -2.880000000003999805, 5.562148862252879411 ) ) ;
#1537 = EDGE_CURVE ( 'NONE', #3545, #1357, #2399, .T. ) ;
#1538 = PLANE ( 'NONE',  #1120 ) ;
#1539 = EDGE_CURVE ( 'NONE', #3878, #4895, #1294, .T. ) ;
#1540 = FACE_OUTER_BOUND ( 'NONE', #4939, .T. ) ;
#1541 = CARTESIAN_POINT ( 'NONE',  ( 1.050000000000507860, 0.1699989920611880700, -4.822400957631757024 ) ) ;
#1542 = EDGE_LOOP ( 'NONE', ( #4327, #1350, #1695, #3760, #4383 ) ) ;
#1543 = CARTESIAN_POINT ( 'NONE',  ( -2.250070414190062262, -4.630801655458948396, -4.522504639306170304 ) ) ;
#1544 = DIRECTION ( 'NONE',  ( -0.000000000000000000, -1.000000000000000000, -0.000000000000000000 ) ) ;
#1545 = VERTEX_POINT ( 'NONE', #4077 ) ;
#1546 = CARTESIAN_POINT ( 'NONE',  ( 2.250000000000000444, -5.129999960900974543, 5.073460314711917718 ) ) ;
#1547 = LINE ( 'NONE', #3138, #5123 ) ;
#1548 = LINE ( 'NONE', #4336, #574 ) ;
#1549 = CARTESIAN_POINT ( 'NONE',  ( -2.100000000006322587, -9.330000000023440876, -2.750000000005003109 ) ) ;
#1550 = CARTESIAN_POINT ( 'NONE',  ( 1.550000000006489964, 0.6700000000000000400, 0.000000000000000000 ) ) ;
#1551 = LINE ( 'NONE', #4790, #1732 ) ;
#1552 = ORIENTED_EDGE ( 'NONE', *, *, #4431, .T. ) ;
#1553 = ORIENTED_EDGE ( 'NONE', *, *, #4861, .F. ) ;
#1554 = CIRCLE ( 'NONE', #194, 5.049999999999999822 ) ;
#1555 = DIRECTION ( 'NONE',  ( -1.000000000000000000, 0.000000000000000000, -0.000000000000000000 ) ) ;
#1556 = ORIENTED_EDGE ( 'NONE', *, *, #3064, .F. ) ;
#1557 = VERTEX_POINT ( 'NONE', #5254 ) ;
#1558 = CARTESIAN_POINT ( 'NONE',  ( 0.000000000000000000, -4.280000000006669580, 0.000000000000000000 ) ) ;
#1559 = ADVANCED_FACE ( 'NONE', ( #4017 ), #285, .T. ) ;
#1560 = CARTESIAN_POINT ( 'NONE',  ( 2.250063577957016392, -2.794864708382611695, -4.521029857894061976 ) ) ;
#1561 = AXIS2_PLACEMENT_3D ( 'NONE', #3355, #974, #5262 ) ;
#1562 = DIRECTION ( 'NONE',  ( 0.000000000000000000, -0.000000000000000000, -1.000000000000000000 ) ) ;
#1563 = DIRECTION ( 'NONE',  ( 0.000000000000000000, -1.000000000000000000, 0.000000000000000000 ) ) ;
#1564 = CARTESIAN_POINT ( 'NONE',  ( 1.550000000000000266, 0.1700000000000000122, 4.145714231942999817 ) ) ;
#1565 = VECTOR ( 'NONE', #1398, 1000.000000000000000 ) ;
#1566 = ORIENTED_EDGE ( 'NONE', *, *, #3840, .T. ) ;
#1567 = DIRECTION ( 'NONE',  ( 0.000000000000000000, 0.000000000000000000, 1.000000000000000000 ) ) ;
#1568 = DIRECTION ( 'NONE',  ( 0.000000000000000000, 1.000000000000000000, 0.000000000000000000 ) ) ;
#1569 = ORIENTED_EDGE ( 'NONE', *, *, #2708, .T. ) ;
#1570 = DIRECTION ( 'NONE',  ( -0.9987581134721299492, 0.000000000000000000, 0.04982199086339157007 ) ) ;
#1571 = DIRECTION ( 'NONE',  ( -2.042810365310288034E-14, 0.000000000000000000, -1.000000000000000000 ) ) ;
#1572 = EDGE_CURVE ( 'NONE', #2589, #2639, #2657, .T. ) ;
#1573 = ADVANCED_FACE ( 'NONE', ( #4554 ), #2398, .T. ) ;
#1574 = DIRECTION ( 'NONE',  ( 0.01137610941460145790, 0.9961946966281056692, 0.08641012987273810619 ) ) ;
#1575 = DIRECTION ( 'NONE',  ( 0.000000000000000000, 0.000000000000000000, -1.000000000000000000 ) ) ;
#1576 = CARTESIAN_POINT ( 'NONE',  ( -4.616540568639003084, -4.796540568639002800, -2.429320978120493635 ) ) ;
#1577 = CARTESIAN_POINT ( 'NONE',  ( 2.100000000003578116, -9.330000000007339978, 2.250000000005002665 ) ) ;
#1578 = ORIENTED_EDGE ( 'NONE', *, *, #3674, .F. ) ;
#1579 = ORIENTED_EDGE ( 'NONE', *, *, #3263, .T. ) ;
#1580 = DIRECTION ( 'NONE',  ( 0.000000000000000000, 0.000000000000000000, 1.000000000000000000 ) ) ;
#1581 = CARTESIAN_POINT ( 'NONE',  ( 3.459208324281486835, -2.710481213887213858, 4.902921261431199440 ) ) ;
#1582 = EDGE_CURVE ( 'NONE', #399, #744, #4364, .T. ) ;
#1583 = UNCERTAINTY_MEASURE_WITH_UNIT (LENGTH_MEASURE( 1.000000000000000082E-05 ), #3042, 'distance_accuracy_value', 'NONE');
#1584 = LINE ( 'NONE', #3202, #2043 ) ;
#1585 = VERTEX_POINT ( 'NONE', #1845 ) ;
#1586 = ORIENTED_EDGE ( 'NONE', *, *, #1508, .T. ) ;
#1587 = CARTESIAN_POINT ( 'NONE',  ( 3.271599809179490226, -2.580000000001657412, 3.848077538537718834 ) ) ;
#1588 = CARTESIAN_POINT ( 'NONE',  ( -1.308827384989624809, 0.6082808412309811397, 4.481660197452979055 ) ) ;
#1589 = ORIENTED_EDGE ( 'NONE', *, *, #4947, .T. ) ;
#1590 = FACE_OUTER_BOUND ( 'NONE', #5032, .T. ) ;
#1591 = COLOUR_RGB ( '',0.007843137254901960675, 0.2392156862745097867, 0.8235294117647058432 ) ;
#1592 = LINE ( 'NONE', #1202, #3738 ) ;
#1593 = LINE ( 'NONE', #4860, #573 ) ;
#1594 = ORIENTED_EDGE ( 'NONE', *, *, #4585, .F. ) ;
#1595 = CARTESIAN_POINT ( 'NONE',  ( 2.500000000000000000, 0.000000000000000000, -2.750000000000000000 ) ) ;
#1596 = AXIS2_PLACEMENT_3D ( 'NONE', #2114, #84, #2168 ) ;
#1597 = DIRECTION ( 'NONE',  ( -0.9914448613738039429, 0.000000000000000000, -0.1305261922201010061 ) ) ;
#1598 = EDGE_LOOP ( 'NONE', ( #3586, #788, #2425, #1342 ) ) ;
#1599 = EDGE_CURVE ( 'NONE', #2230, #772, #4152, .T. ) ;
#1600 = LINE ( 'NONE', #832, #4649 ) ;
#1601 = DIRECTION ( 'NONE',  ( -0.000000000000000000, 0.000000000000000000, 1.000000000000000000 ) ) ;
#1602 = DIRECTION ( 'NONE',  ( -0.000000000000000000, 1.000000000000000000, -0.000000000000000000 ) ) ;
#1603 = DIRECTION ( 'NONE',  ( 0.000000000000000000, -1.000000000000000000, 0.000000000000000000 ) ) ;
#1604 = CARTESIAN_POINT ( 'NONE',  ( -0.7178940572246926832, -3.544999999999999929, 5.452946737554061230 ) ) ;
#1605 = CARTESIAN_POINT ( 'NONE',  ( 0.000000000000000000, 0.6700000000100000408, -4.500000000000000888 ) ) ;
#1606 = ORIENTED_EDGE ( 'NONE', *, *, #2308, .F. ) ;
#1607 = VERTEX_POINT ( 'NONE', #3777 ) ;
#1608 = EDGE_CURVE ( 'NONE', #2723, #1772, #4614, .T. ) ;
#1609 = CARTESIAN_POINT ( 'NONE',  ( 1.555378378393086569, 0.6699999999999981526, 4.145491109268152563 ) ) ;
#1610 = EDGE_CURVE ( 'NONE', #5051, #2275, #2989, .T. ) ;
#1611 = DIRECTION ( 'NONE',  ( -0.000000000000000000, 0.000000000000000000, 1.000000000000000000 ) ) ;
#1612 = ORIENTED_EDGE ( 'NONE', *, *, #4267, .T. ) ;
#1613 = ORIENTED_EDGE ( 'NONE', *, *, #2533, .T. ) ;
#1614 = AXIS2_PLACEMENT_3D ( 'NONE', #3426, #1867, #1841 ) ;
#1615 = DIRECTION ( 'NONE',  ( -0.000000000000000000, -1.000000000000000000, -0.000000000000000000 ) ) ;
#1616 = VECTOR ( 'NONE', #800, 1000.000000000000000 ) ;
#1617 = DIRECTION ( 'NONE',  ( 0.000000000000000000, 0.000000000000000000, -1.000000000000000000 ) ) ;
#1618 = ORIENTED_EDGE ( 'NONE', *, *, #4395, .T. ) ;
#1619 = EDGE_CURVE ( 'NONE', #3622, #276, #218, .T. ) ;
#1620 = CARTESIAN_POINT ( 'NONE',  ( 0.000000000000000000, -3.580000002102678991, -4.928757970204883598 ) ) ;
#1621 = ADVANCED_FACE ( 'NONE', ( #5053 ), #4062, .T. ) ;
#1622 = CIRCLE ( 'NONE', #2458, 0.2000000000000000389 ) ;
#1623 = CARTESIAN_POINT ( 'NONE',  ( 2.275811409321105039, -4.631760537261127020, -4.510096113684626928 ) ) ;
#1624 = AXIS2_PLACEMENT_3D ( 'NONE', #1706, #1315, #2926 ) ;
#1625 = DIRECTION ( 'NONE',  ( -0.000000000000000000, 1.000000000000000000, -0.000000000000000000 ) ) ;
#1626 = ORIENTED_EDGE ( 'NONE', *, *, #2379, .T. ) ;
#1627 = DIRECTION ( 'NONE',  ( -0.000000000000000000, 0.000000000000000000, -1.000000000000000000 ) ) ;
#1628 = VECTOR ( 'NONE', #3960, 1000.000000000000000 ) ;
#1629 = CARTESIAN_POINT ( 'NONE',  ( 3.909266571832421544, 7.670000000000000817, -3.274284135714358612 ) ) ;
#1630 = VECTOR ( 'NONE', #4531, 1000.000000000000000 ) ;
#1631 = ORIENTED_EDGE ( 'NONE', *, *, #3688, .F. ) ;
#1632 = DIRECTION ( 'NONE',  ( 0.000000000000000000, 0.000000000000000000, -1.000000000000000000 ) ) ;
#1633 = CARTESIAN_POINT ( 'NONE',  ( -3.426767277410295076, -2.679897763586109871, -3.709619386952530018 ) ) ;
#1634 = CARTESIAN_POINT ( 'NONE',  ( 3.410000000000000142, -5.230000000006670646, -0.8299999999999999600 ) ) ;
#1635 = CARTESIAN_POINT ( 'NONE',  ( -1.482517668745484851, 7.669999999999999929, 4.142726119330889745 ) ) ;
#1636 = ADVANCED_FACE ( 'NONE', ( #3856 ), #3351, .F. ) ;
#1637 = EDGE_CURVE ( 'NONE', #126, #1393, #2742, .T. ) ;
#1638 = DIRECTION ( 'NONE',  ( 0.000000000000000000, 1.000000000000000000, 0.000000000000000000 ) ) ;
#1639 = B_SPLINE_CURVE_WITH_KNOTS ( 'NONE', 3,
 ( #5057, #3539, #4662, #621, #2263, #676, #5168, #3885, #3142, #2290, #3915, #4260, #2240, #3858, #275 ),
 .UNSPECIFIED., .F., .F.,
 ( 4, 2, 2, 1, 2, 2, 2, 4 ),
 ( 0.000000000000000000, 0.2500000000000031641, 0.3750000000000037748, 0.4375000000000049960, 0.4687500000000056066, 0.5000000000000062172, 0.7500000000000029976, 1.000000000000000000 ),
 .UNSPECIFIED. ) ;
#1640 = CARTESIAN_POINT ( 'NONE',  ( 3.030000000001667360, -5.230000000000000426, -1.209999999999999964 ) ) ;
#1641 = ORIENTED_EDGE ( 'NONE', *, *, #2856, .T. ) ;
#1642 = ORIENTED_EDGE ( 'NONE', *, *, #2906, .T. ) ;
#1643 = CARTESIAN_POINT ( 'NONE',  ( 3.120000000000000551, -5.129999999999999893, -1.209999999999999964 ) ) ;
#1644 = FACE_OUTER_BOUND ( 'NONE', #10, .T. ) ;
#1645 = ORIENTED_EDGE ( 'NONE', *, *, #2153, .F. ) ;
#1646 = CARTESIAN_POINT ( 'NONE',  ( 3.500000000000000000, -2.879998866970224558, 3.640398224237369362 ) ) ;
#1647 = VECTOR ( 'NONE', #924, 1000.000000000000000 ) ;
#1648 = EDGE_CURVE ( 'NONE', #3533, #3017, #5120, .T. ) ;
#1649 = EDGE_CURVE ( 'NONE', #2631, #3896, #1547, .T. ) ;
#1650 = ORIENTED_EDGE ( 'NONE', *, *, #4887, .F. ) ;
#1651 = AXIS2_PLACEMENT_3D ( 'NONE', #3326, #2834, #2057 ) ;
#1652 = FACE_OUTER_BOUND ( 'NONE', #2397, .T. ) ;
#1653 = CARTESIAN_POINT ( 'NONE',  ( 0.000000000000000000, -4.280000000006669580, 0.000000000000000000 ) ) ;
#1654 = EDGE_CURVE ( 'NONE', #4213, #4055, #672, .T. ) ;
#1655 = ORIENTED_EDGE ( 'NONE', *, *, #4223, .T. ) ;
#1656 = VECTOR ( 'NONE', #3329, 1000.000000000000000 ) ;
#1657 = CARTESIAN_POINT ( 'NONE',  ( -0.6546356968822028000, -6.629999999999999005, -3.285776717964058680 ) ) ;
#1658 = CARTESIAN_POINT ( 'NONE',  ( 0.000000000000000000, -3.544999999999999929, 0.000000000000000000 ) ) ;
#1659 = VERTEX_POINT ( 'NONE', #5110 ) ;
#1660 = AXIS2_PLACEMENT_3D ( 'NONE', #2054, #2772, #2394 ) ;
#1661 = FACE_OUTER_BOUND ( 'NONE', #4342, .T. ) ;
#1662 = CARTESIAN_POINT ( 'NONE',  ( 2.740000000005002878, -5.230000000005003535, -0.9200000000033334846 ) ) ;
#1663 = CARTESIAN_POINT ( 'NONE',  ( 0.7178940572203338366, -4.080000000007580674, -5.452946737556770174 ) ) ;
#1664 = DIRECTION ( 'NONE',  ( 1.000000000000000000, 0.000000000000000000, -0.000000000000000000 ) ) ;
#1665 = CARTESIAN_POINT ( 'NONE',  ( 3.500000000000000000, -5.130000000049205866, -4.307261310871803417 ) ) ;
#1666 = ORIENTED_EDGE ( 'NONE', *, *, #1984, .T. ) ;
#1667 = CARTESIAN_POINT ( 'NONE',  ( 0.000000000000000000, -5.129999999999999893, 3.700000000000000178 ) ) ;
#1668 = CARTESIAN_POINT ( 'NONE',  ( 1.728352778050064709, 0.2568245677624113599, 4.606513228303793284 ) ) ;
#1669 = CARTESIAN_POINT ( 'NONE',  ( -0.7178940572166421230, -4.280000000000000249, -5.452946737558939994 ) ) ;
#1670 = VECTOR ( 'NONE', #5149, 1000.000000000000000 ) ;
#1671 = VERTEX_POINT ( 'NONE', #2716 ) ;
#1672 = DIRECTION ( 'NONE',  ( 0.000000000000000000, -1.000000000000000000, -0.000000000000000000 ) ) ;
#1673 = EDGE_LOOP ( 'NONE', ( #2621, #4941, #4728, #4168 ) ) ;
#1674 = CARTESIAN_POINT ( 'NONE',  ( 0.000000000000000000, -3.580000002102678991, 0.000000000000000000 ) ) ;
#1675 = DIRECTION ( 'NONE',  ( 0.000000000000000000, 0.000000000000000000, -1.000000000000000000 ) ) ;
#1676 = EDGE_LOOP ( 'NONE', ( #1752, #4983, #899, #2164, #384 ) ) ;
#1677 = CARTESIAN_POINT ( 'NONE',  ( 0.4725736491437237952, -6.547157287530735559, -2.968497788781967905 ) ) ;
#1678 = CARTESIAN_POINT ( 'NONE',  ( 2.249999999999999556, -4.617163789653916162, 4.521688270661237574 ) ) ;
#1679 = EDGE_CURVE ( 'NONE', #4902, #2831, #4335, .T. ) ;
#1680 = VERTEX_POINT ( 'NONE', #1897 ) ;
#1681 = CYLINDRICAL_SURFACE ( 'NONE', #720, 4.990000000000000213 ) ;
#1682 = DIRECTION ( 'NONE',  ( 0.2425356250420198090, 0.9701425001439102358, 0.000000000000000000 ) ) ;
#1683 = CIRCLE ( 'NONE', #4137, 4.989999964273295063 ) ;
#1684 = CARTESIAN_POINT ( 'NONE',  ( 2.249999999999999556, -4.589838732267744525, -4.521061822182929291 ) ) ;
#1685 = FILL_AREA_STYLE ('',( #47 ) ) ;
#1686 = FACE_OUTER_BOUND ( 'NONE', #1804, .T. ) ;
#1687 = EDGE_CURVE ( 'NONE', #1393, #1914, #3979, .T. ) ;
#1688 = ORIENTED_EDGE ( 'NONE', *, *, #432, .T. ) ;
#1689 = CARTESIAN_POINT ( 'NONE',  ( 1.516209747775141281, 7.570000000010001173, -4.236874791724631883 ) ) ;
#1690 = DIRECTION ( 'NONE',  ( 0.000000000000000000, 0.000000000000000000, -1.000000000000000000 ) ) ;
#1691 = DIRECTION ( 'NONE',  ( 1.000000000000000000, 0.000000000000000000, 0.000000000000000000 ) ) ;
#1692 = ORIENTED_EDGE ( 'NONE', *, *, #2537, .T. ) ;
#1693 = DIRECTION ( 'NONE',  ( 0.000000000000000000, 1.000000000000000000, 0.000000000000000000 ) ) ;
#1694 = EDGE_CURVE ( 'NONE', #3878, #2138, #1499, .T. ) ;
#1695 = ORIENTED_EDGE ( 'NONE', *, *, #3128, .T. ) ;
#1696 = CARTESIAN_POINT ( 'NONE',  ( 0.000000000000000000, -5.129999999999999893, -2.750000000006670220 ) ) ;
#1697 = CARTESIAN_POINT ( 'NONE',  ( 0.000000000000000000, -5.130000000009999894, 4.450000000000000178 ) ) ;
#1698 = DIRECTION ( 'NONE',  ( 0.000000000000000000, -1.000000000000000000, 0.000000000000000000 ) ) ;
#1699 = VERTEX_POINT ( 'NONE', #1157 ) ;
#1700 = CARTESIAN_POINT ( 'NONE',  ( 0.03030511540351053454, -6.430000000009999717, -2.950612516797631812 ) ) ;
#1701 = ADVANCED_FACE ( 'NONE', ( #2339 ), #4757, .F. ) ;
#1702 = CIRCLE ( 'NONE', #5268, 5.049999999999999822 ) ;
#1703 = CARTESIAN_POINT ( 'NONE',  ( 1.057596467991446243, 0.2568244764694400661, -4.805065701461902705 ) ) ;
#1704 = ORIENTED_EDGE ( 'NONE', *, *, #5179, .F. ) ;
#1705 = CARTESIAN_POINT ( 'NONE',  ( 0.000000000000000000, -5.130000000065138011, 0.000000000000000000 ) ) ;
#1706 = CARTESIAN_POINT ( 'NONE',  ( 2.500000000000000000, 0.000000000000000000, 2.250000000000000444 ) ) ;
#1707 = DIRECTION ( 'NONE',  ( 0.000000000000000000, -0.0002164568861388228719, -0.9999999765732079382 ) ) ;
#1708 = EDGE_CURVE ( 'NONE', #4956, #1222, #1474, .T. ) ;
#1709 = CONICAL_SURFACE ( 'NONE', #4165, 4.989999964280400491, 0.08726646260390812093 ) ;
#1710 = CARTESIAN_POINT ( 'NONE',  ( 2.500000000000000000, -10.13000000000000256, -2.250000000000000444 ) ) ;
#1711 = VERTEX_POINT ( 'NONE', #1966 ) ;
#1712 = VERTEX_POINT ( 'NONE', #1048 ) ;
#1713 = DIRECTION ( 'NONE',  ( -0.000000000000000000, 0.000000000000000000, 1.000000000000000000 ) ) ;
#1714 = DIRECTION ( 'NONE',  ( -0.000000000000000000, 1.000000000000000000, -0.000000000000000000 ) ) ;
#1715 = ORIENTED_EDGE ( 'NONE', *, *, #3716, .F. ) ;
#1716 = EDGE_LOOP ( 'NONE', ( #1408, #1204, #4421, #4357 ) ) ;
#1717 = PLANE ( 'NONE',  #3458 ) ;
#1718 = ORIENTED_EDGE ( 'NONE', *, *, #3965, .F. ) ;
#1719 = SURFACE_SIDE_STYLE ('',( #86 ) ) ;
#1720 = AXIS2_PLACEMENT_3D ( 'NONE', #2477, #440, #814 ) ;
#1721 = CARTESIAN_POINT ( 'NONE',  ( 2.250000023286479411, -5.129999999999999893, -5.562148855901902778 ) ) ;
#1722 = CARTESIAN_POINT ( 'NONE',  ( 3.500000000000056843, -2.880000000146400119, -4.873397172404399846 ) ) ;
#1723 = EDGE_LOOP ( 'NONE', ( #4764, #2951, #1781, #1688 ) ) ;
#1724 = LINE ( 'NONE', #3741, #3050 ) ;
#1725 = AXIS2_PLACEMENT_3D ( 'NONE', #3227, #4849, #1218 ) ;
#1726 = ORIENTED_EDGE ( 'NONE', *, *, #3129, .F. ) ;
#1727 = CARTESIAN_POINT ( 'NONE',  ( -4.349999999999999645, -5.129999999999999893, 2.444913086389784773 ) ) ;
#1728 = ORIENTED_EDGE ( 'NONE', *, *, #4784, .T. ) ;
#1729 = CARTESIAN_POINT ( 'NONE',  ( 3.030000000005002470, -5.130000000005002114, -0.5400000000033335912 ) ) ;
#1730 = DIRECTION ( 'NONE',  ( 0.000000000000000000, -1.000000000000000000, -0.000000000000000000 ) ) ;
#1731 = LINE ( 'NONE', #1758, #3140 ) ;
#1732 = VECTOR ( 'NONE', #1162, 1000.000000000000114 ) ;
#1733 = ORIENTED_EDGE ( 'NONE', *, *, #4306, .T. ) ;
#1734 = ORIENTED_EDGE ( 'NONE', *, *, #2004, .F. ) ;
#1735 = ADVANCED_FACE ( 'NONE', ( #5218 ), #2768, .T. ) ;
#1736 = CARTESIAN_POINT ( 'NONE',  ( 0.6433320031116658289, -3.580000000702860063, 4.886591708474319340 ) ) ;
#1737 = CARTESIAN_POINT ( 'NONE',  ( -0.7496398160393406007, -6.430000000009999717, 3.723241045770474766 ) ) ;
#1738 = CARTESIAN_POINT ( 'NONE',  ( -2.900000000003335021, -5.130000000003335003, 2.250000000003335110 ) ) ;
#1739 = DIRECTION ( 'NONE',  ( -8.881784197001252323E-16, 0.000000000000000000, -1.000000000000000000 ) ) ;
#1740 = EDGE_LOOP ( 'NONE', ( #1556, #1236, #5059, #2821, #2778, #4468, #5075, #1715, #4007, #4314 ) ) ;
#1741 = EDGE_CURVE ( 'NONE', #3720, #3470, #2315, .T. ) ;
#1742 = VERTEX_POINT ( 'NONE', #4732 ) ;
#1743 = CARTESIAN_POINT ( 'NONE',  ( 2.250000000000000444, -5.129999961360550031, 5.562148865322000368 ) ) ;
#1744 = AXIS2_PLACEMENT_3D ( 'NONE', #5246, #4040, #405 ) ;
#1745 = EDGE_LOOP ( 'NONE', ( #4922, #4925, #637, #1084 ) ) ;
#1746 = EDGE_CURVE ( 'NONE', #2429, #1870, #2570, .T. ) ;
#1747 = CARTESIAN_POINT ( 'NONE',  ( 2.700000000007260592, -10.13000000000760004, -2.750000000000000000 ) ) ;
#1748 = DIRECTION ( 'NONE',  ( -0.000000000000000000, 0.000000000000000000, 1.000000000000000000 ) ) ;
#1749 = B_SPLINE_CURVE_WITH_KNOTS ( 'NONE', 3,
 ( #3645, #2827, #4039, #4448 ),
 .UNSPECIFIED., .F., .F.,
 ( 4, 4 ),
 ( 1.047674574111871409E-14, 0.0006604843976208594428 ),
 .UNSPECIFIED. ) ;
#1750 = EDGE_LOOP ( 'NONE', ( #1056, #2558, #3041, #5040, #216 ) ) ;
#1751 = CARTESIAN_POINT ( 'NONE',  ( -2.550000000005636203, -2.580000000002499849, -4.358898943537377058 ) ) ;
#1752 = ORIENTED_EDGE ( 'NONE', *, *, #2004, .T. ) ;
#1753 = CARTESIAN_POINT ( 'NONE',  ( -1.657673291245101987, 0.6700000073433026726, -4.378224409790970384 ) ) ;
#1754 =( BOUNDED_CURVE ( )  B_SPLINE_CURVE ( 3, ( #2959, #1343, #2661, #133 ),
 .UNSPECIFIED., .F., .F. ) 
 B_SPLINE_CURVE_WITH_KNOTS ( ( 4, 4 ),
 ( 0.4987288651683847163, 0.9987288651318384503 ),
 .UNSPECIFIED. ) 
 CURVE ( )  GEOMETRIC_REPRESENTATION_ITEM ( )  RATIONAL_B_SPLINE_CURVE ( ( 1.000000000000000000, 0.3333333334098763090, 0.3333333334098763090, 1.000000000000000000 ) ) 
 REPRESENTATION_ITEM ( '' )  );
#1755 = VERTEX_POINT ( 'NONE', #5165 ) ;
#1756 = DIRECTION ( 'NONE',  ( -0.000000000000000000, 1.000000000000000000, -0.000000000000000000 ) ) ;
#1757 = PLANE ( 'NONE',  #3609 ) ;
#1758 = CARTESIAN_POINT ( 'NONE',  ( 0.000000000000000000, -5.129999999999999893, 2.250000000000000444 ) ) ;
#1759 = EDGE_CURVE ( 'NONE', #831, #521, #324, .T. ) ;
#1760 = ORIENTED_EDGE ( 'NONE', *, *, #4854, .T. ) ;
#1761 = CIRCLE ( 'NONE', #52, 6.000000000000000000 ) ;
#1762 = DIRECTION ( 'NONE',  ( 0.000000000000000000, 0.000000000000000000, 1.000000000000000000 ) ) ;
#1763 = DIRECTION ( 'NONE',  ( -0.000000000000000000, -1.000000000000000000, 0.000000000000000000 ) ) ;
#1764 = CARTESIAN_POINT ( 'NONE',  ( -0.3664591956503289727, -6.629999999999999893, 4.382522146846817179 ) ) ;
#1765 = VECTOR ( 'NONE', #2560, 1000.000000000000000 ) ;
#1766 = EDGE_CURVE ( 'NONE', #126, #5020, #1940, .T. ) ;
#1767 = VECTOR ( 'NONE', #738, 1000.000000000000000 ) ;
#1768 =( NAMED_UNIT ( * ) SI_UNIT ( $, .STERADIAN. ) SOLID_ANGLE_UNIT ( ) );
#1769 = CARTESIAN_POINT ( 'NONE',  ( 0.000000000000000000, -5.130000000009999894, 3.700000000000000178 ) ) ;
#1770 = ADVANCED_FACE ( 'NONE', ( #4682 ), #3881, .F. ) ;
#1771 = VECTOR ( 'NONE', #4022, 1000.000000000000114 ) ;
#1772 = VERTEX_POINT ( 'NONE', #4706 ) ;
#1773 = ORIENTED_EDGE ( 'NONE', *, *, #1759, .F. ) ;
#1774 = EDGE_CURVE ( 'NONE', #2940, #5229, #1975, .T. ) ;
#1775 = LINE ( 'NONE', #2243, #1345 ) ;
#1776 = CARTESIAN_POINT ( 'NONE',  ( 0.000000000000000000, -6.430000000009999717, 4.450000000000000178 ) ) ;
#1777 = VERTEX_POINT ( 'NONE', #4838 ) ;
#1778 = PLANE ( 'NONE',  #2896 ) ;
#1779 = DIRECTION ( 'NONE',  ( -0.000000000000000000, -1.000000000000000000, -0.000000000000000000 ) ) ;
#1780 = DIRECTION ( 'NONE',  ( 0.000000000000000000, 0.000000000000000000, 1.000000000000000000 ) ) ;
#1781 = ORIENTED_EDGE ( 'NONE', *, *, #1072, .T. ) ;
#1782 = CARTESIAN_POINT ( 'NONE',  ( -1.550000000010000045, 0.6700000000000000400, 0.000000000000000000 ) ) ;
#1783 = EDGE_CURVE ( 'NONE', #3847, #462, #23, .T. ) ;
#1784 = ORIENTED_EDGE ( 'NONE', *, *, #4887, .T. ) ;
#1785 = DIRECTION ( 'NONE',  ( 0.000000000000000000, -0.000000000000000000, 1.000000000000000000 ) ) ;
#1786 = ORIENTED_EDGE ( 'NONE', *, *, #1227, .F. ) ;
#1787 = VECTOR ( 'NONE', #1444, 1000.000000000000000 ) ;
#1788 = CARTESIAN_POINT ( 'NONE',  ( 2.100000000001911893, -9.330000000006496208, -2.250000000005003553 ) ) ;
#1789 = AXIS2_PLACEMENT_3D ( 'NONE', #937, #100, #2155 ) ;
#1790 = SURFACE_STYLE_FILL_AREA ( #1685 ) ;
#1791 = ORIENTED_EDGE ( 'NONE', *, *, #2031, .T. ) ;
#1792 = CIRCLE ( 'NONE', #4161, 4.500000000000000888 ) ;
#1793 = LINE ( 'NONE', #4994, #2074 ) ;
#1794 = CARTESIAN_POINT ( 'NONE',  ( 1.178984577432161673, 0.5052413492290404040, -4.651604811189504751 ) ) ;
#1795 = PRESENTATION_LAYER_ASSIGNMENT (  '', '', ( #4080 ) ) ;
#1796 = EDGE_CURVE ( 'NONE', #2429, #305, #2442, .T. ) ;
#1797 = LINE ( 'NONE', #490, #202 ) ;
#1798 = CIRCLE ( 'NONE', #1957, 4.920078019446300743 ) ;
#1799 = ORIENTED_EDGE ( 'NONE', *, *, #3094, .T. ) ;
#1800 = CLOSED_SHELL ( 'NONE', ( #4204, #994, #4081, #1443, #2166, #3652, #2890, #2776, #673, #2814, #3848, #1947, #1559, #4329, #3782, #2562, #2511, #3973, #2981, #4170, #5252, #2686, #94, #90, #145, #4290, #4443, #3506, #1469, #4234, #741, #468, #1514, #2972, #2961, #1425, #1105, #1481, #1388, #1636, #264, #5013, #2089, #5049, #2154, #438, #308, #3244, #295, #4907, #3437, #1701, #796, #3989, #578, #3164, #3525, #1770, #3171, #359, #4131, #3898, #703, #766, #2032, #2063, #665, #4240, #283, #2971, #3065, #3092, #2319, #4970, #3199, #1219, #2798, #866, #822, #475, #5004, #2347, #4943, #1407, #1956, #5226, #3400, #3655, #1901, #3518, #2014, #5129, #4046, #2584, #3486, #5157, #4965, #1073, #801, #4660, #5112, #4997, #1926, #4396, #4006, #2058, #4026, #5046, #413, #687, #17, #2705, #3187, #2035, #3134, #1087, #307, #2254, #1135, #2938, #5257, #4685, #3918, #3087, #5070, #456, #5156, #469, #4560, #1955, #3257, #4512, #3030, #2962, #654, #2476, #1573, #501, #198, #537, #1735, #1621, #897, #3071, #3475, #3647, #65, #3999, #3950 ) ) ;
#1801 = ORIENTED_EDGE ( 'NONE', *, *, #4299, .T. ) ;
#1802 = DIRECTION ( 'NONE',  ( 0.000000000000000000, 0.000000000000000000, -1.000000000000000000 ) ) ;
#1803 = PLANE ( 'NONE',  #1596 ) ;
#1804 = EDGE_LOOP ( 'NONE', ( #732, #1801, #1928, #4738, #4857, #3246, #5250, #776, #2837, #527, #1484, #4909, #4552, #923, #4398, #3330, #888, #1243, #387, #1244, #4296, #1078 ) ) ;
#1805 =( NAMED_UNIT ( * ) SI_UNIT ( $, .STERADIAN. ) SOLID_ANGLE_UNIT ( ) );
#1806 = DIRECTION ( 'NONE',  ( 0.000000000000000000, -0.000000000000000000, -1.000000000000000000 ) ) ;
#1807 = EDGE_CURVE ( 'NONE', #342, #183, #1239, .T. ) ;
#1808 = EDGE_CURVE ( 'NONE', #43, #4171, #4009, .T. ) ;
#1809 = CARTESIAN_POINT ( 'NONE',  ( -2.200000000000000178, -9.730000000000000426, 2.500000000000000000 ) ) ;
#1810 = VERTEX_POINT ( 'NONE', #3295 ) ;
#1811 = CARTESIAN_POINT ( 'NONE',  ( 3.500000000000000000, -4.959637083616558861, 4.087744982986503572 ) ) ;
#1812 = ORIENTED_EDGE ( 'NONE', *, *, #503, .F. ) ;
#1813 = CARTESIAN_POINT ( 'NONE',  ( 0.03310722618868097711, -6.629999999999999893, 1.549646382751270091 ) ) ;
#1814 = VERTEX_POINT ( 'NONE', #2493 ) ;
#1815 = EDGE_CURVE ( 'NONE', #2529, #975, #401, .T. ) ;
#1816 = DIRECTION ( 'NONE',  ( -0.000000000000000000, -1.000000000000000000, -0.000000000000000000 ) ) ;
#1817 = CIRCLE ( 'NONE', #3500, 5.049999999999999822 ) ;
#1818 = CARTESIAN_POINT ( 'NONE',  ( -2.900000000006670131, -5.129999999999999893, 0.000000000000000000 ) ) ;
#1819 = VERTEX_POINT ( 'NONE', #4446 ) ;
#1820 = DIRECTION ( 'NONE',  ( 0.000000000000000000, 0.000000000000000000, 1.000000000000000000 ) ) ;
#1821 = CARTESIAN_POINT ( 'NONE',  ( 1.465338890980002695, 0.6700000000016931301, -4.269524530249147354 ) ) ;
#1822 = B_SPLINE_CURVE_WITH_KNOTS ( 'NONE', 3,
 ( #3012, #2211, #4634, #644, #590, #217, #4208, #190, #567, #2606, #2185, #3800, #4257, #2236, #162, #997, #4681 ),
 .UNSPECIFIED., .F., .F.,
 ( 4, 2, 2, 2, 2, 1, 2, 2, 4 ),
 ( 0.000000000000000000, 0.1249999999999983069, 0.1874999999999981681, 0.2499999999999980571, 0.3749999999999962252, 0.4374999999999953926, 0.4687499999999950040, 0.4999999999999945599, 1.000000000000000000 ),
 .UNSPECIFIED. ) ;
#1823 = VECTOR ( 'NONE', #4366, 1000.000000000000000 ) ;
#1824 = LINE ( 'NONE', #4232, #2298 ) ;
#1825 = CARTESIAN_POINT ( 'NONE',  ( 0.000000000000000000, -4.280000000000000249, 0.000000000000000000 ) ) ;
#1826 = VERTEX_POINT ( 'NONE', #4500 ) ;
#1827 = ORIENTED_EDGE ( 'NONE', *, *, #2388, .F. ) ;
#1828 = CARTESIAN_POINT ( 'NONE',  ( 2.900000000003676970, -9.330000000009700756, 2.750000000001667999 ) ) ;
#1829 = AXIS2_PLACEMENT_3D ( 'NONE', #5109, #3910, #4309 ) ;
#1830 = CARTESIAN_POINT ( 'NONE',  ( 2.550000000002500045, -2.580000000005000071, 5.431160097068327808 ) ) ;
#1831 = CARTESIAN_POINT ( 'NONE',  ( -2.300000000008030288, -10.13000000000550038, -2.250000000000000444 ) ) ;
#1832 = VERTEX_POINT ( 'NONE', #2469 ) ;
#1833 = DIRECTION ( 'NONE',  ( 1.000000000000000000, 0.000000000000000000, 0.000000000000000000 ) ) ;
#1834 = DIRECTION ( 'NONE',  ( 0.000000000000000000, -1.000000000000000000, -0.000000000000000000 ) ) ;
#1835 = CARTESIAN_POINT ( 'NONE',  ( 3.029999999999999805, -5.129999999999999893, -0.9200000000000000400 ) ) ;
#1836 = VERTEX_POINT ( 'NONE', #4415 ) ;
#1837 = DIRECTION ( 'NONE',  ( 0.2425356250410867220, 0.9701425001441433826, 0.000000000000000000 ) ) ;
#1838 = CARTESIAN_POINT ( 'NONE',  ( 0.000000000000000000, -5.129999999999999893, -3.700000000000000178 ) ) ;
#1839 = ORIENTED_EDGE ( 'NONE', *, *, #66, .F. ) ;
#1840 = EDGE_CURVE ( 'NONE', #4143, #3878, #70, .T. ) ;
#1841 = DIRECTION ( 'NONE',  ( 0.000000000000000000, 0.000000000000000000, 1.000000000000000000 ) ) ;
#1842 = CARTESIAN_POINT ( 'NONE',  ( -1.516209747773168859, 7.628578643768046064, 4.236874791719115407 ) ) ;
#1843 = EDGE_LOOP ( 'NONE', ( #4379, #4236, #4089, #152, #2749 ) ) ;
#1844 = DIRECTION ( 'NONE',  ( 0.000000000000000000, 0.000000000000000000, 1.000000000000000000 ) ) ;
#1845 = CARTESIAN_POINT ( 'NONE',  ( 0.000000000000000000, -4.280000000006669580, 5.500000000000000888 ) ) ;
#1846 = EDGE_CURVE ( 'NONE', #1870, #3581, #1312, .T. ) ;
#1847 = DIRECTION ( 'NONE',  ( 0.000000000000000000, 0.000000000000000000, -1.000000000000000000 ) ) ;
#1848 = CIRCLE ( 'NONE', #4810, 5.549999964330254443 ) ;
#1849 = CARTESIAN_POINT ( 'NONE',  ( 2.500000000000000000, 0.000000000000000000, -2.750000000000000000 ) ) ;
#1850 = ORIENTED_EDGE ( 'NONE', *, *, #760, .F. ) ;
#1851 = ORIENTED_EDGE ( 'NONE', *, *, #2308, .T. ) ;
#1852 = VECTOR ( 'NONE', #1003, 1000.000000000000000 ) ;
#1853 =( NAMED_UNIT ( * ) SI_UNIT ( $, .STERADIAN. ) SOLID_ANGLE_UNIT ( ) );
#1854 = CIRCLE ( 'NONE', #2864, 5.500000000000000888 ) ;
#1855 = VECTOR ( 'NONE', #4215, 1000.000000000000000 ) ;
#1856 = CARTESIAN_POINT ( 'NONE',  ( 3.132399991691218410, -6.630000000000001670, 1.483431930373908081 ) ) ;
#1857 = ORIENTED_EDGE ( 'NONE', *, *, #244, .F. ) ;
#1858 = PLANE ( 'NONE',  #4289 ) ;
#1859 = CARTESIAN_POINT ( 'NONE',  ( 3.369163531351559993, -6.629999999999998117, 1.595557647287796366 ) ) ;
#1860 = CARTESIAN_POINT ( 'NONE',  ( -3.500000000000000000, -5.130000003578684797, 4.307261315419613545 ) ) ;
#1861 = VERTEX_POINT ( 'NONE', #1662 ) ;
#1862 = DIRECTION ( 'NONE',  ( -0.000000000000000000, 1.000000000000000000, -0.000000000000000000 ) ) ;
#1863 = EDGE_CURVE ( 'NONE', #1925, #3986, #3273, .T. ) ;
#1864 = CARTESIAN_POINT ( 'NONE',  ( 2.799999999999999822, -9.730000000000000426, -2.500000000000000000 ) ) ;
#1865 = EDGE_CURVE ( 'NONE', #2831, #5228, #3576, .T. ) ;
#1866 = FACE_OUTER_BOUND ( 'NONE', #670, .T. ) ;
#1867 = DIRECTION ( 'NONE',  ( -1.000000000000000000, 0.000000000000000000, 0.000000000000000000 ) ) ;
#1868 = EDGE_CURVE ( 'NONE', #3317, #2113, #861, .T. ) ;
#1869 = CARTESIAN_POINT ( 'NONE',  ( -1.502253422419561613, 7.669999999999999041, 4.197875436146728312 ) ) ;
#1870 = VERTEX_POINT ( 'NONE', #429 ) ;
#1871 = AXIS2_PLACEMENT_3D ( 'NONE', #2201, #4322, #4220 ) ;
#1872 = CARTESIAN_POINT ( 'NONE',  ( 2.500000000000000000, 0.000000000000000000, 2.750000000000000000 ) ) ;
#1873 = DIRECTION ( 'NONE',  ( 0.000000000000000000, -1.000000000000000000, 0.000000000000000000 ) ) ;
#1874 = EDGE_CURVE ( 'NONE', #1814, #4956, #943, .T. ) ;
#1875 = AXIS2_PLACEMENT_3D ( 'NONE', #1360, #4472, #1310 ) ;
#1876 = CARTESIAN_POINT ( 'NONE',  ( -3.200000000000000178, -2.580000000000000071, 5.075431016179808630 ) ) ;
#1877 = DIRECTION ( 'NONE',  ( 0.000000000000000000, -1.000000000000000000, 0.000000000000000000 ) ) ;
#1878 = AXIS2_PLACEMENT_3D ( 'NONE', #918, #5000, #2136 ) ;
#1879 = EDGE_LOOP ( 'NONE', ( #3726, #5010, #4262, #2022 ) ) ;
#1880 = ORIENTED_EDGE ( 'NONE', *, *, #347, .F. ) ;
#1881 =( NAMED_UNIT ( * ) PLANE_ANGLE_UNIT ( ) SI_UNIT ( $, .RADIAN. ) );
#1882 = VECTOR ( 'NONE', #3281, 1000.000000000000114 ) ;
#1883 = CARTESIAN_POINT ( 'NONE',  ( -0.6591572707124926378, -4.280000000008334915, -5.006796549937645224 ) ) ;
#1884 = ORIENTED_EDGE ( 'NONE', *, *, #825, .T. ) ;
#1885 = DIRECTION ( 'NONE',  ( -0.000000000000000000, -0.000000000000000000, 1.000000000000000000 ) ) ;
#1886 = CARTESIAN_POINT ( 'NONE',  ( 3.499999914564108305, -2.792049461493620210, 4.873397233763244962 ) ) ;
#1887 = DIRECTION ( 'NONE',  ( 0.000000000000000000, 0.000000000000000000, 1.000000000000000000 ) ) ;
#1888 = ORIENTED_EDGE ( 'NONE', *, *, #5147, .F. ) ;
#1889 = CARTESIAN_POINT ( 'NONE',  ( 0.000000000000000000, -4.589838732267749855, 0.000000000000000000 ) ) ;
#1890 = FACE_OUTER_BOUND ( 'NONE', #2158, .T. ) ;
#1891 = CARTESIAN_POINT ( 'NONE',  ( 3.348699684014861955, 7.628578643768044287, 3.998113539659037929 ) ) ;
#1892 = ORIENTED_EDGE ( 'NONE', *, *, #3899, .F. ) ;
#1893 = CARTESIAN_POINT ( 'NONE',  ( 0.6513256968660690038, -4.280000003120676411, 4.947309840679748660 ) ) ;
#1894 = B_SPLINE_CURVE_WITH_KNOTS ( 'NONE', 3,
 ( #1435, #656, #5065, #1581, #1886, #604 ),
 .UNSPECIFIED., .F., .F.,
 ( 4, 2, 4 ),
 ( 6.769245124103195499E-15, 0.0002578739214624702807, 0.0005157478429181712367 ),
 .UNSPECIFIED. ) ;
#1895 = ORIENTED_EDGE ( 'NONE', *, *, #4689, .T. ) ;
#1896 = CARTESIAN_POINT ( 'NONE',  ( 0.000000000000000000, -5.129999999999999893, 0.000000000000000000 ) ) ;
#1897 = CARTESIAN_POINT ( 'NONE',  ( 1.050000000000000044, -4.280000000006668692, 4.939635614092923177 ) ) ;
#1898 = VECTOR ( 'NONE', #2805, 1000.000000000000000 ) ;
#1899 = CARTESIAN_POINT ( 'NONE',  ( 0.000000000000000000, -6.430000000009999717, -3.700000000000000178 ) ) ;
#1900 = VECTOR ( 'NONE', #726, 1000.000000000000000 ) ;
#1901 = ADVANCED_FACE ( 'NONE', ( #3672 ), #3568, .T. ) ;
#1902 = CARTESIAN_POINT ( 'NONE',  ( 0.03310722618868040812, -6.629999999999999893, 1.549646382751269424 ) ) ;
#1903 = ORIENTED_EDGE ( 'NONE', *, *, #1324, .T. ) ;
#1904 = VERTEX_POINT ( 'NONE', #884 ) ;
#1905 = ORIENTED_EDGE ( 'NONE', *, *, #1537, .F. ) ;
#1906 = AXIS2_PLACEMENT_3D ( 'NONE', #1849, #3461, #5087 ) ;
#1907 = DIRECTION ( 'NONE',  ( 0.01137610941374894366, -0.9961946966286771010, 0.08641012986626281367 ) ) ;
#1908 = DIRECTION ( 'NONE',  ( -0.000000000000000000, 1.000000000000000000, -0.000000000000000000 ) ) ;
#1909 = ORIENTED_EDGE ( 'NONE', *, *, #3385, .T. ) ;
#1910 = LINE ( 'NONE', #1123, #1304 ) ;
#1911 = FACE_OUTER_BOUND ( 'NONE', #1542, .T. ) ;
#1912 = EDGE_CURVE ( 'NONE', #1925, #2940, #686, .T. ) ;
#1913 = CARTESIAN_POINT ( 'NONE',  ( 3.317875754561648627, 7.669999999999998153, 3.961311920725975266 ) ) ;
#1914 = VERTEX_POINT ( 'NONE', #3615 ) ;
#1915 = DIRECTION ( 'NONE',  ( 0.000000000000000000, 0.000000000000000000, 1.000000000000000000 ) ) ;
#1916 = DIRECTION ( 'NONE',  ( 0.000000000000000000, 0.000000000000000000, -1.000000000000000000 ) ) ;
#1917 = AXIS2_PLACEMENT_3D ( 'NONE', #653, #1064, #5037 ) ;
#1918 = ORIENTED_EDGE ( 'NONE', *, *, #754, .T. ) ;
#1919 = CARTESIAN_POINT ( 'NONE',  ( -3.500000000000056843, -2.880000000265599880, 4.873397172404399846 ) ) ;
#1920 = DIRECTION ( 'NONE',  ( -0.09821706464088748867, 0.6586263428523180252, -0.7460326726855256441 ) ) ;
#1921 = CARTESIAN_POINT ( 'NONE',  ( 0.000000000000000000, -5.129999964424314385, 0.000000000000000000 ) ) ;
#1922 = CARTESIAN_POINT ( 'NONE',  ( -1.420795881799705951, 0.6700000000016776980, -5.830885567799596103 ) ) ;
#1923 = CARTESIAN_POINT ( 'NONE',  ( -2.900000000000000355, 0.000000000000000000, -2.750000000000000000 ) ) ;
#1924 = ORIENTED_EDGE ( 'NONE', *, *, #268, .F. ) ;
#1925 = VERTEX_POINT ( 'NONE', #1261 ) ;
#1926 = ADVANCED_FACE ( 'NONE', ( #2875 ), #4549, .F. ) ;
#1927 = CARTESIAN_POINT ( 'NONE',  ( 0.7178940572166749856, -4.280000000000000249, 5.452946737558939994 ) ) ;
#1928 = ORIENTED_EDGE ( 'NONE', *, *, #3775, .T. ) ;
#1929 = LINE ( 'NONE', #2672, #306 ) ;
#1930 = VECTOR ( 'NONE', #69, 1000.000000000000000 ) ;
#1931 = CARTESIAN_POINT ( 'NONE',  ( 0.000000000000000000, -0.4800000028239992389, 5.049999983942090154 ) ) ;
#1932 = CIRCLE ( 'NONE', #4813, 0.7499999999999997780 ) ;
#1933 = DIRECTION ( 'NONE',  ( -0.000000000000000000, 1.000000000000000000, -0.000000000000000000 ) ) ;
#1934 = DIRECTION ( 'NONE',  ( 0.000000000000000000, 1.000000000000000000, 0.000000000000000000 ) ) ;
#1935 = ORIENTED_EDGE ( 'NONE', *, *, #1471, .F. ) ;
#1936 = PLANE ( 'NONE',  #2453 ) ;
#1937 = DIRECTION ( 'NONE',  ( 3.552713678800500929E-15, 0.000000000000000000, 1.000000000000000000 ) ) ;
#1938 = EDGE_LOOP ( 'NONE', ( #1144, #1645, #2598, #4301 ) ) ;
#1939 = CARTESIAN_POINT ( 'NONE',  ( 2.500000000000000000, -10.13000000000550038, -2.750000000000000000 ) ) ;
#1940 = LINE ( 'NONE', #3560, #1309 ) ;
#1941 = DIRECTION ( 'NONE',  ( 0.000000000000000000, 0.000000000000000000, -1.000000000000000000 ) ) ;
#1942 = PLANE ( 'NONE',  #4121 ) ;
#1943 = DIRECTION ( 'NONE',  ( 0.000000000000000000, 0.000000000000000000, 1.000000000000000000 ) ) ;
#1944 = DIRECTION ( 'NONE',  ( 0.2425356250382183221, 0.9701425001448604757, 0.000000000000000000 ) ) ;
#1945 = ORIENTED_EDGE ( 'NONE', *, *, #111, .T. ) ;
#1946 = ORIENTED_EDGE ( 'NONE', *, *, #1482, .F. ) ;
#1947 = ADVANCED_FACE ( 'NONE', ( #3320 ), #1709, .T. ) ;
#1948 = AXIS2_PLACEMENT_3D ( 'NONE', #2854, #3195, #5195 ) ;
#1949 = LINE ( 'NONE', #1669, #1882 ) ;
#1950 = ORIENTED_EDGE ( 'NONE', *, *, #4047, .T. ) ;
#1951 = ORIENTED_EDGE ( 'NONE', *, *, #4716, .T. ) ;
#1952 = CARTESIAN_POINT ( 'NONE',  ( 0.000000000000000000, -4.280000000010000250, 0.000000000000000000 ) ) ;
#1953 = AXIS2_PLACEMENT_3D ( 'NONE', #1985, #1563, #1253 ) ;
#1954 = CARTESIAN_POINT ( 'NONE',  ( 2.476948522927123086, -2.579999999998060733, -4.401634797009509548 ) ) ;
#1955 = ADVANCED_FACE ( 'NONE', ( #3212 ), #5209, .T. ) ;
#1956 = ADVANCED_FACE ( 'NONE', ( #3181 ), #4510, .F. ) ;
#1957 = AXIS2_PLACEMENT_3D ( 'NONE', #2720, #2320, #3938 ) ;
#1958 = DIRECTION ( 'NONE',  ( 0.000000000000000000, -1.000000000000000000, 0.000000000000000000 ) ) ;
#1959 = DIRECTION ( 'NONE',  ( 0.000000000000000000, 0.000000000000000000, -1.000000000000000000 ) ) ;
#1960 = ORIENTED_EDGE ( 'NONE', *, *, #1197, .F. ) ;
#1961 = DIRECTION ( 'NONE',  ( 1.000000000000000000, 0.000000000000000000, -0.000000000000000000 ) ) ;
#1962 = CARTESIAN_POINT ( 'NONE',  ( 4.142722018202501744, 7.670000000000000817, 1.482516198866049573 ) ) ;
#1963 = EDGE_CURVE ( 'NONE', #793, #2502, #5263, .T. ) ;
#1964 = ORIENTED_EDGE ( 'NONE', *, *, #2414, .T. ) ;
#1965 = FACE_OUTER_BOUND ( 'NONE', #2145, .T. ) ;
#1966 = CARTESIAN_POINT ( 'NONE',  ( 3.030000000003334915, -5.230000000001667537, -0.9200000000050003734 ) ) ;
#1967 = CARTESIAN_POINT ( 'NONE',  ( 2.399582738083617439, -2.608875501060206936, 5.499617400541788825 ) ) ;
#1968 = PLANE ( 'NONE',  #5054 ) ;
#1969 = CARTESIAN_POINT ( 'NONE',  ( -3.200000000000000178, -2.580000000000000071, 5.075431016179808630 ) ) ;
#1970 = CYLINDRICAL_SURFACE ( 'NONE', #4949, 0.2999999999999999334 ) ;
#1971 = ORIENTED_EDGE ( 'NONE', *, *, #416, .T. ) ;
#1972 = AXIS2_PLACEMENT_3D ( 'NONE', #87, #4193, #4927 ) ;
#1973 = ORIENTED_EDGE ( 'NONE', *, *, #2700, .F. ) ;
#1974 = DIRECTION ( 'NONE',  ( 0.000000000000000000, -1.000000000000000000, 0.000000000000000000 ) ) ;
#1975 = CIRCLE ( 'NONE', #4940, 4.500000000000000888 ) ;
#1976 = DIRECTION ( 'NONE',  ( 0.000000000000000000, 0.000000000000000000, 1.000000000000000000 ) ) ;
#1977 = ORIENTED_EDGE ( 'NONE', *, *, #5187, .T. ) ;
#1978 = VERTEX_POINT ( 'NONE', #1175 ) ;
#1979 = CARTESIAN_POINT ( 'NONE',  ( 0.000000000000000000, 0.6700000000000000400, 0.000000000000000000 ) ) ;
#1980 = CARTESIAN_POINT ( 'NONE',  ( -1.281387876771572065, 0.5920211526402380242, 4.518087325130900389 ) ) ;
#1981 = AXIS2_PLACEMENT_3D ( 'NONE', #3114, #2322, #2636 ) ;
#1982 = ORIENTED_EDGE ( 'NONE', *, *, #2612, .F. ) ;
#1983 = DIRECTION ( 'NONE',  ( -1.000000000000000000, 0.000000000000000000, -0.000000000000000000 ) ) ;
#1984 = EDGE_CURVE ( 'NONE', #4130, #1113, #2460, .T. ) ;
#1985 = CARTESIAN_POINT ( 'NONE',  ( 0.000000000000000000, -4.280000000006669580, 0.000000000000000000 ) ) ;
#1986 = DIRECTION ( 'NONE',  ( 0.000000000000000000, -1.000000000000000000, 0.000000000000000000 ) ) ;
#1987 = AXIS2_PLACEMENT_3D ( 'NONE', #1872, #1521, #1182 ) ;
#1988 = EDGE_LOOP ( 'NONE', ( #5170, #3836, #3789, #3860, #920, #4442, #3044, #1441, #3664, #4961, #857, #3529 ) ) ;
#1989 = CARTESIAN_POINT ( 'NONE',  ( -2.250000000000000444, -4.589838732266506405, 4.521061822182929291 ) ) ;
#1990 = EDGE_CURVE ( 'NONE', #610, #4321, #4536, .T. ) ;
#1991 = LINE ( 'NONE', #2415, #770 ) ;
#1992 = EDGE_CURVE ( 'NONE', #3497, #4130, #3310, .T. ) ;
#1993 = VERTEX_POINT ( 'NONE', #2459 ) ;
#1994 = CARTESIAN_POINT ( 'NONE',  ( 0.000000000000000000, -5.130000000009999894, 1.750000000000000000 ) ) ;
#1995 = DIRECTION ( 'NONE',  ( 0.000000000000000000, 0.000000000000000000, -1.000000000000000000 ) ) ;
#1996 = CARTESIAN_POINT ( 'NONE',  ( 0.000000000000000000, -4.631760537261060406, 0.000000000000000000 ) ) ;
#1997 = CARTESIAN_POINT ( 'NONE',  ( 3.029999999999999805, -5.230000000006670646, -0.9200000000000000400 ) ) ;
#1998 = AXIS2_PLACEMENT_3D ( 'NONE', #3771, #4963, #97 ) ;
#1999 = CARTESIAN_POINT ( 'NONE',  ( 2.250000000000000444, -5.280000000000000249, -4.521061822182930179 ) ) ;
#2000 = CARTESIAN_POINT ( 'NONE',  ( 0.000000000000000000, -4.280000000000000249, 0.000000000000000000 ) ) ;
#2001 = VERTEX_POINT ( 'NONE', #1149 ) ;
#2002 = ORIENTED_EDGE ( 'NONE', *, *, #4973, .T. ) ;
#2003 = DIRECTION ( 'NONE',  ( 1.776356839400250465E-15, 0.000000000000000000, -1.000000000000000000 ) ) ;
#2004 = EDGE_CURVE ( 'NONE', #197, #82, #3516, .T. ) ;
#2005 = DIRECTION ( 'NONE',  ( 0.000000000000000000, 0.000000000000000000, 1.000000000000000000 ) ) ;
#2006 = ORIENTED_EDGE ( 'NONE', *, *, #1808, .F. ) ;
#2007 = ORIENTED_EDGE ( 'NONE', *, *, #3912, .T. ) ;
#2008 = CARTESIAN_POINT ( 'NONE',  ( 3.426767622166616789, -2.679898134606464755, 3.709619069129604263 ) ) ;
#2009 = CARTESIAN_POINT ( 'NONE',  ( -2.250000000173279169, -2.794780673235873980, -4.521061822096692495 ) ) ;
#2010 = EDGE_LOOP ( 'NONE', ( #4491, #2007, #1011, #4905, #40, #5115 ) ) ;
#2011 = FACE_OUTER_BOUND ( 'NONE', #2328, .T. ) ;
#2012 = MECHANICAL_DESIGN_GEOMETRIC_PRESENTATION_REPRESENTATION (  '', ( #4048 ), #4898 ) ;
#2013 = CARTESIAN_POINT ( 'NONE',  ( -0.8167201673663756489, -4.603833200549221516, -5.244387046676209252 ) ) ;
#2014 = ADVANCED_FACE ( 'NONE', ( #1652 ), #5154, .T. ) ;
#2015 = AXIS2_PLACEMENT_3D ( 'NONE', #4811, #599, #2746 ) ;
#2016 = DIRECTION ( 'NONE',  ( 0.000000000000000000, 0.000000000000000000, -1.000000000000000000 ) ) ;
#2017 = EDGE_CURVE ( 'NONE', #2447, #1993, #774, .T. ) ;
#2018 = VERTEX_POINT ( 'NONE', #2358 ) ;
#2019 = AXIS2_PLACEMENT_3D ( 'NONE', #1952, #2884, #3284 ) ;
#2020 = LINE ( 'NONE', #3975, #3136 ) ;
#2021 = CIRCLE ( 'NONE', #2955, 5.049999999999999822 ) ;
#2022 = ORIENTED_EDGE ( 'NONE', *, *, #1815, .F. ) ;
#2023 = CARTESIAN_POINT ( 'NONE',  ( -0.6859455879463587369, -6.629999999999999005, -4.060010379558699256 ) ) ;
#2024 = CARTESIAN_POINT ( 'NONE',  ( -3.488836023605664582, -2.788395526323208973, -3.651187501882954045 ) ) ;
#2025 = DIRECTION ( 'NONE',  ( 1.000000000000000000, 0.000000000000000000, -0.000000000000000000 ) ) ;
#2026 = PLANE ( 'NONE',  #474 ) ;
#2027 = DIRECTION ( 'NONE',  ( 3.552713678800500929E-15, 0.000000000000000000, 1.000000000000000000 ) ) ;
#2028 = FACE_OUTER_BOUND ( 'NONE', #3630, .T. ) ;
#2029 = ORIENTED_EDGE ( 'NONE', *, *, #3939, .T. ) ;
#2030 = VERTEX_POINT ( 'NONE', #3580 ) ;
#2031 = EDGE_CURVE ( 'NONE', #1755, #3845, #1592, .T. ) ;
#2032 = ADVANCED_FACE ( 'NONE', ( #1540 ), #742, .T. ) ;
#2033 = CARTESIAN_POINT ( 'NONE',  ( -0.5506024006073348964, 0.6699999999999982636, 4.525938319105393681 ) ) ;
#2034 = CARTESIAN_POINT ( 'NONE',  ( -2.250000000000003553, -4.617163789391625528, -4.521688270648399843 ) ) ;
#2035 = ADVANCED_FACE ( 'NONE', ( #4079 ), #4397, .T. ) ;
#2036 = ORIENTED_EDGE ( 'NONE', *, *, #4880, .T. ) ;
#2037 = DIRECTION ( 'NONE',  ( 1.000000000000000000, 0.000000000000000000, 0.000000000000000000 ) ) ;
#2038 = CIRCLE ( 'NONE', #4581, 5.049999999999999822 ) ;
#2039 = FACE_OUTER_BOUND ( 'NONE', #3757, .T. ) ;
#2040 = VERTEX_POINT ( 'NONE', #2809 ) ;
#2041 = CIRCLE ( 'NONE', #1878, 5.049999983942090154 ) ;
#2042 = CARTESIAN_POINT ( 'NONE',  ( 0.8168151317841697567, -4.617815344528598764, -5.244996839580696957 ) ) ;
#2043 = VECTOR ( 'NONE', #4824, 1000.000000000000000 ) ;
#2044 = DIRECTION ( 'NONE',  ( 0.000000000000000000, -1.000000000000000000, 0.000000000000000000 ) ) ;
#2045 = ORIENTED_EDGE ( 'NONE', *, *, #3033, .T. ) ;
#2046 = CARTESIAN_POINT ( 'NONE',  ( 0.4203746052252870236, -6.629999999999999005, -3.049297291926060804 ) ) ;
#2047 = VECTOR ( 'NONE', #1214, 1000.000000000000000 ) ;
#2048 = FACE_OUTER_BOUND ( 'NONE', #2452, .T. ) ;
#2049 = ORIENTED_EDGE ( 'NONE', *, *, #2530, .T. ) ;
#2050 = CARTESIAN_POINT ( 'NONE',  ( 0.6546356968822021338, -6.629999999999999005, -4.114223282035944784 ) ) ;
#2051 = DIRECTION ( 'NONE',  ( 3.552713678800500929E-15, 0.000000000000000000, -1.000000000000000000 ) ) ;
#2052 = CARTESIAN_POINT ( 'NONE',  ( -3.200000000003473399, -2.580000000004999627, 3.906724971120665746 ) ) ;
#2053 = CARTESIAN_POINT ( 'NONE',  ( -1.050000003210737276, -0.2633312633720010787, -4.900577466167971963 ) ) ;
#2054 = CARTESIAN_POINT ( 'NONE',  ( 0.000000000000000000, -6.430000000009999717, 0.000000000000000000 ) ) ;
#2055 = ORIENTED_EDGE ( 'NONE', *, *, #2843, .F. ) ;
#2056 = CARTESIAN_POINT ( 'NONE',  ( -4.449999997337999780, -2.580000000000000071, 0.000000000000000000 ) ) ;
#2057 = DIRECTION ( 'NONE',  ( 0.000000000000000000, 0.000000000000000000, -1.000000000000000000 ) ) ;
#2058 = ADVANCED_FACE ( 'NONE', ( #2836 ), #2349, .T. ) ;
#2059 = CYLINDRICAL_SURFACE ( 'NONE', #3988, 4.500000000000000888 ) ;
#2060 = ORIENTED_EDGE ( 'NONE', *, *, #3353, .F. ) ;
#2061 = DIRECTION ( 'NONE',  ( 0.000000000000000000, 0.000000000000000000, 1.000000000000000000 ) ) ;
#2062 = CONICAL_SURFACE ( 'NONE', #5030, 5.049999983912800694, 0.1745329251954780003 ) ;
#2063 = ADVANCED_FACE ( 'NONE', ( #1644 ), #2373, .F. ) ;
#2064 = B_SPLINE_CURVE_WITH_KNOTS ( 'NONE', 3,
 ( #4707, #1922, #193, #2609, #1426, #619 ),
 .UNSPECIFIED., .F., .F.,
 ( 4, 2, 4 ),
 ( 1.790243150046425156E-15, 0.0003956705836236538380, 0.0007913411672455176581 ),
 .UNSPECIFIED. ) ;
#2065 = ORIENTED_EDGE ( 'NONE', *, *, #3418, .T. ) ;
#2066 = CARTESIAN_POINT ( 'NONE',  ( -2.899999999999999911, -10.13000000000000256, -2.750000000000000000 ) ) ;
#2067 = CARTESIAN_POINT ( 'NONE',  ( -2.100000000000000089, -10.13000000000000256, 2.250000000000000444 ) ) ;
#2068 = ORIENTED_EDGE ( 'NONE', *, *, #1380, .F. ) ;
#2069 = AXIS2_PLACEMENT_3D ( 'NONE', #5118, #4766, #1088 ) ;
#2070 = CARTESIAN_POINT ( 'NONE',  ( 0.3021065067829537543, -6.629999999999999005, 3.137333312867272017 ) ) ;
#2071 = EDGE_CURVE ( 'NONE', #3515, #1711, #4019, .T. ) ;
#2072 = DIRECTION ( 'NONE',  ( 1.067350013883435114E-17, -0.9961946980913802818, 0.08715574275183386732 ) ) ;
#2073 = ORIENTED_EDGE ( 'NONE', *, *, #124, .F. ) ;
#2074 = VECTOR ( 'NONE', #2988, 1000.000000000000000 ) ;
#2075 = CARTESIAN_POINT ( 'NONE',  ( 2.700000000003075495, -10.13000000000414147, 2.250000000005003109 ) ) ;
#2076 = CARTESIAN_POINT ( 'NONE',  ( -3.499999596133732016, -2.833369310948567144, -3.640398668954506700 ) ) ;
#2077 = CARTESIAN_POINT ( 'NONE',  ( -2.250063577957237104, -2.794864708382555296, 4.521029857893953618 ) ) ;
#2078 = FACE_OUTER_BOUND ( 'NONE', #4556, .T. ) ;
#2079 = CARTESIAN_POINT ( 'NONE',  ( 0.000000000000000000, -5.230000000000000426, 0.000000000000000000 ) ) ;
#2080 = VERTEX_POINT ( 'NONE', #1246 ) ;
#2081 = DIRECTION ( 'NONE',  ( -0.000000000000000000, 1.000000000000000000, 0.000000000000000000 ) ) ;
#2082 = DIRECTION ( 'NONE',  ( 1.000000000000000000, 0.000000000000000000, 0.000000000000000000 ) ) ;
#2083 = EDGE_CURVE ( 'NONE', #1307, #3952, #414, .T. ) ;
#2084 = DIRECTION ( 'NONE',  ( 0.000000000000000000, -1.000000000000000000, -0.000000000000000000 ) ) ;
#2085 = AXIS2_PLACEMENT_3D ( 'NONE', #3221, #2797, #3618 ) ;
#2086 = EDGE_LOOP ( 'NONE', ( #931, #3331, #4317, #4704 ) ) ;
#2087 = EDGE_CURVE ( 'NONE', #4710, #1826, #2187, .T. ) ;
#2088 = DIRECTION ( 'NONE',  ( 0.000000000000000000, 0.000000000000000000, -1.000000000000000000 ) ) ;
#2089 = ADVANCED_FACE ( 'NONE', ( #331 ), #31, .F. ) ;
#2090 = VERTEX_POINT ( 'NONE', #3966 ) ;
#2091 = CIRCLE ( 'NONE', #3194, 4.928757899712365997 ) ;
#2092 = CARTESIAN_POINT ( 'NONE',  ( -4.449999991719286285, -4.629999989565222407, -2.387467263581915855 ) ) ;
#2093 =( BOUNDED_SURFACE ( )  B_SPLINE_SURFACE ( 3, 3, ( 
 ( #4678, #3008, #5134, #4632, #3034, #1495, #215 ),
 ( #588, #3505, #3108, #159, #2603, #2629, #1869 ),
 ( #4228, #4255, #2209, #4727, #1104, #3825, #1842 ),
 ( #188, #5050, #1421, #613, #3058, #2234, #5106 ) ),
 .UNSPECIFIED., .F., .F., .T. ) 
 B_SPLINE_SURFACE_WITH_KNOTS ( ( 4, 4 ),
 ( 4, 3, 4 ),
 ( 0.000000000000000000, 1.000000000000000000 ),
 ( 0.000000000000000000, 0.5000000000000000000, 1.000000000000000000 ),
 .UNSPECIFIED. ) 
 GEOMETRIC_REPRESENTATION_ITEM ( )  RATIONAL_B_SPLINE_SURFACE ( (
 ( 1.000000000000000000, 0.8047378541082684800, 0.8047378541082684800, 1.000000000000000000, 0.8047378541082684800, 0.8047378541082684800, 1.000000000000000000),
 ( 0.8047378541479478509, 0.6476030138667122626, 0.6476030138667122626, 0.8047378541479478509, 0.6476030138667122626, 0.6476030138667122626, 0.8047378541479478509),
 ( 0.8047378541479478509, 0.6476030138667122626, 0.6476030138667122626, 0.8047378541479478509, 0.6476030138667122626, 0.6476030138667122626, 0.8047378541479478509),
 ( 1.000000000000000000, 0.8047378541082684800, 0.8047378541082684800, 1.000000000000000000, 0.8047378541082684800, 0.8047378541082684800, 1.000000000000000000) ) ) 
 REPRESENTATION_ITEM ( '' )  SURFACE ( )  );
#2094 = CARTESIAN_POINT ( 'NONE',  ( 0.000000000000000000, 7.570000000010001173, 0.000000000000000000 ) ) ;
#2095 = DIRECTION ( 'NONE',  ( -0.000000000000000000, 1.000000000000000000, 0.000000000000000000 ) ) ;
#2096 = ORIENTED_EDGE ( 'NONE', *, *, #4035, .T. ) ;
#2097 = CARTESIAN_POINT ( 'NONE',  ( 2.250000015172884726, -0.08000000000000000167, 5.562148859184013361 ) ) ;
#2098 = CARTESIAN_POINT ( 'NONE',  ( -1.550000000002505152, 0.6700000000050000404, 4.224630161326948574 ) ) ;
#2099 = VECTOR ( 'NONE', #4362, 1000.000000000000000 ) ;
#2100 = ORIENTED_EDGE ( 'NONE', *, *, #1420, .F. ) ;
#2101 = CARTESIAN_POINT ( 'NONE',  ( 0.4119634183403922401, -6.430000000009999717, -4.467272755180992760 ) ) ;
#2102 = CARTESIAN_POINT ( 'NONE',  ( 0.000000000000000000, 0.6700000000100000408, 0.000000000000000000 ) ) ;
#2103 = VECTOR ( 'NONE', #2016, 1000.000000000000000 ) ;
#2104 = CARTESIAN_POINT ( 'NONE',  ( -2.100000000000000089, -9.330000000002749871, 2.250000000000000444 ) ) ;
#2105 = VECTOR ( 'NONE', #4106, 1000.000000000000000 ) ;
#2106 = PLANE ( 'NONE',  #1027 ) ;
#2107 = ORIENTED_EDGE ( 'NONE', *, *, #363, .T. ) ;
#2108 = DIRECTION ( 'NONE',  ( 0.000000000000000000, -0.000000000000000000, 1.000000000000000000 ) ) ;
#2109 = CARTESIAN_POINT ( 'NONE',  ( -1.567785774622534989, 0.6699999999999981526, 4.140814678524654013 ) ) ;
#2110 = DIRECTION ( 'NONE',  ( -0.000000000000000000, -0.000000000000000000, -1.000000000000000000 ) ) ;
#2111 = EDGE_CURVE ( 'NONE', #1181, #3987, #3599, .T. ) ;
#2112 = ORIENTED_EDGE ( 'NONE', *, *, #2017, .T. ) ;
#2113 = VERTEX_POINT ( 'NONE', #4049 ) ;
#2114 = CARTESIAN_POINT ( 'NONE',  ( 2.250000000000000444, -5.280000000000000249, 5.562148865322000368 ) ) ;
#2115 = ORIENTED_EDGE ( 'NONE', *, *, #3687, .F. ) ;
#2116 = FILL_AREA_STYLE_COLOUR ( '', #5206 ) ;
#2117 = VECTOR ( 'NONE', #1152, 999.9999999999998863 ) ;
#2118 = CARTESIAN_POINT ( 'NONE',  ( 0.000000000000000000, -3.580000002102678991, 0.000000000000000000 ) ) ;
#2119 = VECTOR ( 'NONE', #2544, 1000.000000000000000 ) ;
#2120 = ORIENTED_EDGE ( 'NONE', *, *, #1197, .T. ) ;
#2121 = CARTESIAN_POINT ( 'NONE',  ( 0.03030511540327374478, -6.547157287530735559, -2.950612516803484020 ) ) ;
#2122 = EDGE_CURVE ( 'NONE', #276, #3515, #3657, .T. ) ;
#2123 = VECTOR ( 'NONE', #2072, 1000.000000000000114 ) ;
#2124 = EDGE_LOOP ( 'NONE', ( #108, #3367, #2912, #4178 ) ) ;
#2125 = CARTESIAN_POINT ( 'NONE',  ( 0.5461860711555009962, 0.6699999999999997069, -4.527610447712927311 ) ) ;
#2126 = ORIENTED_EDGE ( 'NONE', *, *, #4894, .F. ) ;
#2127 = CARTESIAN_POINT ( 'NONE',  ( 0.000000000000000000, -4.280000000000000249, 0.000000000000000000 ) ) ;
#2128 = DIRECTION ( 'NONE',  ( 0.000000000000000000, 0.000000000000000000, 1.000000000000000000 ) ) ;
#2129 = VECTOR ( 'NONE', #1601, 1000.000000000000000 ) ;
#2130 = EDGE_CURVE ( 'NONE', #2324, #3781, #1949, .T. ) ;
#2131 = FACE_BOUND ( 'NONE', #3381, .T. ) ;
#2132 = VERTEX_POINT ( 'NONE', #4876 ) ;
#2133 = PLANE ( 'NONE',  #522 ) ;
#2134 = CARTESIAN_POINT ( 'NONE',  ( 1.268234928296909425, 0.5833398441019076452, -4.535441269952626087 ) ) ;
#2135 = CARTESIAN_POINT ( 'NONE',  ( 1.550000000002500267, 0.6700000000024999292, 5.796335048976400728 ) ) ;
#2136 = DIRECTION ( 'NONE',  ( 0.2210526315784378248, 0.000000000000000000, 0.9752618797391023886 ) ) ;
#2137 = ORIENTED_EDGE ( 'NONE', *, *, #3158, .T. ) ;
#2138 = VERTEX_POINT ( 'NONE', #2860 ) ;
#2139 = CARTESIAN_POINT ( 'NONE',  ( -4.450000000000000178, -5.280000000000000249, 2.387467280873579956 ) ) ;
#2140 = ORIENTED_EDGE ( 'NONE', *, *, #99, .F. ) ;
#2141 = DIRECTION ( 'NONE',  ( -0.000000000000000000, -1.000000000000000000, -0.000000000000000000 ) ) ;
#2142 = AXIS2_PLACEMENT_3D ( 'NONE', #1198, #5260, #1617 ) ;
#2143 = CARTESIAN_POINT ( 'NONE',  ( -1.550000000010001155, 0.6699999999999999289, -4.147505116722029150 ) ) ;
#2144 = LINE ( 'NONE', #580, #2695 ) ;
#2145 = EDGE_LOOP ( 'NONE', ( #3016, #2407, #4458, #583 ) ) ;
#2146 = DIRECTION ( 'NONE',  ( -0.000000000000000000, 1.000000000000000000, -0.000000000000000000 ) ) ;
#2147 = EDGE_CURVE ( 'NONE', #3051, #1074, #1168, .T. ) ;
#2148 = AXIS2_PLACEMENT_3D ( 'NONE', #4969, #2960, #134 ) ;
#2149 = CARTESIAN_POINT ( 'NONE',  ( 2.250070414217409720, -4.630801655815383278, 4.522504639445300789 ) ) ;
#2150 = VERTEX_POINT ( 'NONE', #5227 ) ;
#2151 = CARTESIAN_POINT ( 'NONE',  ( -2.899999999999999911, -5.130000000001667892, -2.750000000001667555 ) ) ;
#2152 = CARTESIAN_POINT ( 'NONE',  ( 2.250000000000000444, -2.879774645630770014, -4.521057318010568871 ) ) ;
#2153 = EDGE_CURVE ( 'NONE', #131, #3799, #1584, .T. ) ;
#2154 = ADVANCED_FACE ( 'NONE', ( #2428 ), #3570, .F. ) ;
#2155 = DIRECTION ( 'NONE',  ( 0.000000000000000000, 0.000000000000000000, -1.000000000000000000 ) ) ;
#2156 = CIRCLE ( 'NONE', #4781, 0.7499999999999997780 ) ;
#2157 = ORIENTED_EDGE ( 'NONE', *, *, #273, .F. ) ;
#2158 = EDGE_LOOP ( 'NONE', ( #2868, #4214, #3635, #1016, #3501 ) ) ;
#2159 = DIRECTION ( 'NONE',  ( 0.000000000000000000, 0.000000000000000000, -1.000000000000000000 ) ) ;
#2160 = CARTESIAN_POINT ( 'NONE',  ( 1.158575621228944197, 0.4815442186375994416, -4.677740681744593232 ) ) ;
#2161 = CARTESIAN_POINT ( 'NONE',  ( 1.105952647167470326, 0.4343676210105177349, 5.897956042927411602 ) ) ;
#2162 = LINE ( 'NONE', #4945, #717 ) ;
#2163 = ORIENTED_EDGE ( 'NONE', *, *, #2674, .T. ) ;
#2164 = ORIENTED_EDGE ( 'NONE', *, *, #1608, .F. ) ;
#2165 = DIRECTION ( 'NONE',  ( 0.000000000000000000, -1.000000000000000000, 0.000000000000000000 ) ) ;
#2166 = ADVANCED_FACE ( 'NONE', ( #442 ), #2059, .T. ) ;
#2167 = EDGE_CURVE ( 'NONE', #56, #2300, #2963, .T. ) ;
#2168 = DIRECTION ( 'NONE',  ( 0.000000000000000000, 0.000000000000000000, 1.000000000000000000 ) ) ;
#2169 = VECTOR ( 'NONE', #2128, 1000.000000000000000 ) ;
#2170 = ORIENTED_EDGE ( 'NONE', *, *, #631, .T. ) ;
#2171 = CARTESIAN_POINT ( 'NONE',  ( 2.900000000009999912, 0.000000000000000000, 2.250000000000000444 ) ) ;
#2172 = DIRECTION ( 'NONE',  ( 0.9701425001453378716, -0.2425356250363089605, 0.000000000000000000 ) ) ;
#2173 = VERTEX_POINT ( 'NONE', #4102 ) ;
#2174 = DIRECTION ( 'NONE',  ( -1.000000000000000000, 0.000000000000000000, -0.000000000000000000 ) ) ;
#2175 = CARTESIAN_POINT ( 'NONE',  ( 0.000000000000000000, 7.570000000010001173, 0.000000000000000000 ) ) ;
#2176 = EDGE_CURVE ( 'NONE', #1904, #2774, #1347, .T. ) ;
#2177 = ORIENTED_EDGE ( 'NONE', *, *, #2644, .F. ) ;
#2178 = EDGE_CURVE ( 'NONE', #484, #1437, #3062, .T. ) ;
#2179 = FILL_AREA_STYLE ('',( #562 ) ) ;
#2180 = PLANE ( 'NONE',  #4711 ) ;
#2181 = EDGE_CURVE ( 'NONE', #3628, #3493, #1220, .T. ) ;
#2182 = DIRECTION ( 'NONE',  ( 0.000000000000000000, 0.000000000000000000, 1.000000000000000000 ) ) ;
#2183 = ORIENTED_EDGE ( 'NONE', *, *, #595, .T. ) ;
#2184 = VECTOR ( 'NONE', #5047, 1000.000000000000000 ) ;
#2185 = CARTESIAN_POINT ( 'NONE',  ( -1.225180877476428121, 0.5506466466219297473, -4.591862010909339986 ) ) ;
#2186 = CARTESIAN_POINT ( 'NONE',  ( 0.7711212941517341379, -6.547157287530735559, 4.104713835428985824 ) ) ;
#2187 = B_SPLINE_CURVE_WITH_KNOTS ( 'NONE', 3,
 ( #2777, #3627, #2034, #3230 ),
 .UNSPECIFIED., .F., .F.,
 ( 4, 4 ),
 ( 7.967244053960195860E-15, 4.096627212178233598E-05 ),
 .UNSPECIFIED. ) ;
#2188 = CIRCLE ( 'NONE', #3879, 1.750000000000000000 ) ;
#2189 = LINE ( 'NONE', #973, #4924 ) ;
#2190 = EDGE_CURVE ( 'NONE', #3964, #3324, #4779, .T. ) ;
#2191 = EDGE_CURVE ( 'NONE', #5256, #36, #3379, .T. ) ;
#2192 = LINE ( 'NONE', #3380, #5036 ) ;
#2193 = ORIENTED_EDGE ( 'NONE', *, *, #432, .F. ) ;
#2194 = EDGE_LOOP ( 'NONE', ( #4653, #2685, #298, #5270 ) ) ;
#2195 = DIRECTION ( 'NONE',  ( 0.000000000000000000, 1.000000000000000000, 0.000000000000000000 ) ) ;
#2196 = EDGE_CURVE ( 'NONE', #470, #3204, #944, .T. ) ;
#2197 = VERTEX_POINT ( 'NONE', #1738 ) ;
#2198 = DIRECTION ( 'NONE',  ( -0.000000000000000000, 1.000000000000000000, 0.000000000000000000 ) ) ;
#2199 = PLANE ( 'NONE',  #3371 ) ;
#2200 = EDGE_LOOP ( 'NONE', ( #4098, #3731, #4021, #4399, #1586 ) ) ;
#2201 = CARTESIAN_POINT ( 'NONE',  ( 0.000000000000000000, -5.129999999999999893, 0.000000000000000000 ) ) ;
#2202 = ORIENTED_EDGE ( 'NONE', *, *, #850, .T. ) ;
#2203 = CARTESIAN_POINT ( 'NONE',  ( -1.050000000000000044, -4.280000000008334027, 4.939635614096193450 ) ) ;
#2204 = ORIENTED_EDGE ( 'NONE', *, *, #3322, .F. ) ;
#2205 = DIRECTION ( 'NONE',  ( 0.000000000000000000, 1.000000000000000000, 0.000000000000000000 ) ) ;
#2206 = CIRCLE ( 'NONE', #71, 4.500000000000000888 ) ;
#2207 = CARTESIAN_POINT ( 'NONE',  ( -5.400000000000080291, 0.6700000000000000400, -2.615339366124239007 ) ) ;
#2208 = VECTOR ( 'NONE', #3612, 1000.000000000000114 ) ;
#2209 = CARTESIAN_POINT ( 'NONE',  ( -3.348699684554752753, 7.628578643768044287, -3.998113539048622656 ) ) ;
#2210 = ORIENTED_EDGE ( 'NONE', *, *, #4306, .F. ) ;
#2211 = CARTESIAN_POINT ( 'NONE',  ( -1.507679269500640906, 0.6700000000008465850, -4.208500664456381379 ) ) ;
#2212 = CARTESIAN_POINT ( 'NONE',  ( 1.080805091054573897, 0.3495430809032616937, -4.776037593848308838 ) ) ;
#2213 = CARTESIAN_POINT ( 'NONE',  ( 2.250044735516296246, -4.630792107667011770, -4.522512056884787413 ) ) ;
#2214 = CARTESIAN_POINT ( 'NONE',  ( 0.000000000000000000, 0.6700000000000000400, 0.000000000000000000 ) ) ;
#2215 = VECTOR ( 'NONE', #1023, 1000.000000000000000 ) ;
#2216 = ORIENTED_EDGE ( 'NONE', *, *, #4807, .F. ) ;
#2217 = ORIENTED_EDGE ( 'NONE', *, *, #4057, .F. ) ;
#2218 = SURFACE_STYLE_FILL_AREA ( #5060 ) ;
#2219 = DIRECTION ( 'NONE',  ( 0.000000000000000000, 1.000000000000000000, -0.000000000000000000 ) ) ;
#2220 = DIRECTION ( 'NONE',  ( 0.000000000000000000, 0.000000000000000000, -1.000000000000000000 ) ) ;
#2221 = EDGE_CURVE ( 'NONE', #388, #4836, #5102, .T. ) ;
#2222 = ORIENTED_EDGE ( 'NONE', *, *, #1808, .T. ) ;
#2223 = CARTESIAN_POINT ( 'NONE',  ( 0.000000000000000000, -2.580000000005000071, 0.000000000000000000 ) ) ;
#2224 = DIRECTION ( 'NONE',  ( 0.000000000000000000, 1.000000000000000000, 0.000000000000000000 ) ) ;
#2225 = EDGE_CURVE ( 'NONE', #342, #3546, #5029, .T. ) ;
#2226 = ORIENTED_EDGE ( 'NONE', *, *, #1741, .F. ) ;
#2227 = CARTESIAN_POINT ( 'NONE',  ( -0.7711212941577570978, -6.430000000009999717, 3.295286164567853948 ) ) ;
#2228 = ORIENTED_EDGE ( 'NONE', *, *, #1025, .T. ) ;
#2229 = PLANE ( 'NONE',  #256 ) ;
#2230 = VERTEX_POINT ( 'NONE', #2555 ) ;
#2231 = DIRECTION ( 'NONE',  ( -1.000000000000000000, 0.000000000000000000, 0.000000000000000000 ) ) ;
#2232 = AXIS2_PLACEMENT_3D ( 'NONE', #901, #4564, #2566 ) ;
#2233 = DIRECTION ( 'NONE',  ( 0.000000000000000000, -1.000000000000000000, 0.000000000000000000 ) ) ;
#2234 = CARTESIAN_POINT ( 'NONE',  ( -3.998113538825139202, 7.570000000010002061, 3.348699684832149082 ) ) ;
#2235 = ORIENTED_EDGE ( 'NONE', *, *, #503, .T. ) ;
#2236 = CARTESIAN_POINT ( 'NONE',  ( -1.191877868173028876, 0.5189814155557327391, -4.635010081410807281 ) ) ;
#2237 = CARTESIAN_POINT ( 'NONE',  ( -0.7359235698169479534, -6.430000000009997940, 4.165658499634242951 ) ) ;
#2238 = VECTOR ( 'NONE', #200, 1000.000000000000000 ) ;
#2239 = CARTESIAN_POINT ( 'NONE',  ( 0.000000000000000000, 0.7624999999999999556, 0.000000000000000000 ) ) ;
#2240 = CARTESIAN_POINT ( 'NONE',  ( 1.397057977199208878, 0.6504910689818576008, 4.363096918432610494 ) ) ;
#2241 = ORIENTED_EDGE ( 'NONE', *, *, #2017, .F. ) ;
#2242 = ORIENTED_EDGE ( 'NONE', *, *, #525, .F. ) ;
#2243 = CARTESIAN_POINT ( 'NONE',  ( -3.200000000000000178, -2.580000000000000071, 0.000000000000000000 ) ) ;
#2244 = EDGE_CURVE ( 'NONE', #2774, #4268, #2882, .T. ) ;
#2245 = CARTESIAN_POINT ( 'NONE',  ( -2.275018289640365232, -4.589838732266506405, 4.508524346368980140 ) ) ;
#2246 = VERTEX_POINT ( 'NONE', #2990 ) ;
#2247 = DIRECTION ( 'NONE',  ( 1.000000000000000000, 0.000000000000000000, -0.000000000000000000 ) ) ;
#2248 = CARTESIAN_POINT ( 'NONE',  ( -2.700000000002356959, -10.13000000000454115, 2.250000000005003109 ) ) ;
#2249 = EDGE_CURVE ( 'NONE', #2173, #126, #2189, .T. ) ;
#2250 = CARTESIAN_POINT ( 'NONE',  ( -3.271631757767483606, -2.580000000001657856, 3.848051369436401803 ) ) ;
#2251 = ORIENTED_EDGE ( 'NONE', *, *, #1649, .T. ) ;
#2252 = LINE ( 'NONE', #3869, #509 ) ;
#2253 = CARTESIAN_POINT ( 'NONE',  ( -0.6591572707221110550, -4.280000000000000249, 5.006796549936379570 ) ) ;
#2254 = ADVANCED_FACE ( 'NONE', ( #3707 ), #54, .T. ) ;
#2255 = CYLINDRICAL_SURFACE ( 'NONE', #4390, 0.5000000000000000000 ) ;
#2256 = FACE_OUTER_BOUND ( 'NONE', #608, .T. ) ;
#2257 = DIRECTION ( 'NONE',  ( 0.000000000000000000, 0.000000000000000000, 1.000000000000000000 ) ) ;
#2258 = ORIENTED_EDGE ( 'NONE', *, *, #1015, .T. ) ;
#2259 = CARTESIAN_POINT ( 'NONE',  ( -0.7178940572119681951, -4.080000000006670291, 5.452946737566652047 ) ) ;
#2260 = CARTESIAN_POINT ( 'NONE',  ( 0.000000000000000000, -5.129999999999999893, 4.450000000000000178 ) ) ;
#2261 = CARTESIAN_POINT ( 'NONE',  ( -3.354999999999999982, -5.129999999999999893, 0.000000000000000000 ) ) ;
#2262 = CIRCLE ( 'NONE', #2605, 4.989999964275426692 ) ;
#2263 = CARTESIAN_POINT ( 'NONE',  ( 1.126614446681299508, 0.4369972203819946222, 4.718533069626912102 ) ) ;
#2264 = VERTEX_POINT ( 'NONE', #3487 ) ;
#2265 = ORIENTED_EDGE ( 'NONE', *, *, #1508, .F. ) ;
#2266 = VECTOR ( 'NONE', #1574, 1000.000000000000000 ) ;
#2267 = DIRECTION ( 'NONE',  ( 0.000000000000000000, -0.000000000000000000, -1.000000000000000000 ) ) ;
#2268 = VECTOR ( 'NONE', #119, 1000.000000000000000 ) ;
#2269 = CIRCLE ( 'NONE', #4141, 5.049999983942090154 ) ;
#2270 = DIRECTION ( 'NONE',  ( -0.000000000000000000, 1.000000000000000000, -0.000000000000000000 ) ) ;
#2271 = ORIENTED_EDGE ( 'NONE', *, *, #5210, .F. ) ;
#2272 = DIRECTION ( 'NONE',  ( 0.000000000000000000, 0.000000000000000000, -1.000000000000000000 ) ) ;
#2273 = FACE_OUTER_BOUND ( 'NONE', #4403, .T. ) ;
#2274 = CARTESIAN_POINT ( 'NONE',  ( 2.500000000000000000, -10.13000000000610079, 2.750000000000000000 ) ) ;
#2275 = VERTEX_POINT ( 'NONE', #4312 ) ;
#2276 = CARTESIAN_POINT ( 'NONE',  ( -2.250000003793221293, -2.879999998777999615, -5.562148862252880299 ) ) ;
#2277 = CARTESIAN_POINT ( 'NONE',  ( -0.03310722617889798325, -6.629999999999999893, -1.549646382751479257 ) ) ;
#2278 = CARTESIAN_POINT ( 'NONE',  ( 0.000000000000000000, -6.430000000009999717, 1.750000000000000000 ) ) ;
#2279 = ORIENTED_EDGE ( 'NONE', *, *, #2422, .F. ) ;
#2280 = FACE_OUTER_BOUND ( 'NONE', #1598, .T. ) ;
#2281 = EDGE_CURVE ( 'NONE', #3987, #2497, #160, .T. ) ;
#2282 = CARTESIAN_POINT ( 'NONE',  ( 1.292035804948132194, 0.6177975913243162198, -5.860005137523026875 ) ) ;
#2283 = ORIENTED_EDGE ( 'NONE', *, *, #2376, .T. ) ;
#2284 = CONICAL_SURFACE ( 'NONE', #4744, 5.049999983912800694, 0.1745329252165481182 ) ;
#2285 = CARTESIAN_POINT ( 'NONE',  ( 0.000000000000000000, -5.129999999999999893, 3.700000000000000178 ) ) ;
#2286 = CARTESIAN_POINT ( 'NONE',  ( -4.349999999999999645, -4.280000207287563363, 2.444913049931175308 ) ) ;
#2287 = VECTOR ( 'NONE', #1045, 1000.000000000000000 ) ;
#2288 = EDGE_CURVE ( 'NONE', #171, #4902, #3146, .T. ) ;
#2289 = DIRECTION ( 'NONE',  ( 0.000000000000000000, -1.000000000000000000, 0.000000000000000000 ) ) ;
#2290 = CARTESIAN_POINT ( 'NONE',  ( 1.182374533908141734, 0.5089816724601723408, 4.647249211032436378 ) ) ;
#2291 = AXIS2_PLACEMENT_3D ( 'NONE', #1864, #4651, #584 ) ;
#2292 =( BOUNDED_SURFACE ( )  B_SPLINE_SURFACE ( 3, 3, ( 
 ( #1813, #3499, #1041, #2277 ),
 ( #235, #4698, #1070, #5128 ),
 ( #2978, #4599, #184, #959 ),
 ( #3396, #5021, #1392, #3423 ) ),
 .UNSPECIFIED., .F., .F., .T. ) 
 B_SPLINE_SURFACE_WITH_KNOTS ( ( 4, 4 ),
 ( 4, 4 ),
 ( 0.000000000000000000, 1.000000000000000000 ),
 ( 0.000000000000000000, 1.000000000000000000 ),
 .UNSPECIFIED. ) 
 GEOMETRIC_REPRESENTATION_ITEM ( )  RATIONAL_B_SPLINE_SURFACE ( (
 ( 1.000000000000000000, 0.3333333333312289981, 0.3333333333312289981, 1.000000000000000000),
 ( 0.8047378541361513982, 0.2682459513770236725, 0.2682459513770236725, 0.8047378541361513982),
 ( 0.8047378541361513982, 0.2682459513770236725, 0.2682459513770236725, 0.8047378541361513982),
 ( 1.000000000000000000, 0.3333333333312289981, 0.3333333333312289981, 1.000000000000000000) ) ) 
 REPRESENTATION_ITEM ( '' )  SURFACE ( )  );
#2293 = ORIENTED_EDGE ( 'NONE', *, *, #4730, .T. ) ;
#2294 = ORIENTED_EDGE ( 'NONE', *, *, #33, .F. ) ;
#2295 = AXIS2_PLACEMENT_3D ( 'NONE', #5255, #735, #2005 ) ;
#2296 = APPLICATION_PROTOCOL_DEFINITION ( 'draft international standard', 'automotive_design', 1998, #234 ) ;
#2297 = EDGE_CURVE ( 'NONE', #4206, #2138, #4661, .T. ) ;
#2298 = VECTOR ( 'NONE', #1110, 1000.000000000000000 ) ;
#2299 = CARTESIAN_POINT ( 'NONE',  ( -0.03310722618868043587, -6.629999999999999893, -1.549646382751270091 ) ) ;
#2300 = VERTEX_POINT ( 'NONE', #1476 ) ;
#2301 = LINE ( 'NONE', #728, #733 ) ;
#2302 = CARTESIAN_POINT ( 'NONE',  ( -1.050000000001922729, -2.580000000007499850, -4.939635614093375260 ) ) ;
#2303 = CARTESIAN_POINT ( 'NONE',  ( -2.249999999999999556, -4.589838732259831744, -4.521061822184199386 ) ) ;
#2304 = ORIENTED_EDGE ( 'NONE', *, *, #1582, .T. ) ;
#2305 = CARTESIAN_POINT ( 'NONE',  ( 2.550000000007961454, -2.580000000004999627, -4.358898943536015480 ) ) ;
#2306 = CARTESIAN_POINT ( 'NONE',  ( -2.100000000000000089, 0.000000000000000000, 2.250000000000000444 ) ) ;
#2307 = CARTESIAN_POINT ( 'NONE',  ( 5.077875117181664066, 7.669999999999998153, -0.9568050743495483124 ) ) ;
#2308 = EDGE_CURVE ( 'NONE', #212, #56, #4638, .T. ) ;
#2309 = VERTEX_POINT ( 'NONE', #675 ) ;
#2310 = LINE ( 'NONE', #3930, #3472 ) ;
#2311 = CARTESIAN_POINT ( 'NONE',  ( -4.616540579561229762, -4.796540579561229478, 2.429320980716986877 ) ) ;
#2312 = EDGE_CURVE ( 'NONE', #189, #1607, #3088, .T. ) ;
#2313 = EDGE_LOOP ( 'NONE', ( #2228, #3963, #1118, #919 ) ) ;
#2314 = DIRECTION ( 'NONE',  ( -0.000000000000000000, 1.000000000000000000, 0.000000000000000000 ) ) ;
#2315 = LINE ( 'NONE', #2662, #540 ) ;
#2316 = CIRCLE ( 'NONE', #3754, 4.990000000000000213 ) ;
#2317 = EDGE_CURVE ( 'NONE', #3986, #589, #2064, .T. ) ;
#2318 = CARTESIAN_POINT ( 'NONE',  ( 2.250000003793221293, -2.880000000003999805, 5.562148862252879411 ) ) ;
#2319 = ADVANCED_FACE ( 'NONE', ( #3914 ), #1081, .T. ) ;
#2320 = DIRECTION ( 'NONE',  ( -0.000000000000000000, 1.000000000000000000, -0.000000000000000000 ) ) ;
#2321 = AXIS2_PLACEMENT_3D ( 'NONE', #3681, #4918, #4944 ) ;
#2322 = DIRECTION ( 'NONE',  ( 0.000000000000000000, 0.000000000000000000, -1.000000000000000000 ) ) ;
#2323 = VERTEX_POINT ( 'NONE', #5139 ) ;
#2324 = VERTEX_POINT ( 'NONE', #705 ) ;
#2325 = CIRCLE ( 'NONE', #4455, 5.049999999999999822 ) ;
#2326 = UNCERTAINTY_MEASURE_WITH_UNIT (LENGTH_MEASURE( 1.000000000000000082E-05 ), #2501, 'distance_accuracy_value', 'NONE');
#2327 = DIRECTION ( 'NONE',  ( 0.000000000000000000, -1.000000000000000000, 0.000000000000000000 ) ) ;
#2328 = EDGE_LOOP ( 'NONE', ( #2157, #5197, #4412, #2512, #547 ) ) ;
#2329 = LINE ( 'NONE', #3945, #3275 ) ;
#2330 = CARTESIAN_POINT ( 'NONE',  ( -3.488767547263715851, -2.788050306141351076, 3.651254851918245947 ) ) ;
#2331 = CARTESIAN_POINT ( 'NONE',  ( -1.393481586329921917, 0.6488163771635111488, 4.367907166357427151 ) ) ;
#2332 = CARTESIAN_POINT ( 'NONE',  ( 3.410000000000000142, -5.230000000006670646, -0.8299999999999999600 ) ) ;
#2333 = ORIENTED_EDGE ( 'NONE', *, *, #4615, .T. ) ;
#2334 = EDGE_CURVE ( 'NONE', #2323, #189, #1824, .T. ) ;
#2335 = LINE ( 'NONE', #3954, #2208 ) ;
#2336 = AXIS2_PLACEMENT_3D ( 'NONE', #1213, #1240, #3563 ) ;
#2337 = ORIENTED_EDGE ( 'NONE', *, *, #73, .F. ) ;
#2338 = DIRECTION ( 'NONE',  ( 0.000000000000000000, 0.000000000000000000, 1.000000000000000000 ) ) ;
#2339 = FACE_OUTER_BOUND ( 'NONE', #2879, .T. ) ;
#2340 = DIRECTION ( 'NONE',  ( 0.000000000000000000, 0.000000000000000000, -1.000000000000000000 ) ) ;
#2341 = DIRECTION ( 'NONE',  ( 0.000000000000000000, -0.000000000000000000, -1.000000000000000000 ) ) ;
#2342 = LINE ( 'NONE', #4913, #2456 ) ;
#2343 = CARTESIAN_POINT ( 'NONE',  ( -2.300000000005690381, -10.13000000000610079, -2.750000000000000000 ) ) ;
#2344 = B_SPLINE_CURVE_WITH_KNOTS ( 'NONE', 3,
 ( #930, #42, #2895, #1703 ),
 .UNSPECIFIED., .F., .F.,
 ( 4, 4 ),
 ( 0.000000000000000000, 8.886439734605838120E-05 ),
 .UNSPECIFIED. ) ;
#2345 = EDGE_LOOP ( 'NONE', ( #1042, #2999, #156, #3395, #4495, #1326 ) ) ;
#2346 = ORIENTED_EDGE ( 'NONE', *, *, #2751, .T. ) ;
#2347 = ADVANCED_FACE ( 'NONE', ( #219 ), #5192, .T. ) ;
#2348 = EDGE_CURVE ( 'NONE', #4571, #4162, #5086, .T. ) ;
#2349 = PLANE ( 'NONE',  #2724 ) ;
#2350 = ORIENTED_EDGE ( 'NONE', *, *, #2533, .F. ) ;
#2351 = ORIENTED_EDGE ( 'NONE', *, *, #1445, .F. ) ;
#2352 = VECTOR ( 'NONE', #4654, 1000.000000000000000 ) ;
#2353 = CARTESIAN_POINT ( 'NONE',  ( -3.451410265328459737, -2.710783212886913152, 3.686587605480488250 ) ) ;
#2354 = MECHANICAL_DESIGN_GEOMETRIC_PRESENTATION_REPRESENTATION (  '', ( #4135 ), #4652 ) ;
#2355 = EDGE_CURVE ( 'NONE', #2883, #2040, #1125, .T. ) ;
#2356 = DIRECTION ( 'NONE',  ( 0.000000000000000000, 0.000000000000000000, -1.000000000000000000 ) ) ;
#2357 = CARTESIAN_POINT ( 'NONE',  ( 3.200000000000000178, -2.879999999999999893, 5.604829217896000415 ) ) ;
#2358 = CARTESIAN_POINT ( 'NONE',  ( 3.120000000005002327, -5.130000000005002114, -0.5400000000033335912 ) ) ;
#2359 = DIRECTION ( 'NONE',  ( 0.000000000000000000, 0.000000000000000000, -1.000000000000000000 ) ) ;
#2360 = EDGE_LOOP ( 'NONE', ( #960, #5251, #140, #4666, #4879 ) ) ;
#2361 = DIRECTION ( 'NONE',  ( 1.000000000000000000, 0.000000000000000000, 0.000000000000000000 ) ) ;
#2362 = CARTESIAN_POINT ( 'NONE',  ( -3.500000000000000000, -2.879998024816864621, -3.640398203089040052 ) ) ;
#2363 = ORIENTED_EDGE ( 'NONE', *, *, #2414, .F. ) ;
#2364 = LINE ( 'NONE', #671, #4788 ) ;
#2365 = DIRECTION ( 'NONE',  ( 1.000000000000000000, 0.000000000000000000, -0.000000000000000000 ) ) ;
#2366 = FACE_OUTER_BOUND ( 'NONE', #1938, .T. ) ;
#2367 = FACE_OUTER_BOUND ( 'NONE', #622, .T. ) ;
#2368 = LINE ( 'NONE', #2771, #2464 ) ;
#2369 = CARTESIAN_POINT ( 'NONE',  ( 3.500000000000000000, -4.629999993731141572, -3.640398329819074519 ) ) ;
#2370 = ORIENTED_EDGE ( 'NONE', *, *, #1654, .F. ) ;
#2371 = VERTEX_POINT ( 'NONE', #3884 ) ;
#2372 = EDGE_CURVE ( 'NONE', #3410, #1711, #245, .T. ) ;
#2373 = CYLINDRICAL_SURFACE ( 'NONE', #1031, 5.049999999999999822 ) ;
#2374 = ORIENTED_EDGE ( 'NONE', *, *, #1356, .T. ) ;
#2375 = ORIENTED_EDGE ( 'NONE', *, *, #3693, .F. ) ;
#2376 = EDGE_CURVE ( 'NONE', #443, #987, #3431, .T. ) ;
#2377 = CARTESIAN_POINT ( 'NONE',  ( 0.000000000000000000, -5.129999999999999893, 2.750000000006670220 ) ) ;
#2378 = DIRECTION ( 'NONE',  ( -0.000000000000000000, 1.000000000000000000, 0.000000000000000000 ) ) ;
#2379 = EDGE_CURVE ( 'NONE', #399, #2132, #1798, .T. ) ;
#2380 = EDGE_LOOP ( 'NONE', ( #696, #4847, #120, #4117 ) ) ;
#2381 = CARTESIAN_POINT ( 'NONE',  ( -0.5493346576097902778, -6.629999999999999893, -3.672597073785361044 ) ) ;
#2382 = CARTESIAN_POINT ( 'NONE',  ( 0.4945128250775567280, -6.629999999999999893, 2.573964003313476745 ) ) ;
#2383 = DIRECTION ( 'NONE',  ( 0.000000000000000000, -1.000000000000000000, 0.000000000000000000 ) ) ;
#2384 = ORIENTED_EDGE ( 'NONE', *, *, #4532, .T. ) ;
#2385 = CARTESIAN_POINT ( 'NONE',  ( -0.5396772845324282475, -6.629999999999999893, -3.358517100268223032 ) ) ;
#2386 = FACE_OUTER_BOUND ( 'NONE', #1131, .T. ) ;
#2387 = ORIENTED_EDGE ( 'NONE', *, *, #1179, .T. ) ;
#2388 = EDGE_CURVE ( 'NONE', #3952, #2080, #5107, .T. ) ;
#2389 = CARTESIAN_POINT ( 'NONE',  ( -0.02695770478747987545, -6.629999999999999005, -4.366612427460378143 ) ) ;
#2390 = CARTESIAN_POINT ( 'NONE',  ( -3.451879581963366306, -2.711553259693475493, -3.686146270176930528 ) ) ;
#2391 = CARTESIAN_POINT ( 'NONE',  ( -0.6513256991789517780, -4.280000000007049721, -4.947309858260202198 ) ) ;
#2392 = CARTESIAN_POINT ( 'NONE',  ( 3.410000000000000142, -5.129999999999999893, -0.9200000000000000400 ) ) ;
#2393 = CARTESIAN_POINT ( 'NONE',  ( -4.449999991719286285, -4.629999989565222407, -2.387467263581915855 ) ) ;
#2394 = DIRECTION ( 'NONE',  ( 0.000000000000000000, 0.000000000000000000, 1.000000000000000000 ) ) ;
#2395 = EDGE_LOOP ( 'NONE', ( #3048, #4763, #4687, #2846, #3268 ) ) ;
#2396 = AXIS2_PLACEMENT_3D ( 'NONE', #4125, #4897, #2003 ) ;
#2397 = EDGE_LOOP ( 'NONE', ( #5202, #5072, #3792, #2235, #5088 ) ) ;
#2398 = PLANE ( 'NONE',  #1725 ) ;
#2399 = CIRCLE ( 'NONE', #4010, 4.841269281253910428 ) ;
#2400 = FILL_AREA_STYLE_COLOUR ( '', #4250 ) ;
#2401 = ORIENTED_EDGE ( 'NONE', *, *, #2929, .F. ) ;
#2402 = EDGE_LOOP ( 'NONE', ( #3288, #3821, #4246, #3567 ) ) ;
#2403 = EDGE_CURVE ( 'NONE', #4288, #4641, #439, .T. ) ;
#2404 = CARTESIAN_POINT ( 'NONE',  ( -3.500000000000000000, -4.629999972507903294, -3.640398247376778418 ) ) ;
#2405 = CARTESIAN_POINT ( 'NONE',  ( -2.834999999999999964, -5.129999999999999893, -0.7349999999999999867 ) ) ;
#2406 = VECTOR ( 'NONE', #2556, 1000.000000000000000 ) ;
#2407 = ORIENTED_EDGE ( 'NONE', *, *, #4459, .F. ) ;
#2408 = FACE_OUTER_BOUND ( 'NONE', #2616, .T. ) ;
#2409 = DIRECTION ( 'NONE',  ( 0.000000000000000000, -1.000000000000000000, 0.000000000000000000 ) ) ;
#2410 = CARTESIAN_POINT ( 'NONE',  ( 0.000000000000000000, -4.280000000010000250, 0.000000000000000000 ) ) ;
#2411 = VERTEX_POINT ( 'NONE', #381 ) ;
#2412 = CARTESIAN_POINT ( 'NONE',  ( -2.250000000000000444, -4.796379137608376197, 4.706896614156391045 ) ) ;
#2413 = EDGE_CURVE ( 'NONE', #5045, #171, #5231, .T. ) ;
#2414 = EDGE_CURVE ( 'NONE', #5261, #5094, #2829, .T. ) ;
#2415 = CARTESIAN_POINT ( 'NONE',  ( -2.250000000000000444, -2.879774645629990193, 4.521057318010580417 ) ) ;
#2416 = EDGE_LOOP ( 'NONE', ( #1553, #878, #2600, #903, #3174, #2810 ) ) ;
#2417 = CARTESIAN_POINT ( 'NONE',  ( 0.7496398160393406007, -6.430000000009999717, -3.723241045770476543 ) ) ;
#2418 = CARTESIAN_POINT ( 'NONE',  ( 2.474934918419406937, -2.579999999998774385, -5.466404124976953049 ) ) ;
#2419 = CARTESIAN_POINT ( 'NONE',  ( -3.500000000000000000, -4.630000000013484218, 3.640398329741703076 ) ) ;
#2420 = DIRECTION ( 'NONE',  ( 0.000000000000000000, 0.000000000000000000, -1.000000000000000000 ) ) ;
#2421 = VECTOR ( 'NONE', #482, 1000.000000000000000 ) ;
#2422 = EDGE_CURVE ( 'NONE', #552, #5256, #2368, .T. ) ;
#2423 = CARTESIAN_POINT ( 'NONE',  ( -1.050000000000000044, 0.6700000000000000400, -4.939635614096180127 ) ) ;
#2424 = LINE ( 'NONE', #2343, #4358 ) ;
#2425 = ORIENTED_EDGE ( 'NONE', *, *, #1024, .F. ) ;
#2426 = VERTEX_POINT ( 'NONE', #1161 ) ;
#2427 = DIRECTION ( 'NONE',  ( -0.000000000000000000, 1.000000000000000000, -0.000000000000000000 ) ) ;
#2428 = FACE_OUTER_BOUND ( 'NONE', #3339, .T. ) ;
#2429 = VERTEX_POINT ( 'NONE', #4814 ) ;
#2430 = CARTESIAN_POINT ( 'NONE',  ( 3.410000000000000142, -5.129999999999999893, -0.8299999999999999600 ) ) ;
#2431 = CARTESIAN_POINT ( 'NONE',  ( -3.500000000000000000, -5.130000000050303655, -4.307261310873217397 ) ) ;
#2432 = EDGE_LOOP ( 'NONE', ( #422, #3404, #1459, #2641 ) ) ;
#2433 = CARTESIAN_POINT ( 'NONE',  ( 1.550000000002500267, 0.6700000000024999292, 5.796335048976400728 ) ) ;
#2434 = CARTESIAN_POINT ( 'NONE',  ( 0.5493346576097895007, -6.629999999999999893, 3.672597073785359267 ) ) ;
#2435 = CARTESIAN_POINT ( 'NONE',  ( 0.000000000000000000, -5.129999964424314385, 0.000000000000000000 ) ) ;
#2436 = ORIENTED_EDGE ( 'NONE', *, *, #4431, .F. ) ;
#2437 = CIRCLE ( 'NONE', #147, 0.2000000000000000389 ) ;
#2438 = DIRECTION ( 'NONE',  ( 0.000000000000000000, -0.000000000000000000, -1.000000000000000000 ) ) ;
#2439 = VECTOR ( 'NONE', #4490, 1000.000000000000000 ) ;
#2440 = CARTESIAN_POINT ( 'NONE',  ( 1.657673291245097991, 0.6700000073433026726, -4.378224409790972160 ) ) ;
#2441 = VERTEX_POINT ( 'NONE', #433 ) ;
#2442 = LINE ( 'NONE', #2795, #1053 ) ;
#2443 = EDGE_CURVE ( 'NONE', #2857, #4129, #2984, .T. ) ;
#2444 = CARTESIAN_POINT ( 'NONE',  ( 3.120000000000000551, -5.129999999999999893, -1.209999999999999964 ) ) ;
#2445 = CARTESIAN_POINT ( 'NONE',  ( 0.000000000000000000, -2.580000000009999628, 0.000000000000000000 ) ) ;
#2446 = CARTESIAN_POINT ( 'NONE',  ( 3.340835082774885834, -2.604604933361442054, -3.787769199067283044 ) ) ;
#2447 = VERTEX_POINT ( 'NONE', #406 ) ;
#2448 = DIRECTION ( 'NONE',  ( 0.000000000000000000, -0.000000000000000000, 1.000000000000000000 ) ) ;
#2449 = DIRECTION ( 'NONE',  ( -0.000000000000000000, 1.000000000000000000, -0.000000000000000000 ) ) ;
#2450 = EDGE_CURVE ( 'NONE', #3745, #4498, #3402, .T. ) ;
#2451 = CARTESIAN_POINT ( 'NONE',  ( 3.029999999999999805, -5.230000000000000426, -1.209999999999999964 ) ) ;
#2452 = EDGE_LOOP ( 'NONE', ( #4992, #2557, #4315, #1626, #3 ) ) ;
#2453 = AXIS2_PLACEMENT_3D ( 'NONE', #3156, #2361, #1517 ) ;
#2454 = LINE ( 'NONE', #1171, #3373 ) ;
#2455 = PRODUCT_DEFINITION_SHAPE ( 'NONE', 'NONE',  #335 ) ;
#2456 = VECTOR ( 'NONE', #3276, 1000.000000000000000 ) ;
#2457 = ORIENTED_EDGE ( 'NONE', *, *, #2505, .T. ) ;
#2458 = AXIS2_PLACEMENT_3D ( 'NONE', #2786, #3550, #1097 ) ;
#2459 = CARTESIAN_POINT ( 'NONE',  ( 0.000000000000000000, -2.580000000009999628, 5.049999999999999822 ) ) ;
#2460 = CIRCLE ( 'NONE', #1953, 6.000000000000000000 ) ;
#2461 = CARTESIAN_POINT ( 'NONE',  ( -1.050000000005295586, 0.1699967455702986463, 4.822401363042961187 ) ) ;
#2462 = ORIENTED_EDGE ( 'NONE', *, *, #2550, .T. ) ;
#2463 = CARTESIAN_POINT ( 'NONE',  ( 0.7490685851040976839, -6.430000000009999717, -3.737366493147543878 ) ) ;
#2464 = VECTOR ( 'NONE', #4365, 1000.000000000000000 ) ;
#2465 = CARTESIAN_POINT ( 'NONE',  ( -0.5461860711555054371, 0.6699999999999997069, -4.527610447712925534 ) ) ;
#2466 = VECTOR ( 'NONE', #2475, 1000.000000000000000 ) ;
#2467 = VERTEX_POINT ( 'NONE', #4419 ) ;
#2468 = CARTESIAN_POINT ( 'NONE',  ( 0.000000000000000000, -5.219999999999999751, 0.000000000000000000 ) ) ;
#2469 = CARTESIAN_POINT ( 'NONE',  ( 2.740000000003335323, -5.230000000005003535, -0.8300000000050002935 ) ) ;
#2470 = CARTESIAN_POINT ( 'NONE',  ( 0.000000000000000000, -5.130000000009999894, 0.000000000000000000 ) ) ;
#2471 = EDGE_CURVE ( 'NONE', #1412, #4776, #1376, .T. ) ;
#2472 = DIRECTION ( 'NONE',  ( 0.000000000000000000, 1.000000000000000000, 0.000000000000000000 ) ) ;
#2473 = CARTESIAN_POINT ( 'NONE',  ( -2.475026498971967470, -2.579999999998775273, -5.466361126721544395 ) ) ;
#2474 = ORIENTED_EDGE ( 'NONE', *, *, #8, .F. ) ;
#2475 = DIRECTION ( 'NONE',  ( 0.000000000000000000, -0.000000000000000000, -1.000000000000000000 ) ) ;
#2476 = ADVANCED_FACE ( 'NONE', ( #3620 ), #755, .T. ) ;
#2477 = CARTESIAN_POINT ( 'NONE',  ( 0.000000000000000000, -4.589838732266501076, 0.000000000000000000 ) ) ;
#2478 = ORIENTED_EDGE ( 'NONE', *, *, #3359, .F. ) ;
#2479 = AXIS2_PLACEMENT_3D ( 'NONE', #3308, #4926, #1303 ) ;
#2480 = PLANE ( 'NONE',  #3207 ) ;
#2481 = AXIS2_PLACEMENT_3D ( 'NONE', #1461, #3097, #3074 ) ;
#2482 = ORIENTED_EDGE ( 'NONE', *, *, #4855, .T. ) ;
#2483 = CARTESIAN_POINT ( 'NONE',  ( -3.354999999999999982, -5.129999999999999893, -0.7349999999999999867 ) ) ;
#2484 = CARTESIAN_POINT ( 'NONE',  ( 0.000000000000000000, -2.580000000009999628, 0.000000000000000000 ) ) ;
#2485 = DIRECTION ( 'NONE',  ( -0.000000000000000000, -1.000000000000000000, -0.000000000000000000 ) ) ;
#2486 = EDGE_LOOP ( 'NONE', ( #606, #1007, #3095, #1692, #4780 ) ) ;
#2487 = VECTOR ( 'NONE', #2830, 1000.000000000000000 ) ;
#2488 = CARTESIAN_POINT ( 'NONE',  ( 2.100000000000000089, 0.000000000000000000, -2.250000000000000444 ) ) ;
#2489 = CARTESIAN_POINT ( 'NONE',  ( 2.250000000000000444, -4.603494156449616348, 4.521061822184150536 ) ) ;
#2490 = ORIENTED_EDGE ( 'NONE', *, *, #4928, .F. ) ;
#2491 = CIRCLE ( 'NONE', #5221, 4.500000000000000888 ) ;
#2492 = CARTESIAN_POINT ( 'NONE',  ( 3.500000000000000000, -5.129999999999999893, 0.000000000000000000 ) ) ;
#2493 = CARTESIAN_POINT ( 'NONE',  ( -0.7490685851040976839, -6.430000000009999717, 3.737366493147543878 ) ) ;
#2494 = LINE ( 'NONE', #2927, #1329 ) ;
#2495 = EDGE_CURVE ( 'NONE', #2018, #2371, #352, .T. ) ;
#2496 = CARTESIAN_POINT ( 'NONE',  ( -3.500000000000000000, -5.129999999999999893, 0.000000000000000000 ) ) ;
#2497 = VERTEX_POINT ( 'NONE', #1969 ) ;
#2498 = PRODUCT ( 'D6R60F1LFS_PART1', 'D6R60F1LFS_PART1', '', ( #709 ) ) ;
#2499 = DIRECTION ( 'NONE',  ( 0.000000000000000000, 1.000000000000000000, 0.000000000000000000 ) ) ;
#2500 = CARTESIAN_POINT ( 'NONE',  ( 1.050000000000000044, 0.6700000000000000400, 5.907410600254999977 ) ) ;
#2501 =( LENGTH_UNIT ( ) NAMED_UNIT ( * ) SI_UNIT ( .MILLI., .METRE. ) );
#2502 = VERTEX_POINT ( 'NONE', #781 ) ;
#2503 = EDGE_LOOP ( 'NONE', ( #3977, #4622, #2387, #4915, #4519, #4287 ) ) ;
#2504 = FACE_OUTER_BOUND ( 'NONE', #682, .T. ) ;
#2505 = EDGE_CURVE ( 'NONE', #1228, #1836, #3564, .T. ) ;
#2506 = EDGE_CURVE ( 'NONE', #1993, #4617, #5247, .T. ) ;
#2507 = ORIENTED_EDGE ( 'NONE', *, *, #2911, .T. ) ;
#2508 = CARTESIAN_POINT ( 'NONE',  ( 1.050000000000000044, 0.6700000000000000400, 4.939635614094459726 ) ) ;
#2509 = DIRECTION ( 'NONE',  ( 0.000000000000000000, 1.000000000000000000, 0.000000000000000000 ) ) ;
#2510 = DIRECTION ( 'NONE',  ( -0.000000000000000000, -1.000000000000000000, 0.000000000000000000 ) ) ;
#2511 = ADVANCED_FACE ( 'NONE', ( #3222 ), #3592, .T. ) ;
#2512 = ORIENTED_EDGE ( 'NONE', *, *, #3716, .T. ) ;
#2513 = CARTESIAN_POINT ( 'NONE',  ( -2.100000000000000089, -5.129999999999999893, 0.000000000000000000 ) ) ;
#2514 = VECTOR ( 'NONE', #3637, 1000.000000000000114 ) ;
#2515 = FACE_OUTER_BOUND ( 'NONE', #2194, .T. ) ;
#2516 = PRESENTATION_LAYER_ASSIGNMENT (  '', '', ( #4135 ) ) ;
#2517 = ORIENTED_EDGE ( 'NONE', *, *, #566, .F. ) ;
#2518 = CARTESIAN_POINT ( 'NONE',  ( -2.100000000000000089, -10.13000000000000256, -2.250000000006670220 ) ) ;
#2519 = VECTOR ( 'NONE', #1672, 1000.000000000000000 ) ;
#2520 = CARTESIAN_POINT ( 'NONE',  ( -0.7178940572232490602, -4.280000000003335359, 5.452946737554251300 ) ) ;
#2521 = CIRCLE ( 'NONE', #4982, 4.841269281253910428 ) ;
#2522 = DIRECTION ( 'NONE',  ( 0.000000000000000000, -0.9848077530092359533, -0.1736481776837854596 ) ) ;
#2523 = ORIENTED_EDGE ( 'NONE', *, *, #691, .T. ) ;
#2524 = FACE_OUTER_BOUND ( 'NONE', #3148, .T. ) ;
#2525 = CARTESIAN_POINT ( 'NONE',  ( -0.5396772845324285806, -6.629999999999999893, 4.041482899731776435 ) ) ;
#2526 = CARTESIAN_POINT ( 'NONE',  ( 1.292035176382296369, 0.6177973206398460482, 5.860005276880853486 ) ) ;
#2527 = CARTESIAN_POINT ( 'NONE',  ( 0.000000000000000000, -2.580000000005000071, 0.000000000000000000 ) ) ;
#2528 = VERTEX_POINT ( 'NONE', #5222 ) ;
#2529 = VERTEX_POINT ( 'NONE', #4450 ) ;
#2530 = EDGE_CURVE ( 'NONE', #1034, #548, #808, .T. ) ;
#2531 = LINE ( 'NONE', #2139, #1765 ) ;
#2532 = VERTEX_POINT ( 'NONE', #2799 ) ;
#2533 = EDGE_CURVE ( 'NONE', #1412, #3115, #4041, .T. ) ;
#2534 = FACE_OUTER_BOUND ( 'NONE', #4065, .T. ) ;
#2535 = CONICAL_SURFACE ( 'NONE', #166, 5.550000006167010724, 0.7853981634542916979 ) ;
#2536 = DIRECTION ( 'NONE',  ( -0.000000000000000000, 1.000000000000000000, -0.000000000000000000 ) ) ;
#2537 = EDGE_CURVE ( 'NONE', #3115, #1777, #117, .T. ) ;
#2538 = STYLED_ITEM ( 'NONE', ( #3403 ), #2686 ) ;
#2539 = DIRECTION ( 'NONE',  ( 0.000000000000000000, 0.000000000000000000, -1.000000000000000000 ) ) ;
#2540 = EDGE_CURVE ( 'NONE', #817, #2710, #2038, .T. ) ;
#2541 = ORIENTED_EDGE ( 'NONE', *, *, #337, .T. ) ;
#2542 = AXIS2_PLACEMENT_3D ( 'NONE', #1375, #107, #4609 ) ;
#2543 = EDGE_LOOP ( 'NONE', ( #12, #2660, #4159, #3217 ) ) ;
#2544 = DIRECTION ( 'NONE',  ( -0.000000000000000000, -1.000000000000000000, 0.000000000000000000 ) ) ;
#2545 = ORIENTED_EDGE ( 'NONE', *, *, #4064, .F. ) ;
#2546 = FACE_OUTER_BOUND ( 'NONE', #1843, .T. ) ;
#2547 = LINE ( 'NONE', #4527, #4029 ) ;
#2548 = CARTESIAN_POINT ( 'NONE',  ( 0.000000000000000000, -4.280000003120676411, 0.000000000000000000 ) ) ;
#2549 = EDGE_CURVE ( 'NONE', #2230, #5188, #2342, .T. ) ;
#2550 = EDGE_CURVE ( 'NONE', #4718, #1699, #966, .T. ) ;
#2551 = ORIENTED_EDGE ( 'NONE', *, *, #272, .T. ) ;
#2552 = CARTESIAN_POINT ( 'NONE',  ( 2.100000000003579892, -9.330000000013175310, 2.750000000005002221 ) ) ;
#2553 = CARTESIAN_POINT ( 'NONE',  ( 2.100000000000000089, -9.330000000002739213, -2.750000000000000000 ) ) ;
#2554 = CARTESIAN_POINT ( 'NONE',  ( 0.02222375129590789880, -6.629999999999999893, 4.249550821015070312 ) ) ;
#2555 = CARTESIAN_POINT ( 'NONE',  ( 2.900000000005295231, -5.129999999999999893, 2.750000000001667555 ) ) ;
#2556 = DIRECTION ( 'NONE',  ( 0.000000000000000000, -1.000000000000000000, -0.000000000000000000 ) ) ;
#2557 = ORIENTED_EDGE ( 'NONE', *, *, #1256, .T. ) ;
#2558 = ORIENTED_EDGE ( 'NONE', *, *, #892, .T. ) ;
#2559 = FILL_AREA_STYLE_COLOUR ( '', #144 ) ;
#2560 = DIRECTION ( 'NONE',  ( 0.000000000000000000, -1.000000000000000000, -0.000000000000000000 ) ) ;
#2561 = EDGE_CURVE ( 'NONE', #4799, #1819, #3057, .T. ) ;
#2562 = ADVANCED_FACE ( 'NONE', ( #2901 ), #4528, .T. ) ;
#2563 = ORIENTED_EDGE ( 'NONE', *, *, #2530, .F. ) ;
#2564 = CARTESIAN_POINT ( 'NONE',  ( 2.100000000003335199, -5.130000000003335003, 2.750000000005002221 ) ) ;
#2565 = CIRCLE ( 'NONE', #4530, 4.928757899712365997 ) ;
#2566 = DIRECTION ( 'NONE',  ( 8.881784197001252323E-16, 0.000000000000000000, -1.000000000000000000 ) ) ;
#2567 = DIRECTION ( 'NONE',  ( 1.000000000000000000, 0.000000000000000000, 0.000000000000000000 ) ) ;
#2568 = ORIENTED_EDGE ( 'NONE', *, *, #3290, .F. ) ;
#2569 = CARTESIAN_POINT ( 'NONE',  ( 0.5396772845324265822, -6.629999999999999005, 3.358517100268221700 ) ) ;
#2570 = CIRCLE ( 'NONE', #3929, 6.000000000000000000 ) ;
#2571 = ORIENTED_EDGE ( 'NONE', *, *, #136, .T. ) ;
#2572 = FACE_OUTER_BOUND ( 'NONE', #3197, .T. ) ;
#2573 = ORIENTED_EDGE ( 'NONE', *, *, #4361, .T. ) ;
#2574 = CARTESIAN_POINT ( 'NONE',  ( -2.474934918326914257, -2.579999999998747739, 5.466404125020383198 ) ) ;
#2575 = CARTESIAN_POINT ( 'NONE',  ( 1.050000000000000044, -0.4800000486051412274, 4.939635605928308415 ) ) ;
#2576 = EDGE_CURVE ( 'NONE', #678, #91, #2718, .T. ) ;
#2577 = EDGE_CURVE ( 'NONE', #4162, #2018, #3676, .T. ) ;
#2578 = DIRECTION ( 'NONE',  ( 1.000000000000000000, 0.000000000000000000, 0.000000000000000000 ) ) ;
#2579 = AXIS2_PLACEMENT_3D ( 'NONE', #4708, #1452, #4313 ) ;
#2580 = ORIENTED_EDGE ( 'NONE', *, *, #4140, .F. ) ;
#2581 = LINE ( 'NONE', #4207, #3991 ) ;
#2582 = DIRECTION ( 'NONE',  ( 0.000000000000000000, 0.000000000000000000, 1.000000000000000000 ) ) ;
#2583 = CARTESIAN_POINT ( 'NONE',  ( 0.03030511540327418193, -6.547157287530735559, 4.449387483196516335 ) ) ;
#2584 = ADVANCED_FACE ( 'NONE', ( #3374, #4096, #2956, #4122, #1266, #3298, #2131, #2985, #1367, #3323 ), #2106, .T. ) ;
#2585 = B_SPLINE_CURVE_WITH_KNOTS ( 'NONE', 3,
 ( #3948, #4856, #1146, #3995, #2009, #739 ),
 .UNSPECIFIED., .F., .F.,
 ( 4, 2, 4 ),
 ( 1.250506283611109756E-15, 0.0002510306544522621455, 0.0005020613089032737722 ),
 .UNSPECIFIED. ) ;
#2586 = SURFACE_STYLE_USAGE ( .BOTH. , #1272 ) ;
#2587 = DIRECTION ( 'NONE',  ( -0.000000000000000000, 1.000000000000000000, -0.000000000000000000 ) ) ;
#2588 = VERTEX_POINT ( 'NONE', #3772 ) ;
#2589 = VERTEX_POINT ( 'NONE', #4574 ) ;
#2590 = CARTESIAN_POINT ( 'NONE',  ( -3.200000000005000178, -2.580000000006669847, -3.906724971119415191 ) ) ;
#2591 = CARTESIAN_POINT ( 'NONE',  ( -2.900000000006670131, 0.000000000000000000, 2.750000000000000000 ) ) ;
#2592 = ORIENTED_EDGE ( 'NONE', *, *, #932, .F. ) ;
#2593 = CARTESIAN_POINT ( 'NONE',  ( -2.550000000004899903, -2.580000000000000071, 0.000000000000000000 ) ) ;
#2594 = CARTESIAN_POINT ( 'NONE',  ( -5.400000000000000355, -5.129999999999999893, -2.615339366124000087 ) ) ;
#2595 = LINE ( 'NONE', #3024, #661 ) ;
#2596 = VERTEX_POINT ( 'NONE', #74 ) ;
#2597 = CARTESIAN_POINT ( 'NONE',  ( 0.7496398160393388244, -6.430000000009999717, 3.676758954229523813 ) ) ;
#2598 = ORIENTED_EDGE ( 'NONE', *, *, #3841, .T. ) ;
#2599 = CARTESIAN_POINT ( 'NONE',  ( 3.410000000000000142, -5.129999999999999893, 0.000000000000000000 ) ) ;
#2600 = ORIENTED_EDGE ( 'NONE', *, *, #1868, .T. ) ;
#2601 = CARTESIAN_POINT ( 'NONE',  ( -2.285867849197706914, -2.717262947493760628, 5.547853200598806822 ) ) ;
#2602 = DIRECTION ( 'NONE',  ( 0.000000000000000000, 0.000000000000000000, -1.000000000000000000 ) ) ;
#2603 = CARTESIAN_POINT ( 'NONE',  ( -5.077875116991700466, 7.669999999999997264, 0.9568050747086971342 ) ) ;
#2604 = ORIENTED_EDGE ( 'NONE', *, *, #2403, .T. ) ;
#2605 = AXIS2_PLACEMENT_3D ( 'NONE', #3079, #743, #1959 ) ;
#2606 = CARTESIAN_POINT ( 'NONE',  ( -1.243132882543936057, 0.5650619589378906849, -4.568407187654036861 ) ) ;
#2607 = CARTESIAN_POINT ( 'NONE',  ( 1.065806820526856269, 0.3033890322260250905, -4.794851360831883014 ) ) ;
#2608 = CIRCLE ( 'NONE', #3714, 5.051760537226322789 ) ;
#2609 = CARTESIAN_POINT ( 'NONE',  ( -1.105967765667073666, 0.4345289177031433914, -5.897957649316031059 ) ) ;
#2610 = LINE ( 'NONE', #546, #550 ) ;
#2611 = ORIENTED_EDGE ( 'NONE', *, *, #2707, .T. ) ;
#2612 = EDGE_CURVE ( 'NONE', #4368, #4100, #2877, .T. ) ;
#2613 = ORIENTED_EDGE ( 'NONE', *, *, #4433, .F. ) ;
#2614 = CARTESIAN_POINT ( 'NONE',  ( -3.354999999999999982, -5.230000000000000426, -0.7349999999999999867 ) ) ;
#2615 = CARTESIAN_POINT ( 'NONE',  ( -1.050000000000000044, 0.6700000000000000400, -4.939635614094459726 ) ) ;
#2616 = EDGE_LOOP ( 'NONE', ( #4888, #1275, #708, #1193 ) ) ;
#2617 = CARTESIAN_POINT ( 'NONE',  ( 1.050000000000000044, 0.6700000000000000400, 5.907410600254999977 ) ) ;
#2618 = EDGE_CURVE ( 'NONE', #865, #4151, #3749, .T. ) ;
#2619 = CARTESIAN_POINT ( 'NONE',  ( 0.03737912633101404120, -6.430000000009999717, 1.749600754719410567 ) ) ;
#2620 = DIRECTION ( 'NONE',  ( 0.000000000000000000, -0.000000000000000000, 1.000000000000000000 ) ) ;
#2621 = ORIENTED_EDGE ( 'NONE', *, *, #1353, .F. ) ;
#2622 = CARTESIAN_POINT ( 'NONE',  ( -2.300000000005690381, -10.13000000000610079, 2.250000000000000444 ) ) ;
#2623 = ORIENTED_EDGE ( 'NONE', *, *, #1865, .F. ) ;
#2624 = CARTESIAN_POINT ( 'NONE',  ( 3.120000000000000551, -5.129999999999999893, -1.209999999999999964 ) ) ;
#2625 = EDGE_LOOP ( 'NONE', ( #476, #2193, #1319, #2517, #5151, #3434, #415, #602, #839, #391, #2817, #1935 ) ) ;
#2626 =( LENGTH_UNIT ( ) NAMED_UNIT ( * ) SI_UNIT ( .MILLI., .METRE. ) );
#2627 = CARTESIAN_POINT ( 'NONE',  ( -1.292588754384280003, 0.6181958985124065276, 5.859887664287906972 ) ) ;
#2628 = VECTOR ( 'NONE', #3696, 1000.000000000000000 ) ;
#2629 = CARTESIAN_POINT ( 'NONE',  ( -3.961311919894596745, 7.669999999999997264, 3.317875755367096779 ) ) ;
#2630 = EDGE_CURVE ( 'NONE', #1772, #2441, #457, .T. ) ;
#2631 = VERTEX_POINT ( 'NONE', #512 ) ;
#2632 =( BOUNDED_CURVE ( )  B_SPLINE_CURVE ( 3, ( #4194, #3338, #4593, #3788 ),
 .UNSPECIFIED., .F., .F. ) 
 B_SPLINE_CURVE_WITH_KNOTS ( ( 4, 4 ),
 ( 0.2579326927933724423, 0.7579326927933727198 ),
 .UNSPECIFIED. ) 
 CURVE ( )  GEOMETRIC_REPRESENTATION_ITEM ( )  RATIONAL_B_SPLINE_CURVE ( ( 1.000000000000000000, 0.3333333333333332038, 0.3333333333333332038, 1.000000000000000000 ) ) 
 REPRESENTATION_ITEM ( '' )  );
#2633 = DIRECTION ( 'NONE',  ( 0.000000000000000000, -1.000000000000000000, -0.000000000000000000 ) ) ;
#2634 = CARTESIAN_POINT ( 'NONE',  ( 0.02695770478747944177, -6.629999999999999005, 4.366612427460378143 ) ) ;
#2635 = DIRECTION ( 'NONE',  ( 0.000000000000000000, 0.000000000000000000, -1.000000000000000000 ) ) ;
#2636 = DIRECTION ( 'NONE',  ( -1.000000000000000000, 0.000000000000000000, 0.000000000000000000 ) ) ;
#2637 = EDGE_CURVE ( 'NONE', #2132, #1254, #4502, .T. ) ;
#2638 = AXIS2_PLACEMENT_3D ( 'NONE', #4919, #893, #4534 ) ;
#2639 = VERTEX_POINT ( 'NONE', #4964 ) ;
#2640 = VECTOR ( 'NONE', #4482, 1000.000000000000000 ) ;
#2641 = ORIENTED_EDGE ( 'NONE', *, *, #1599, .F. ) ;
#2642 = SURFACE_STYLE_USAGE ( .BOTH. , #1430 ) ;
#2643 = B_SPLINE_CURVE_WITH_KNOTS ( 'NONE', 3,
 ( #3703, #459, #3299, #1290, #2473, #48 ),
 .UNSPECIFIED., .F., .F.,
 ( 4, 2, 4 ),
 ( 1.153382360669543644E-12, 0.0002453990025097164875, 0.0004907980038660506809 ),
 .UNSPECIFIED. ) ;
#2644 = EDGE_CURVE ( 'NONE', #4582, #4428, #511, .T. ) ;
#2645 = LINE ( 'NONE', #4266, #3597 ) ;
#2646 = ORIENTED_EDGE ( 'NONE', *, *, #830, .T. ) ;
#2647 = CARTESIAN_POINT ( 'NONE',  ( 0.000000000000000000, -5.130000000009999894, -2.950000000000000178 ) ) ;
#2648 = LINE ( 'NONE', #4294, #450 ) ;
#2649 = LINE ( 'NONE', #3150, #1767 ) ;
#2650 = EDGE_LOOP ( 'NONE', ( #1506, #4422, #571, #1488, #2370 ) ) ;
#2651 = CARTESIAN_POINT ( 'NONE',  ( -0.4725736491437244058, -6.547157287530736447, 2.968497788781968794 ) ) ;
#2652 = CARTESIAN_POINT ( 'NONE',  ( -2.250000003793221737, -5.129999980680414851, -5.562148862252879411 ) ) ;
#2653 = AXIS2_PLACEMENT_3D ( 'NONE', #554, #1355, #4164 ) ;
#2654 = ORIENTED_EDGE ( 'NONE', *, *, #4976, .F. ) ;
#2655 = DIRECTION ( 'NONE',  ( 0.000000000000000000, 1.000000000000000000, 0.000000000000000000 ) ) ;
#2656 = B_SPLINE_CURVE_WITH_KNOTS ( 'NONE', 3,
 ( #3755, #4235, #3780, #1000 ),
 .UNSPECIFIED., .F., .F.,
 ( 4, 4 ),
 ( 0.000000000000000000, 8.886712854680079592E-05 ),
 .UNSPECIFIED. ) ;
#2657 = CIRCLE ( 'NONE', #2321, 5.500000000000000888 ) ;
#2658 = DIRECTION ( 'NONE',  ( 0.000000000000000000, 0.000000000000000000, -1.000000000000000000 ) ) ;
#2659 = CARTESIAN_POINT ( 'NONE',  ( 0.000000000000000000, -5.129999999999999893, -3.700000000000000178 ) ) ;
#2660 = ORIENTED_EDGE ( 'NONE', *, *, #3504, .T. ) ;
#2661 = CARTESIAN_POINT ( 'NONE',  ( -6.802927836452438370, 7.670000000000000817, -7.107754414472678306 ) ) ;
#2662 = CARTESIAN_POINT ( 'NONE',  ( 0.6591572707163819711, -4.280000000000000249, -5.006796549942870378 ) ) ;
#2663 = AXIS2_PLACEMENT_3D ( 'NONE', #651, #2270, #3890 ) ;
#2664 = DIRECTION ( 'NONE',  ( 0.000000000000000000, 1.000000000000000000, 0.000000000000000000 ) ) ;
#2665 = CARTESIAN_POINT ( 'NONE',  ( -1.049999999256908012, 0.1699995521461015180, 5.907410600386644006 ) ) ;
#2666 = ORIENTED_EDGE ( 'NONE', *, *, #850, .F. ) ;
#2667 = ORIENTED_EDGE ( 'NONE', *, *, #1158, .F. ) ;
#2668 =( NAMED_UNIT ( * ) PLANE_ANGLE_UNIT ( ) SI_UNIT ( $, .RADIAN. ) );
#2669 = VECTOR ( 'NONE', #1632, 1000.000000000000000 ) ;
#2670 = CARTESIAN_POINT ( 'NONE',  ( 2.550000000002500045, -2.580000000005000071, 5.431160097068327808 ) ) ;
#2671 = ORIENTED_EDGE ( 'NONE', *, *, #3291, .F. ) ;
#2672 = CARTESIAN_POINT ( 'NONE',  ( 2.500000000000000000, -10.13000000000610079, -2.250000000000000444 ) ) ;
#2673 = CARTESIAN_POINT ( 'NONE',  ( 0.000000000000000000, -2.580000000009999628, 0.000000000000000000 ) ) ;
#2674 = EDGE_CURVE ( 'NONE', #1659, #2197, #1731, .T. ) ;
#2675 = CARTESIAN_POINT ( 'NONE',  ( -1.050000000000000044, 0.1699954681026570324, -4.822401593559225041 ) ) ;
#2676 = VECTOR ( 'NONE', #1316, 1000.000000000000000 ) ;
#2677 = ORIENTED_EDGE ( 'NONE', *, *, #2176, .F. ) ;
#2678 = DIRECTION ( 'NONE',  ( -1.000000000000000000, 0.000000000000000000, 0.000000000000000000 ) ) ;
#2679 = DIRECTION ( 'NONE',  ( -1.000000000000000000, 0.000000000000000000, 0.000000000000000000 ) ) ;
#2680 = EDGE_CURVE ( 'NONE', #4268, #4633, #4752, .T. ) ;
#2681 = CARTESIAN_POINT ( 'NONE',  ( 0.9442341740323074717, 7.669999999999999929, 5.011159901294918839 ) ) ;
#2682 = EDGE_LOOP ( 'NONE', ( #4767, #4672, #504, #3651 ) ) ;
#2683 = CARTESIAN_POINT ( 'NONE',  ( 0.000000000000000000, -5.130000006204227248, 0.000000000000000000 ) ) ;
#2684 = CARTESIAN_POINT ( 'NONE',  ( 0.000000000000000000, -4.589838732266501076, 5.049999999999999822 ) ) ;
#2685 = ORIENTED_EDGE ( 'NONE', *, *, #2191, .T. ) ;
#2686 = ADVANCED_FACE ( 'NONE', ( #2078 ), #2093, .T. ) ;
#2687 = PLANE ( 'NONE',  #1829 ) ;
#2688 = DIRECTION ( 'NONE',  ( 0.000000000000000000, 0.000000000000000000, 1.000000000000000000 ) ) ;
#2689 = DIRECTION ( 'NONE',  ( 0.000000000000000000, 0.000000000000000000, 1.000000000000000000 ) ) ;
#2690 = AXIS2_PLACEMENT_3D ( 'NONE', #2067, #62, #3608 ) ;
#2691 = CARTESIAN_POINT ( 'NONE',  ( 2.250000003793221293, -5.129999980680274518, 5.562148862252879411 ) ) ;
#2692 = ORIENTED_EDGE ( 'NONE', *, *, #1766, .T. ) ;
#2693 = ORIENTED_EDGE ( 'NONE', *, *, #4985, .F. ) ;
#2694 = VECTOR ( 'NONE', #2219, 1000.000000000000000 ) ;
#2695 = VECTOR ( 'NONE', #2567, 1000.000000000000000 ) ;
#2696 = VECTOR ( 'NONE', #2037, 1000.000000000000000 ) ;
#2697 = CYLINDRICAL_SURFACE ( 'NONE', #2069, 6.000000000000000000 ) ;
#2698 = EDGE_LOOP ( 'NONE', ( #1428, #3524, #3710, #3029, #2401, #3443 ) ) ;
#2699 = CARTESIAN_POINT ( 'NONE',  ( 0.000000000000000000, -4.079999983900961524, -5.500000013910113950 ) ) ;
#2700 = EDGE_CURVE ( 'NONE', #1810, #2264, #3852, .T. ) ;
#2701 = CARTESIAN_POINT ( 'NONE',  ( 0.000000000000000000, 7.570000000010001173, -4.500000000000000888 ) ) ;
#2702 = PLANE ( 'NONE',  #1512 ) ;
#2703 = ORIENTED_EDGE ( 'NONE', *, *, #4842, .F. ) ;
#2704 = CARTESIAN_POINT ( 'NONE',  ( 0.000000000000000000, -0.4800000028239992389, 0.000000000000000000 ) ) ;
#2705 = ADVANCED_FACE ( 'NONE', ( #3453 ), #5081, .T. ) ;
#2706 = CYLINDRICAL_SURFACE ( 'NONE', #1533, 1.750000000000000000 ) ;
#2707 = EDGE_CURVE ( 'NONE', #1188, #3622, #240, .T. ) ;
#2708 = EDGE_CURVE ( 'NONE', #4453, #4803, #1366, .T. ) ;
#2709 = FACE_OUTER_BOUND ( 'NONE', #2010, .T. ) ;
#2710 = VERTEX_POINT ( 'NONE', #2684 ) ;
#2711 = DIRECTION ( 'NONE',  ( 0.000000000000000000, 0.000000000000000000, 1.000000000000000000 ) ) ;
#2712 =( NAMED_UNIT ( * ) PLANE_ANGLE_UNIT ( ) SI_UNIT ( $, .RADIAN. ) );
#2713 = ORIENTED_EDGE ( 'NONE', *, *, #1072, .F. ) ;
#2714 = AXIS2_PLACEMENT_3D ( 'NONE', #3582, #2737, #2847 ) ;
#2715 = CARTESIAN_POINT ( 'NONE',  ( 0.000000000000000000, -6.629999999999999893, 0.000000000000000000 ) ) ;
#2716 = CARTESIAN_POINT ( 'NONE',  ( -3.500000002598447679, -2.879998024816864621, -4.873397170538315670 ) ) ;
#2717 = DIRECTION ( 'NONE',  ( 0.000000000000000000, 0.000000000000000000, -1.000000000000000000 ) ) ;
#2718 = CIRCLE ( 'NONE', #1282, 4.989999964273295063 ) ;
#2719 = EDGE_CURVE ( 'NONE', #2774, #1228, #3482, .T. ) ;
#2720 = CARTESIAN_POINT ( 'NONE',  ( 0.000000000000000000, 0.2568244124350671509, 0.000000000000000000 ) ) ;
#2721 = CARTESIAN_POINT ( 'NONE',  ( 3.030000000001667360, -5.130000000005002114, -0.9200000000050003734 ) ) ;
#2722 = ORIENTED_EDGE ( 'NONE', *, *, #3262, .T. ) ;
#2723 = VERTEX_POINT ( 'NONE', #5240 ) ;
#2724 = AXIS2_PLACEMENT_3D ( 'NONE', #787, #3259, #4485 ) ;
#2725 = VECTOR ( 'NONE', #4870, 1000.000000000000000 ) ;
#2726 = LINE ( 'NONE', #1458, #1147 ) ;
#2727 = AXIS2_PLACEMENT_3D ( 'NONE', #4138, #2141, #577 ) ;
#2728 = ORIENTED_EDGE ( 'NONE', *, *, #2178, .F. ) ;
#2729 = CARTESIAN_POINT ( 'NONE',  ( 0.000000000000000000, -2.580000517241387570, 0.000000000000000000 ) ) ;
#2730 = DIRECTION ( 'NONE',  ( 0.000000000000000000, -0.000000000000000000, -1.000000000000000000 ) ) ;
#2731 = EDGE_CURVE ( 'NONE', #2001, #3917, #5008, .T. ) ;
#2732 = DIRECTION ( 'NONE',  ( 0.000000000000000000, 1.000000000000000000, -0.000000000000000000 ) ) ;
#2733 = EDGE_CURVE ( 'NONE', #3919, #2371, #4864, .T. ) ;
#2734 = CARTESIAN_POINT ( 'NONE',  ( 0.5493346576097900558, -6.629999999999999893, -3.727402926214641088 ) ) ;
#2735 = CARTESIAN_POINT ( 'NONE',  ( 4.236874791441492150, 7.628578643768046064, 1.516209748548961622 ) ) ;
#2736 = EDGE_LOOP ( 'NONE', ( #88, #139, #3743, #5211 ) ) ;
#2737 = DIRECTION ( 'NONE',  ( 0.000000000000000000, 1.000000000000000000, 0.000000000000000000 ) ) ;
#2738 = LINE ( 'NONE', #321, #1616 ) ;
#2739 = AXIS2_PLACEMENT_3D ( 'NONE', #176, #4953, #4163 ) ;
#2740 = ORIENTED_EDGE ( 'NONE', *, *, #3262, .F. ) ;
#2741 = CYLINDRICAL_SURFACE ( 'NONE', #634, 0.7499999999999997780 ) ;
#2742 = LINE ( 'NONE', #5137, #1230 ) ;
#2743 = CIRCLE ( 'NONE', #2481, 6.000000000000000000 ) ;
#2744 = EDGE_CURVE ( 'NONE', #817, #3447, #2738, .T. ) ;
#2745 = EDGE_CURVE ( 'NONE', #1826, #1155, #4157, .T. ) ;
#2746 = DIRECTION ( 'NONE',  ( 0.000000000000000000, 0.000000000000000000, -1.000000000000000000 ) ) ;
#2747 = DIRECTION ( 'NONE',  ( 0.000000000000000000, 0.000000000000000000, 1.000000000000000000 ) ) ;
#2748 = FACE_OUTER_BOUND ( 'NONE', #3238, .T. ) ;
#2749 = ORIENTED_EDGE ( 'NONE', *, *, #3001, .F. ) ;
#2750 = ORIENTED_EDGE ( 'NONE', *, *, #4721, .F. ) ;
#2751 = EDGE_CURVE ( 'NONE', #3447, #43, #1991, .T. ) ;
#2752 = LINE ( 'NONE', #601, #4700 ) ;
#2753 = VERTEX_POINT ( 'NONE', #4356 ) ;
#2754 = AXIS2_PLACEMENT_3D ( 'NONE', #4230, #1423, #2582 ) ;
#2755 = ORIENTED_EDGE ( 'NONE', *, *, #4524, .F. ) ;
#2756 = CARTESIAN_POINT ( 'NONE',  ( 2.250000000000000444, -2.880000000004999894, 5.562148865322000368 ) ) ;
#2757 = CARTESIAN_POINT ( 'NONE',  ( -1.057596481332522487, 0.2568246277600931826, 4.805065671720680776 ) ) ;
#2758 = LINE ( 'NONE', #3606, #3818 ) ;
#2759 = CARTESIAN_POINT ( 'NONE',  ( 0.8167201673663490036, -4.589838732251913633, -5.244387046676571629 ) ) ;
#2760 =( NAMED_UNIT ( * ) PLANE_ANGLE_UNIT ( ) SI_UNIT ( $, .RADIAN. ) );
#2761 = ORIENTED_EDGE ( 'NONE', *, *, #1288, .T. ) ;
#2762 = CARTESIAN_POINT ( 'NONE',  ( -2.834999999999999964, -5.230000000000000426, -0.5849999999999999645 ) ) ;
#2763 = B_SPLINE_CURVE_WITH_KNOTS ( 'NONE', 3,
 ( #3700, #3296, #1396, #1684 ),
 .UNSPECIFIED., .F., .F.,
 ( 4, 4 ),
 ( 0.000000000000000000, 4.095745929743328497E-05 ),
 .UNSPECIFIED. ) ;
#2764 = DIRECTION ( 'NONE',  ( -0.000000000000000000, -1.000000000000000000, 0.000000000000000000 ) ) ;
#2765 = AXIS2_PLACEMENT_3D ( 'NONE', #628, #3124, #3022 ) ;
#2766 = ORIENTED_EDGE ( 'NONE', *, *, #3883, .F. ) ;
#2767 = DIRECTION ( 'NONE',  ( 0.000000000000000000, 0.000000000000000000, -1.000000000000000000 ) ) ;
#2768 = PLANE ( 'NONE',  #620 ) ;
#2769 = DIRECTION ( 'NONE',  ( 1.000000000000000000, 0.000000000000000000, -0.000000000000000000 ) ) ;
#2770 = CARTESIAN_POINT ( 'NONE',  ( 3.200000000008473400, -2.580000000004999627, 3.906724971116571243 ) ) ;
#2771 = CARTESIAN_POINT ( 'NONE',  ( 2.100000000010000090, -9.330000000029960106, -2.250000000000000444 ) ) ;
#2772 = DIRECTION ( 'NONE',  ( 0.000000000000000000, 1.000000000000000000, 0.000000000000000000 ) ) ;
#2773 = VERTEX_POINT ( 'NONE', #1130 ) ;
#2774 = VERTEX_POINT ( 'NONE', #1207 ) ;
#2775 = DIRECTION ( 'NONE',  ( 1.000000000000000000, 0.000000000000000000, 0.000000000000000000 ) ) ;
#2776 = ADVANCED_FACE ( 'NONE', ( #3157 ), #680, .T. ) ;
#2777 = CARTESIAN_POINT ( 'NONE',  ( -2.249999999999999556, -4.589838732259831744, -4.521061822184199386 ) ) ;
#2778 = ORIENTED_EDGE ( 'NONE', *, *, #1992, .F. ) ;
#2779 = PRODUCT_DEFINITION_FORMATION_WITH_SPECIFIED_SOURCE ( 'ANY', '', #2498, .NOT_KNOWN. ) ;
#2780 = ORIENTED_EDGE ( 'NONE', *, *, #1150, .T. ) ;
#2781 = AXIS2_PLACEMENT_3D ( 'NONE', #3182, #1278, #1232 ) ;
#2782 = DIRECTION ( 'NONE',  ( 0.000000000000000000, 1.000000000000000000, 0.000000000000000000 ) ) ;
#2783 = CIRCLE ( 'NONE', #491, 6.000000000000000000 ) ;
#2784 = CARTESIAN_POINT ( 'NONE',  ( 2.402837799549739195, -2.607081433945791726, -4.442191168974684246 ) ) ;
#2785 = EDGE_LOOP ( 'NONE', ( #3916, #1020, #4806, #1151, #2478 ) ) ;
#2786 = CARTESIAN_POINT ( 'NONE',  ( -0.5493169624096715387, -6.429999999999999716, -3.672597905025134946 ) ) ;
#2787 = EDGE_CURVE ( 'NONE', #91, #3847, #2335, .T. ) ;
#2788 = CARTESIAN_POINT ( 'NONE',  ( 2.275018289640220903, -4.603833200549222404, -4.508524346368673719 ) ) ;
#2789 = CARTESIAN_POINT ( 'NONE',  ( -1.052568317928952446, 0.2283101844736450947, 4.811320616525931015 ) ) ;
#2790 = ORIENTED_EDGE ( 'NONE', *, *, #1963, .T. ) ;
#2791 = CARTESIAN_POINT ( 'NONE',  ( -2.250044735503078819, -4.630792107413745917, 4.522512056731917696 ) ) ;
#2792 = CARTESIAN_POINT ( 'NONE',  ( -4.783216110453584413, -4.963216110453584129, 2.470111104208152497 ) ) ;
#2793 = ORIENTED_EDGE ( 'NONE', *, *, #825, .F. ) ;
#2794 = DIRECTION ( 'NONE',  ( 0.000000000000000000, 0.000000000000000000, 1.000000000000000000 ) ) ;
#2795 = CARTESIAN_POINT ( 'NONE',  ( 3.200000000000000178, -2.580000000000000071, 0.000000000000000000 ) ) ;
#2796 = DIRECTION ( 'NONE',  ( -0.000000000000000000, 0.000000000000000000, 1.000000000000000000 ) ) ;
#2797 = DIRECTION ( 'NONE',  ( 1.000000000000000000, 0.000000000000000000, 0.000000000000000000 ) ) ;
#2798 = ADVANCED_FACE ( 'NONE', ( #4778 ), #4005, .F. ) ;
#2799 = CARTESIAN_POINT ( 'NONE',  ( 0.000000000000000000, -4.080000000010000072, 5.500000000000000888 ) ) ;
#2800 = CARTESIAN_POINT ( 'NONE',  ( 3.425893621668905098, -2.679024099687122185, -3.710420667786048732 ) ) ;
#2801 = VECTOR ( 'NONE', #4546, 1000.000000000000000 ) ;
#2802 = ORIENTED_EDGE ( 'NONE', *, *, #2422, .T. ) ;
#2803 = ORIENTED_EDGE ( 'NONE', *, *, #272, .F. ) ;
#2804 = VECTOR ( 'NONE', #2472, 1000.000000000000000 ) ;
#2805 = DIRECTION ( 'NONE',  ( -1.000000000000000000, 0.000000000000000000, -0.000000000000000000 ) ) ;
#2806 = PRODUCT_DEFINITION_CONTEXT ( 'detailed design', #53, 'design' ) ;
#2807 = EDGE_CURVE ( 'NONE', #1978, #1870, #4441, .T. ) ;
#2808 = AXIS2_PLACEMENT_3D ( 'NONE', #4745, #519, #2991 ) ;
#2809 = CARTESIAN_POINT ( 'NONE',  ( 9.184850993605152135E-17, -6.430000000009999717, -4.450000000000000178 ) ) ;
#2810 = ORIENTED_EDGE ( 'NONE', *, *, #3688, .T. ) ;
#2811 = ORIENTED_EDGE ( 'NONE', *, *, #544, .T. ) ;
#2812 =( BOUNDED_CURVE ( )  B_SPLINE_CURVE ( 3, ( #3519, #1856, #4712, #2299 ),
 .UNSPECIFIED., .F., .F. ) 
 B_SPLINE_CURVE_WITH_KNOTS ( ( 4, 4 ),
 ( 0.5000000000000000000, 1.000000000000000000 ),
 .UNSPECIFIED. ) 
 CURVE ( )  GEOMETRIC_REPRESENTATION_ITEM ( )  RATIONAL_B_SPLINE_CURVE ( ( 1.000000000000000000, 0.3333333333333337034, 0.3333333333333337034, 1.000000000000000000 ) ) 
 REPRESENTATION_ITEM ( '' )  );
#2813 = DIRECTION ( 'NONE',  ( 0.000000000000000000, 0.000000000000000000, -1.000000000000000000 ) ) ;
#2814 = ADVANCED_FACE ( 'NONE', ( #2386 ), #4034, .F. ) ;
#2815 = AXIS2_PLACEMENT_3D ( 'NONE', #3352, #4999, #4971 ) ;
#2816 = CARTESIAN_POINT ( 'NONE',  ( -1.268234928316419374, 0.5833398441151732561, 4.535441269925886587 ) ) ;
#2817 = ORIENTED_EDGE ( 'NONE', *, *, #5171, .F. ) ;
#2818 = DIRECTION ( 'NONE',  ( 0.2210526315784551443, 0.000000000000000000, 0.9752618797390986138 ) ) ;
#2819 = CARTESIAN_POINT ( 'NONE',  ( -5.400000000000000355, 0.6700000000000000400, 0.000000000000000000 ) ) ;
#2820 = PLANE ( 'NONE',  #2690 ) ;
#2821 = ORIENTED_EDGE ( 'NONE', *, *, #1984, .F. ) ;
#2822 = DIRECTION ( 'NONE',  ( 1.000000000000000000, 0.000000000000000000, 0.000000000000000000 ) ) ;
#2823 = DIRECTION ( 'NONE',  ( 0.000000000000000000, 0.000000000000000000, 1.000000000000000000 ) ) ;
#2824 = ORIENTED_EDGE ( 'NONE', *, *, #2505, .F. ) ;
#2825 = CARTESIAN_POINT ( 'NONE',  ( 0.5497358650955164183, -6.629999999999999893, -3.717043433565016208 ) ) ;
#2826 = CARTESIAN_POINT ( 'NONE',  ( 2.550000000006429790, -2.579999999999999627, -5.431160097066482173 ) ) ;
#2827 = CARTESIAN_POINT ( 'NONE',  ( -1.050000142784092150, -0.04666514568580824168, 4.861499904360309543 ) ) ;
#2828 = CARTESIAN_POINT ( 'NONE',  ( 1.050000000000000044, -4.280000000006668692, 5.907410600254999977 ) ) ;
#2829 = LINE ( 'NONE', #1999, #1628 ) ;
#2830 = DIRECTION ( 'NONE',  ( 0.000000000000000000, -0.000000000000000000, -1.000000000000000000 ) ) ;
#2831 = VERTEX_POINT ( 'NONE', #2362 ) ;
#2832 = CIRCLE ( 'NONE', #1972, 5.049999999999999822 ) ;
#2833 = ORIENTED_EDGE ( 'NONE', *, *, #2787, .F. ) ;
#2834 = DIRECTION ( 'NONE',  ( 0.000000000000000000, -1.000000000000000000, 0.000000000000000000 ) ) ;
#2835 = VECTOR ( 'NONE', #4659, 1000.000000000000000 ) ;
#2836 = FACE_OUTER_BOUND ( 'NONE', #1327, .T. ) ;
#2837 = ORIENTED_EDGE ( 'NONE', *, *, #4176, .T. ) ;
#2838 = CARTESIAN_POINT ( 'NONE',  ( -3.500000000000000000, -4.792495260131697243, -3.865813517703111657 ) ) ;
#2839 = LINE ( 'NONE', #5205, #1395 ) ;
#2840 = VECTOR ( 'NONE', #3239, 1000.000000000000114 ) ;
#2841 = ORIENTED_EDGE ( 'NONE', *, *, #5076, .F. ) ;
#2842 = LINE ( 'NONE', #4464, #1063 ) ;
#2843 = EDGE_CURVE ( 'NONE', #2532, #1034, #3562, .T. ) ;
#2844 = CARTESIAN_POINT ( 'NONE',  ( 0.000000000000000000, -4.280000000006669580, 0.000000000000000000 ) ) ;
#2845 = FACE_OUTER_BOUND ( 'NONE', #4541, .T. ) ;
#2846 = ORIENTED_EDGE ( 'NONE', *, *, #5187, .F. ) ;
#2847 = DIRECTION ( 'NONE',  ( 0.000000000000000000, 0.000000000000000000, 1.000000000000000000 ) ) ;
#2848 = CARTESIAN_POINT ( 'NONE',  ( 1.550000000000000488, 0.6699999999999993738, 4.147505085830999860 ) ) ;
#2849 = ORIENTED_EDGE ( 'NONE', *, *, #5023, .F. ) ;
#2850 = DIRECTION ( 'NONE',  ( -0.000000000000000000, 1.000000000000000000, -0.000000000000000000 ) ) ;
#2851 = DIRECTION ( 'NONE',  ( -0.000000000000000000, 1.000000000000000000, -0.000000000000000000 ) ) ;
#2852 = DIRECTION ( 'NONE',  ( 0.000000000000000000, 0.000000000000000000, 1.000000000000000000 ) ) ;
#2853 = CIRCLE ( 'NONE', #560, 1.750000000000000000 ) ;
#2854 = CARTESIAN_POINT ( 'NONE',  ( 0.000000000000000000, -5.219999999999999751, 0.000000000000000000 ) ) ;
#2855 = CARTESIAN_POINT ( 'NONE',  ( -4.349999999999999645, -2.580000280422452441, 2.124944247033439204 ) ) ;
#2856 = EDGE_CURVE ( 'NONE', #2995, #3720, #1702, .T. ) ;
#2857 = VERTEX_POINT ( 'NONE', #345 ) ;
#2858 = CARTESIAN_POINT ( 'NONE',  ( 1.050000000000000044, 0.6700000000000000400, -4.939635614101000272 ) ) ;
#2859 = CARTESIAN_POINT ( 'NONE',  ( -2.100000000004167866, -5.130000000005002114, -2.750000000005002665 ) ) ;
#2860 = CARTESIAN_POINT ( 'NONE',  ( -2.899999999999995470, -9.330000000000016058, -2.250000000000000444 ) ) ;
#2861 = VERTEX_POINT ( 'NONE', #2848 ) ;
#2862 = CARTESIAN_POINT ( 'NONE',  ( 1.049999999854602573, -2.580000000009999628, -4.939635614524910068 ) ) ;
#2863 = ORIENTED_EDGE ( 'NONE', *, *, #3451, .F. ) ;
#2864 = AXIS2_PLACEMENT_3D ( 'NONE', #5182, #2655, #4699 ) ;
#2865 = DIRECTION ( 'NONE',  ( -1.243449787580175483E-14, 0.000000000000000000, 1.000000000000000000 ) ) ;
#2866 = AXIS2_PLACEMENT_3D ( 'NONE', #4416, #1184, #1109 ) ;
#2867 = EDGE_CURVE ( 'NONE', #2528, #388, #844, .T. ) ;
#2868 = ORIENTED_EDGE ( 'NONE', *, *, #3236, .F. ) ;
#2869 = VECTOR ( 'NONE', #3922, 1000.000000000000000 ) ;
#2870 = CARTESIAN_POINT ( 'NONE',  ( -0.4203746052252878562, -6.629999999999999005, 3.049297291926062137 ) ) ;
#2871 = EDGE_CURVE ( 'NONE', #355, #2910, #3415, .T. ) ;
#2872 = DIRECTION ( 'NONE',  ( 0.000000000000000000, 0.000000000000000000, 1.000000000000000000 ) ) ;
#2873 = ORIENTED_EDGE ( 'NONE', *, *, #5214, .T. ) ;
#2874 = LINE ( 'NONE', #2492, #1930 ) ;
#2875 = FACE_OUTER_BOUND ( 'NONE', #3002, .T. ) ;
#2876 = DIRECTION ( 'NONE',  ( 0.2425356250363089605, 0.9701425001453378716, 0.000000000000000000 ) ) ;
#2877 = LINE ( 'NONE', #1710, #3306 ) ;
#2878 = DIRECTION ( 'NONE',  ( -0.000000000000000000, -1.000000000000000000, -0.000000000000000000 ) ) ;
#2879 = EDGE_LOOP ( 'NONE', ( #4740, #2948, #3188, #4463 ) ) ;
#2880 = CARTESIAN_POINT ( 'NONE',  ( -1.550000000005010037, 0.6700000000000000400, 0.000000000000000000 ) ) ;
#2881 = CARTESIAN_POINT ( 'NONE',  ( -0.6118351662274539304, 0.2568245677624113599, 5.029270160737768336 ) ) ;
#2882 = LINE ( 'NONE', #4509, #4759 ) ;
#2883 = VERTEX_POINT ( 'NONE', #3640 ) ;
#2884 = DIRECTION ( 'NONE',  ( 0.000000000000000000, 1.000000000000000000, 0.000000000000000000 ) ) ;
#2885 = COLOUR_RGB ( '',0.007843137254901960675, 0.2392156862745097867, 0.8235294117647058432 ) ;
#2886 = ORIENTED_EDGE ( 'NONE', *, *, #810, .F. ) ;
#2887 = LINE ( 'NONE', #1696, #965 ) ;
#2888 = DIRECTION ( 'NONE',  ( 0.000000000000000000, 0.000000000000000000, -1.000000000000000000 ) ) ;
#2889 = VECTOR ( 'NONE', #4038, 1000.000000000000000 ) ;
#2890 = ADVANCED_FACE ( 'NONE', ( #1518 ), #2949, .T. ) ;
#2891 = CARTESIAN_POINT ( 'NONE',  ( 7.347880794884119736E-16, -0.08000000000000000167, 6.000000000000000000 ) ) ;
#2892 = ORIENTED_EDGE ( 'NONE', *, *, #760, .T. ) ;
#2893 = DIRECTION ( 'NONE',  ( 0.000000000000000000, -1.000000000000000000, 0.000000000000000000 ) ) ;
#2894 = AXIS2_PLACEMENT_3D ( 'NONE', #4683, #5056, #2635 ) ;
#2895 = CARTESIAN_POINT ( 'NONE',  ( 1.052568437755880160, 0.2283108134818796209, -4.811320476527758849 ) ) ;
#2896 = AXIS2_PLACEMENT_3D ( 'NONE', #4516, #2941, #148 ) ;
#2897 = ORIENTED_EDGE ( 'NONE', *, *, #4344, .F. ) ;
#2898 = CARTESIAN_POINT ( 'NONE',  ( -0.5493169624096715387, -6.629999999999999893, -3.672597905025134946 ) ) ;
#2899 = DIRECTION ( 'NONE',  ( 0.000000000000000000, 1.000000000000000000, 0.000000000000000000 ) ) ;
#2900 = CARTESIAN_POINT ( 'NONE',  ( 1.050000000000000044, 0.1699954759323965281, 4.822401592160734829 ) ) ;
#2901 = FACE_OUTER_BOUND ( 'NONE', #2503, .T. ) ;
#2902 = PLANE ( 'NONE',  #4278 ) ;
#2903 = ORIENTED_EDGE ( 'NONE', *, *, #2731, .F. ) ;
#2904 = CARTESIAN_POINT ( 'NONE',  ( 0.000000000000000000, 0.6700000000000000400, 0.000000000000000000 ) ) ;
#2905 = EDGE_CURVE ( 'NONE', #772, #342, #3669, .T. ) ;
#2906 = EDGE_CURVE ( 'NONE', #3545, #1712, #3342, .T. ) ;
#2907 = CARTESIAN_POINT ( 'NONE',  ( 1.644554509714637902, 0.6700000220364312753, 4.383168876098334721 ) ) ;
#2908 = CARTESIAN_POINT ( 'NONE',  ( 1.049999152717663087, 0.3037916739750564643, 5.907410751349193134 ) ) ;
#2909 = CIRCLE ( 'NONE', #2396, 6.000000000000000000 ) ;
#2910 = VERTEX_POINT ( 'NONE', #4172 ) ;
#2911 = EDGE_CURVE ( 'NONE', #4268, #399, #2344, .T. ) ;
#2912 = ORIENTED_EDGE ( 'NONE', *, *, #1098, .F. ) ;
#2913 = CARTESIAN_POINT ( 'NONE',  ( 0.000000000000000000, -4.280000000000000249, 0.000000000000000000 ) ) ;
#2914 = AXIS2_PLACEMENT_3D ( 'NONE', #2500, #2082, #3706 ) ;
#2915 = ORIENTED_EDGE ( 'NONE', *, *, #1774, .F. ) ;
#2916 = CARTESIAN_POINT ( 'NONE',  ( 0.000000000000000000, -3.580000002102678991, 0.000000000000000000 ) ) ;
#2917 = LINE ( 'NONE', #1747, #4351 ) ;
#2918 = LINE ( 'NONE', #5016, #3543 ) ;
#2919 = ORIENTED_EDGE ( 'NONE', *, *, #1796, .T. ) ;
#2920 = CIRCLE ( 'NONE', #292, 5.049999999999999822 ) ;
#2921 = CARTESIAN_POINT ( 'NONE',  ( -0.6668368883817996640, -6.629999999999999005, -3.679326089259500776 ) ) ;
#2922 = DIRECTION ( 'NONE',  ( 0.000000000000000000, 0.000000000000000000, -1.000000000000000000 ) ) ;
#2923 = EDGE_LOOP ( 'NONE', ( #3159, #1612, #1055, #4219 ) ) ;
#2924 = VECTOR ( 'NONE', #3559, 1000.000000000000000 ) ;
#2925 = CARTESIAN_POINT ( 'NONE',  ( 0.5396772845324279144, -6.629999999999999005, -4.041482899731779099 ) ) ;
#2926 = DIRECTION ( 'NONE',  ( 1.000000000000000000, 0.000000000000000000, -0.000000000000000000 ) ) ;
#2927 = CARTESIAN_POINT ( 'NONE',  ( -2.250000042394999955, -5.129999999999999893, 0.000000000000000000 ) ) ;
#2928 = DIRECTION ( 'NONE',  ( 0.000000000000000000, -1.000000000000000000, 0.000000000000000000 ) ) ;
#2929 = EDGE_CURVE ( 'NONE', #4050, #848, #3768, .T. ) ;
#2930 = ORIENTED_EDGE ( 'NONE', *, *, #958, .T. ) ;
#2931 = ORIENTED_EDGE ( 'NONE', *, *, #3742, .T. ) ;
#2932 = CARTESIAN_POINT ( 'NONE',  ( 0.5914245908523528827, 0.5068243367075523365, 4.986003364713987196 ) ) ;
#2933 = CARTESIAN_POINT ( 'NONE',  ( 0.000000000000000000, -5.129999999999999893, -0.5849999999999999645 ) ) ;
#2934 = DIRECTION ( 'NONE',  ( 0.000000000000000000, 1.000000000000000000, 0.000000000000000000 ) ) ;
#2935 = EDGE_CURVE ( 'NONE', #4582, #3035, #478, .T. ) ;
#2936 = ORIENTED_EDGE ( 'NONE', *, *, #3354, .T. ) ;
#2937 = ORIENTED_EDGE ( 'NONE', *, *, #2147, .F. ) ;
#2938 = ADVANCED_FACE ( 'NONE', ( #4091 ), #531, .T. ) ;
#2939 = CYLINDRICAL_SURFACE ( 'NONE', #664, 5.049999999999999822 ) ;
#2940 = VERTEX_POINT ( 'NONE', #2098 ) ;
#2941 = DIRECTION ( 'NONE',  ( -0.000000000000000000, 1.000000000000000000, 0.000000000000000000 ) ) ;
#2942 = CARTESIAN_POINT ( 'NONE',  ( 0.000000000000000000, -2.580000517241387570, -4.841269281253910428 ) ) ;
#2943 = CARTESIAN_POINT ( 'NONE',  ( 2.899999999999999911, -9.330000000004311289, 2.250000000000000444 ) ) ;
#2944 = ORIENTED_EDGE ( 'NONE', *, *, #1874, .F. ) ;
#2945 = DIRECTION ( 'NONE',  ( 0.000000000000000000, -0.000000000000000000, -1.000000000000000000 ) ) ;
#2946 = EDGE_CURVE ( 'NONE', #5258, #2001, #3985, .T. ) ;
#2947 = PRESENTATION_LAYER_ASSIGNMENT (  '', '', ( #4724 ) ) ;
#2948 = ORIENTED_EDGE ( 'NONE', *, *, #3558, .F. ) ;
#2949 = CYLINDRICAL_SURFACE ( 'NONE', #4417, 6.000000000000000000 ) ;
#2950 = AXIS2_PLACEMENT_3D ( 'NONE', #1165, #1580, #2775 ) ;
#2951 = ORIENTED_EDGE ( 'NONE', *, *, #2348, .F. ) ;
#2952 = CARTESIAN_POINT ( 'NONE',  ( -2.300000000004947864, -10.13000000000177003, -2.250000000005003553 ) ) ;
#2953 = CIRCLE ( 'NONE', #3631, 6.000000000000000000 ) ;
#2954 = CARTESIAN_POINT ( 'NONE',  ( 2.200000000000000178, -9.730000000000000426, 2.500000000000000000 ) ) ;
#2955 = AXIS2_PLACEMENT_3D ( 'NONE', #1558, #3177, #818 ) ;
#2956 = FACE_BOUND ( 'NONE', #1516, .T. ) ;
#2957 = EDGE_LOOP ( 'NONE', ( #2713, #3942, #2183, #3067 ) ) ;
#2958 = ORIENTED_EDGE ( 'NONE', *, *, #3873, .T. ) ;
#2959 = CARTESIAN_POINT ( 'NONE',  ( -1.482517668745484851, 7.669999999999999929, 4.142726119330889745 ) ) ;
#2960 = DIRECTION ( 'NONE',  ( 0.000000000000000000, 1.000000000000000000, 0.000000000000000000 ) ) ;
#2961 = ADVANCED_FACE ( 'NONE', ( #2048 ), #5185, .T. ) ;
#2962 = ADVANCED_FACE ( 'NONE', ( #2515 ), #1258, .T. ) ;
#2963 = LINE ( 'NONE', #2933, #4674 ) ;
#2964 = LINE ( 'NONE', #821, #4618 ) ;
#2965 = VERTEX_POINT ( 'NONE', #1727 ) ;
#2966 = ORIENTED_EDGE ( 'NONE', *, *, #33, .T. ) ;
#2967 = PLANE ( 'NONE',  #5074 ) ;
#2968 = ORIENTED_EDGE ( 'NONE', *, *, #3104, .F. ) ;
#2969 = AXIS2_PLACEMENT_3D ( 'NONE', #2704, #182, #5019 ) ;
#2970 = DIRECTION ( 'NONE',  ( -1.000000000000000000, 0.000000000000000000, 7.993605777301127091E-15 ) ) ;
#2971 = ADVANCED_FACE ( 'NONE', ( #19 ), #3292, .T. ) ;
#2972 = ADVANCED_FACE ( 'NONE', ( #3270 ), #92, .T. ) ;
#2973 = LINE ( 'NONE', #2943, #5248 ) ;
#2974 = ORIENTED_EDGE ( 'NONE', *, *, #2867, .F. ) ;
#2975 = DIRECTION ( 'NONE',  ( 0.000000000000000000, -1.000000000000000000, 0.000000000000000000 ) ) ;
#2976 = CIRCLE ( 'NONE', #173, 0.7499999999999997780 ) ;
#2977 = ORIENTED_EDGE ( 'NONE', *, *, #2731, .T. ) ;
#2978 = CARTESIAN_POINT ( 'NONE',  ( 0.03737912634193402139, -6.547157287530735559, 1.749600754713318107 ) ) ;
#2979 = VECTOR ( 'NONE', #1611, 1000.000000000000000 ) ;
#2980 = EDGE_LOOP ( 'NONE', ( #852, #3253, #2592, #2490, #2903, #570 ) ) ;
#2981 = ADVANCED_FACE ( 'NONE', ( #2572 ), #1440, .T. ) ;
#2982 = CARTESIAN_POINT ( 'NONE',  ( -2.400362005137977039, -2.608232430486019382, 5.499284426512250690 ) ) ;
#2983 = LINE ( 'NONE', #4148, #2169 ) ;
#2984 = CIRCLE ( 'NONE', #693, 5.049999999999999822 ) ;
#2985 = FACE_BOUND ( 'NONE', #241, .T. ) ;
#2986 = EDGE_LOOP ( 'NONE', ( #101, #3466, #146, #4082, #2073, #3774 ) ) ;
#2987 = DIRECTION ( 'NONE',  ( -1.000000000000000000, 0.000000000000000000, -0.000000000000000000 ) ) ;
#2988 = DIRECTION ( 'NONE',  ( -0.000000000000000000, 0.000000000000000000, 1.000000000000000000 ) ) ;
#2989 = LINE ( 'NONE', #4635, #2835 ) ;
#2990 = CARTESIAN_POINT ( 'NONE',  ( -2.300000000003342038, -10.13000000000353573, -2.750000000003335554 ) ) ;
#2991 = DIRECTION ( 'NONE',  ( 0.1305261922201009783, 0.000000000000000000, 0.9914448613738038318 ) ) ;
#2992 = ORIENTED_EDGE ( 'NONE', *, *, #3191, .T. ) ;
#2993 = ORIENTED_EDGE ( 'NONE', *, *, #239, .F. ) ;
#2994 = DIRECTION ( 'NONE',  ( 0.000000000000000000, 0.000000000000000000, -1.000000000000000000 ) ) ;
#2995 = VERTEX_POINT ( 'NONE', #1415 ) ;
#2996 = CIRCLE ( 'NONE', #1475, 4.928757899712365997 ) ;
#2997 = CARTESIAN_POINT ( 'NONE',  ( 9.184850993605152135E-17, -5.130000000009999894, -4.450000000000000178 ) ) ;
#2998 = CARTESIAN_POINT ( 'NONE',  ( 2.250000000000000444, -5.280000000000000249, 4.521061822187959933 ) ) ;
#2999 = ORIENTED_EDGE ( 'NONE', *, *, #3459, .F. ) ;
#3000 = CARTESIAN_POINT ( 'NONE',  ( 3.500000000000000000, -4.792495273194101735, 3.865813535377692567 ) ) ;
#3001 = EDGE_CURVE ( 'NONE', #2528, #85, #940, .T. ) ;
#3002 = EDGE_LOOP ( 'NONE', ( #4589, #2897, #1233, #3968, #396, #514 ) ) ;
#3003 = DIRECTION ( 'NONE',  ( 0.000000000000000000, 0.000000000000000000, 1.000000000000000000 ) ) ;
#3004 = ORIENTED_EDGE ( 'NONE', *, *, #871, .T. ) ;
#3005 = PRESENTATION_STYLE_ASSIGNMENT (( #1394 ) ) ;
#3006 = AXIS2_PLACEMENT_3D ( 'NONE', #1402, #4639, #138 ) ;
#3007 = PLANE ( 'NONE',  #1614 ) ;
#3008 = CARTESIAN_POINT ( 'NONE',  ( -0.9442341749620861702, 7.669999999999999929, -5.011159900999038186 ) ) ;
#3009 = VECTOR ( 'NONE', #700, 1000.000000000000000 ) ;
#3010 = ORIENTED_EDGE ( 'NONE', *, *, #2178, .T. ) ;
#3011 =( BOUNDED_CURVE ( )  B_SPLINE_CURVE ( 3, ( #2734, #5178, #1491, #2381 ),
 .UNSPECIFIED., .F., .T. ) 
 B_SPLINE_CURVE_WITH_KNOTS ( ( 4, 4 ),
 ( 0.7579326927933728308, 1.257932692793372276 ),
 .UNSPECIFIED. ) 
 CURVE ( )  GEOMETRIC_REPRESENTATION_ITEM ( )  RATIONAL_B_SPLINE_CURVE ( ( 1.000000000000000000, 0.3333333333333344251, 0.3333333333333344251, 1.000000000000000000 ) ) 
 REPRESENTATION_ITEM ( '' )  );
#3012 = CARTESIAN_POINT ( 'NONE',  ( -1.550000000010001155, 0.6699999999999999289, -4.147505116722029150 ) ) ;
#3013 = EDGE_CURVE ( 'NONE', #3799, #452, #5044, .T. ) ;
#3014 = CARTESIAN_POINT ( 'NONE',  ( 2.250000021198000244, -5.129999967673254169, -5.073460312719324072 ) ) ;
#3015 = FACE_OUTER_BOUND ( 'NONE', #3819, .T. ) ;
#3016 = ORIENTED_EDGE ( 'NONE', *, *, #3840, .F. ) ;
#3017 = VERTEX_POINT ( 'NONE', #3901 ) ;
#3018 = DIRECTION ( 'NONE',  ( 0.000000000000000000, -1.000000000000000000, 0.000000000000000000 ) ) ;
#3019 = DIRECTION ( 'NONE',  ( 0.2210526315784499263, 0.000000000000000000, 0.9752618797390996130 ) ) ;
#3020 = VECTOR ( 'NONE', #3494, 1000.000000000000000 ) ;
#3021 = VERTEX_POINT ( 'NONE', #559 ) ;
#3022 = DIRECTION ( 'NONE',  ( 0.000000000000000000, 0.000000000000000000, -1.000000000000000000 ) ) ;
#3023 = CARTESIAN_POINT ( 'NONE',  ( 3.297944236638978399, -6.629999999999998117, -1.737996236712734621 ) ) ;
#3024 = CARTESIAN_POINT ( 'NONE',  ( -3.500000000000000000, -5.129999999999999893, 0.000000000000000000 ) ) ;
#3025 = ORIENTED_EDGE ( 'NONE', *, *, #3013, .F. ) ;
#3026 = CARTESIAN_POINT ( 'NONE',  ( 5.510910596163089556E-16, 7.570000000010001173, 4.500000000000000888 ) ) ;
#3027 = EDGE_CURVE ( 'NONE', #3214, #975, #5073, .T. ) ;
#3028 = LINE ( 'NONE', #2253, #4751 ) ;
#3029 = ORIENTED_EDGE ( 'NONE', *, *, #1296, .F. ) ;
#3030 = ADVANCED_FACE ( 'NONE', ( #609 ), #1465, .T. ) ;
#3031 = LINE ( 'NONE', #4628, #488 ) ;
#3032 = LINE ( 'NONE', #5048, #934 ) ;
#3033 = EDGE_CURVE ( 'NONE', #85, #1038, #1792, .T. ) ;
#3034 = CARTESIAN_POINT ( 'NONE',  ( -5.011159900934555544, 7.669999999999999929, 0.9442341753043062003 ) ) ;
#3035 = VERTEX_POINT ( 'NONE', #2203 ) ;
#3036 = CARTESIAN_POINT ( 'NONE',  ( 0.6663287538733941862, -6.629999999999999005, 3.666760895716696833 ) ) ;
#3037 = VECTOR ( 'NONE', #4238, 1000.000000000000000 ) ;
#3038 = CARTESIAN_POINT ( 'NONE',  ( -3.500000000000056843, -2.880000000265599880, 4.873397172404399846 ) ) ;
#3039 = DIRECTION ( 'NONE',  ( 0.000000000000000000, -0.000000000000000000, -1.000000000000000000 ) ) ;
#3040 = VERTEX_POINT ( 'NONE', #3052 ) ;
#3041 = ORIENTED_EDGE ( 'NONE', *, *, #3510, .T. ) ;
#3042 =( LENGTH_UNIT ( ) NAMED_UNIT ( * ) SI_UNIT ( .MILLI., .METRE. ) );
#3043 = CARTESIAN_POINT ( 'NONE',  ( 0.6591572707139463638, -4.280000000010000250, -5.006796549940290220 ) ) ;
#3044 = ORIENTED_EDGE ( 'NONE', *, *, #3517, .T. ) ;
#3045 = DIRECTION ( 'NONE',  ( -0.000000000000000000, 1.000000000000000000, -0.000000000000000000 ) ) ;
#3046 = CARTESIAN_POINT ( 'NONE',  ( 0.000000000000000000, -5.129999999999999893, 0.000000000000000000 ) ) ;
#3047 = DIRECTION ( 'NONE',  ( -0.000000000000000000, 1.000000000000000000, -0.000000000000000000 ) ) ;
#3048 = ORIENTED_EDGE ( 'NONE', *, *, #3105, .F. ) ;
#3049 = CARTESIAN_POINT ( 'NONE',  ( -0.03030511540327504583, -6.547157287530735559, 2.950612516803484020 ) ) ;
#3050 = VECTOR ( 'NONE', #4885, 1000.000000000000000 ) ;
#3051 = VERTEX_POINT ( 'NONE', #2652 ) ;
#3052 = CARTESIAN_POINT ( 'NONE',  ( 2.740000000003335323, -5.130000000005002114, -0.8300000000050002935 ) ) ;
#3053 = EDGE_CURVE ( 'NONE', #5215, #2940, #155, .T. ) ;
#3054 = ORIENTED_EDGE ( 'NONE', *, *, #2297, .F. ) ;
#3055 = CARTESIAN_POINT ( 'NONE',  ( 0.000000000000000000, -5.129999999999999893, 0.000000000000000000 ) ) ;
#3056 = CARTESIAN_POINT ( 'NONE',  ( -2.250044735503078819, -4.630792107413745917, 4.522512056731917696 ) ) ;
#3057 = CIRCLE ( 'NONE', #1789, 5.550000000027921487 ) ;
#3058 = CARTESIAN_POINT ( 'NONE',  ( -5.125049898683061933, 7.570000000010002061, 0.9656940429248569435 ) ) ;
#3059 = VERTEX_POINT ( 'NONE', #988 ) ;
#3060 = LINE ( 'NONE', #2259, #1565 ) ;
#3061 = CARTESIAN_POINT ( 'NONE',  ( 2.899999999999999911, -5.129999999999999893, 0.000000000000000000 ) ) ;
#3062 = CIRCLE ( 'NONE', #4848, 5.049999999999999822 ) ;
#3063 = CARTESIAN_POINT ( 'NONE',  ( -2.899999999999999911, -9.330000000000000071, -2.750000000000000000 ) ) ;
#3064 = EDGE_CURVE ( 'NONE', #4129, #548, #3028, .T. ) ;
#3065 = ADVANCED_FACE ( 'NONE', ( #3473 ), #636, .T. ) ;
#3066 = CARTESIAN_POINT ( 'NONE',  ( -4.450000006622540916, 0.7624999999999999556, -2.387467264918909926 ) ) ;
#3067 = ORIENTED_EDGE ( 'NONE', *, *, #3117, .T. ) ;
#3068 = ORIENTED_EDGE ( 'NONE', *, *, #4942, .T. ) ;
#3069 = CARTESIAN_POINT ( 'NONE',  ( 2.250000000000000444, -4.589838732285295819, 4.521061822185443724 ) ) ;
#3070 = CARTESIAN_POINT ( 'NONE',  ( 0.8170048933580030814, -4.631760537322724858, 5.246215351359322376 ) ) ;
#3071 = ADVANCED_FACE ( 'NONE', ( #1890 ), #2292, .T. ) ;
#3072 = ORIENTED_EDGE ( 'NONE', *, *, #1051, .T. ) ;
#3073 = FACE_OUTER_BOUND ( 'NONE', #4515, .T. ) ;
#3074 = DIRECTION ( 'NONE',  ( 3.552713678800500929E-15, 0.000000000000000000, -1.000000000000000000 ) ) ;
#3075 = DIRECTION ( 'NONE',  ( 0.9987581134721299492, 0.000000000000000000, -0.04982199086339157007 ) ) ;
#3076 = ORIENTED_EDGE ( 'NONE', *, *, #239, .T. ) ;
#3077 = PLANE ( 'NONE',  #4099 ) ;
#3078 = CIRCLE ( 'NONE', #2142, 6.000000000000000000 ) ;
#3079 = CARTESIAN_POINT ( 'NONE',  ( 0.000000000000000000, -4.280000003120676411, 0.000000000000000000 ) ) ;
#3080 = ORIENTED_EDGE ( 'NONE', *, *, #4770, .T. ) ;
#3081 = LINE ( 'NONE', #1818, #1787 ) ;
#3082 = CARTESIAN_POINT ( 'NONE',  ( 0.000000000000000000, -6.430000000009999717, -3.700000000000000178 ) ) ;
#3083 = ORIENTED_EDGE ( 'NONE', *, *, #4203, .F. ) ;
#3084 = LINE ( 'NONE', #3480, #3009 ) ;
#3085 = DIRECTION ( 'NONE',  ( -1.000000000000000000, 0.000000000000000000, 0.000000000000000000 ) ) ;
#3086 = CONICAL_SURFACE ( 'NONE', #803, 5.500000013910113950, 0.8518045478974137774 ) ;
#3087 = ADVANCED_FACE ( 'NONE', ( #1014 ), #2229, .T. ) ;
#3088 = LINE ( 'NONE', #4340, #3824 ) ;
#3089 = PLANE ( 'NONE',  #2579 ) ;
#3090 = VERTEX_POINT ( 'NONE', #290 ) ;
#3091 = ORIENTED_EDGE ( 'NONE', *, *, #1324, .F. ) ;
#3092 = ADVANCED_FACE ( 'NONE', ( #2011 ), #315, .F. ) ;
#3093 = CARTESIAN_POINT ( 'NONE',  ( -2.275282818173915977, -4.617815344574640157, 4.509048576586930146 ) ) ;
#3094 = EDGE_CURVE ( 'NONE', #2831, #1671, #692, .T. ) ;
#3095 = ORIENTED_EDGE ( 'NONE', *, *, #4985, .T. ) ;
#3096 = DIRECTION ( 'NONE',  ( 1.000000000000000000, 0.000000000000000000, 0.000000000000000000 ) ) ;
#3097 = DIRECTION ( 'NONE',  ( -0.000000000000000000, 1.000000000000000000, -0.000000000000000000 ) ) ;
#3098 = DIRECTION ( 'NONE',  ( -0.000000000000000000, 1.000000000000000000, 0.000000000000000000 ) ) ;
#3099 = AXIS2_PLACEMENT_3D ( 'NONE', #835, #3165, #4476 ) ;
#3100 = ORIENTED_EDGE ( 'NONE', *, *, #4928, .T. ) ;
#3101 = CARTESIAN_POINT ( 'NONE',  ( 0.3664591956503283066, -6.629999999999999005, 3.017477853153182288 ) ) ;
#3102 = CARTESIAN_POINT ( 'NONE',  ( -3.354999999999999982, -5.129999999999999893, -0.7349999999999999867 ) ) ;
#3103 = CARTESIAN_POINT ( 'NONE',  ( -1.516209749326728362, 7.570000000010001173, 4.236874791169380927 ) ) ;
#3104 = EDGE_CURVE ( 'NONE', #2861, #5215, #3211, .T. ) ;
#3105 = EDGE_CURVE ( 'NONE', #1040, #4453, #1622, .T. ) ;
#3106 = ORIENTED_EDGE ( 'NONE', *, *, #1154, .T. ) ;
#3107 = DIRECTION ( 'NONE',  ( 0.000000000000000000, -0.000000000000000000, 1.000000000000000000 ) ) ;
#3108 = CARTESIAN_POINT ( 'NONE',  ( -3.317875755096573176, 7.669999999999997264, -3.961311920121179497 ) ) ;
#3109 = ORIENTED_EDGE ( 'NONE', *, *, #4973, .F. ) ;
#3110 = DIRECTION ( 'NONE',  ( -1.000000000000000000, 0.000000000000000000, -0.000000000000000000 ) ) ;
#3111 = DIRECTION ( 'NONE',  ( 0.9701425001453378716, -0.2425356250363089605, 0.000000000000000000 ) ) ;
#3112 = PLANE ( 'NONE',  #487 ) ;
#3113 = CARTESIAN_POINT ( 'NONE',  ( 3.200000000010000178, -2.580000000000000071, 0.000000000000000000 ) ) ;
#3114 = CARTESIAN_POINT ( 'NONE',  ( 2.549999999999999822, -2.879999999999999893, -5.592500684506999775 ) ) ;
#3115 = VERTEX_POINT ( 'NONE', #3527 ) ;
#3116 = ORIENTED_EDGE ( 'NONE', *, *, #1868, .F. ) ;
#3117 = EDGE_CURVE ( 'NONE', #1832, #1414, #5207, .T. ) ;
#3118 = EDGE_CURVE ( 'NONE', #2309, #1040, #3011, .T. ) ;
#3119 = AXIS2_PLACEMENT_3D ( 'NONE', #685, #715, #3867 ) ;
#3120 = B_SPLINE_CURVE_WITH_KNOTS ( 'NONE', 3,
 ( #1462, #1066, #1487, #2675 ),
 .UNSPECIFIED., .F., .F.,
 ( 4, 4 ),
 ( 0.000000000000000000, 8.886687166886578931E-05 ),
 .UNSPECIFIED. ) ;
#3121 = AXIS2_PLACEMENT_3D ( 'NONE', #4797, #2782, #2061 ) ;
#3122 = DIRECTION ( 'NONE',  ( 0.000000000000000000, 0.000000000000000000, -1.000000000000000000 ) ) ;
#3123 = ORIENTED_EDGE ( 'NONE', *, *, #2167, .T. ) ;
#3124 = DIRECTION ( 'NONE',  ( 0.000000000000000000, -1.000000000000000000, 0.000000000000000000 ) ) ;
#3125 = CARTESIAN_POINT ( 'NONE',  ( -3.425893507525626269, -2.679023976743214686, 3.710420773026147145 ) ) ;
#3126 = CARTESIAN_POINT ( 'NONE',  ( 0.000000000000000000, -5.129999999999999893, 0.000000000000000000 ) ) ;
#3127 = PLANE ( 'NONE',  #2808 ) ;
#3128 = EDGE_CURVE ( 'NONE', #3781, #4641, #3180, .T. ) ;
#3129 = EDGE_CURVE ( 'NONE', #4956, #2723, #2976, .T. ) ;
#3130 = CARTESIAN_POINT ( 'NONE',  ( 3.961311920118455010, 7.669999999999998153, -3.317875755286984862 ) ) ;
#3131 = EDGE_LOOP ( 'NONE', ( #4664, #4504, #2333, #1726, #2944 ) ) ;
#3132 = CARTESIAN_POINT ( 'NONE',  ( 2.500000000000000000, -10.13000000000000256, -2.750000000000000000 ) ) ;
#3133 = DIRECTION ( 'NONE',  ( 0.000000000000000000, -0.0002164582907025459316, 0.9999999765729039591 ) ) ;
#3134 = ADVANCED_FACE ( 'NONE', ( #2408 ), #1538, .T. ) ;
#3135 = EDGE_LOOP ( 'NONE', ( #3413, #3613, #3507, #1892, #2666, #4829 ) ) ;
#3136 = VECTOR ( 'NONE', #1627, 1000.000000000000000 ) ;
#3137 = CARTESIAN_POINT ( 'NONE',  ( 2.250000021198000244, -5.129999967673254169, -5.073460312719324072 ) ) ;
#3138 = CARTESIAN_POINT ( 'NONE',  ( 0.7178940572120293684, -4.080000000010000072, 5.452946737567115676 ) ) ;
#3139 = DIRECTION ( 'NONE',  ( -0.000000000000000000, 1.000000000000000000, -0.000000000000000000 ) ) ;
#3140 = VECTOR ( 'NONE', #1340, 1000.000000000000000 ) ;
#3141 = DIRECTION ( 'NONE',  ( 0.000000000000000000, -0.000000000000000000, -1.000000000000000000 ) ) ;
#3142 = CARTESIAN_POINT ( 'NONE',  ( 1.179095616949761061, 0.5053614914413050441, 4.651465264140398403 ) ) ;
#3143 = AXIS2_PLACEMENT_3D ( 'NONE', #2357, #5234, #3971 ) ;
#3144 = EDGE_LOOP ( 'NONE', ( #976, #2202, #4643, #2279 ) ) ;
#3145 = EDGE_LOOP ( 'NONE', ( #4713, #3826, #1569, #4473, #5018 ) ) ;
#3146 = CIRCLE ( 'NONE', #2894, 5.049999972470686771 ) ;
#3147 = CARTESIAN_POINT ( 'NONE',  ( -0.8167201673667443540, -4.589838732266507293, 5.244387046676370900 ) ) ;
#3148 = EDGE_LOOP ( 'NONE', ( #3386, #2968, #4103, #1046, #2915 ) ) ;
#3149 = ORIENTED_EDGE ( 'NONE', *, *, #1619, .T. ) ;
#3150 = CARTESIAN_POINT ( 'NONE',  ( 0.000000000000000000, -5.129999999999999893, -0.7349999999999999867 ) ) ;
#3151 = PLANE ( 'NONE',  #962 ) ;
#3152 = DIRECTION ( 'NONE',  ( 0.000000000000000000, 0.000000000000000000, -1.000000000000000000 ) ) ;
#3153 = DIRECTION ( 'NONE',  ( 0.000000000000000000, 0.000000000000000000, -1.000000000000000000 ) ) ;
#3154 = CARTESIAN_POINT ( 'NONE',  ( 0.9656940416226924562, 7.628578643768044287, 5.125049899044943125 ) ) ;
#3155 = ORIENTED_EDGE ( 'NONE', *, *, #810, .T. ) ;
#3156 = CARTESIAN_POINT ( 'NONE',  ( -4.450000000000000178, -5.280000000000000249, -2.615339366124000087 ) ) ;
#3157 = FACE_OUTER_BOUND ( 'NONE', #2486, .T. ) ;
#3158 = EDGE_CURVE ( 'NONE', #1155, #1341, #2758, .T. ) ;
#3159 = ORIENTED_EDGE ( 'NONE', *, *, #4381, .F. ) ;
#3160 = CARTESIAN_POINT ( 'NONE',  ( -0.6513256968644688394, -4.280000003120676411, 4.947309840679958270 ) ) ;
#3161 = DIRECTION ( 'NONE',  ( 0.000000000000000000, -0.000000000000000000, -1.000000000000000000 ) ) ;
#3162 = CIRCLE ( 'NONE', #880, 5.049999999999999822 ) ;
#3163 = FACE_OUTER_BOUND ( 'NONE', #4625, .T. ) ;
#3164 = ADVANCED_FACE ( 'NONE', ( #740 ), #1200, .F. ) ;
#3165 = DIRECTION ( 'NONE',  ( 0.000000000000000000, 1.000000000000000000, 0.000000000000000000 ) ) ;
#3166 = CARTESIAN_POINT ( 'NONE',  ( 0.000000000000000000, 0.7624999999999999556, 5.049999999999999822 ) ) ;
#3167 = PLANE ( 'NONE',  #3765 ) ;
#3168 = ORIENTED_EDGE ( 'NONE', *, *, #2576, .T. ) ;
#3169 = ORIENTED_EDGE ( 'NONE', *, *, #2244, .T. ) ;
#3170 = CIRCLE ( 'NONE', #3850, 4.500000000000000888 ) ;
#3171 = ADVANCED_FACE ( 'NONE', ( #1590 ), #338, .T. ) ;
#3172 = UNCERTAINTY_MEASURE_WITH_UNIT (LENGTH_MEASURE( 1.000000000000000082E-05 ), #3363, 'distance_accuracy_value', 'NONE');
#3173 = CARTESIAN_POINT ( 'NONE',  ( -1.050000000000000044, 0.6700000000000000400, -5.907410600254999977 ) ) ;
#3174 = ORIENTED_EDGE ( 'NONE', *, *, #4233, .T. ) ;
#3175 = AXIS2_PLACEMENT_3D ( 'NONE', #1896, #242, #725 ) ;
#3176 = ORIENTED_EDGE ( 'NONE', *, *, #3802, .T. ) ;
#3177 = DIRECTION ( 'NONE',  ( 0.000000000000000000, 1.000000000000000000, 0.000000000000000000 ) ) ;
#3178 = DIRECTION ( 'NONE',  ( 0.000000000000000000, 0.000000000000000000, 1.000000000000000000 ) ) ;
#3179 = ORIENTED_EDGE ( 'NONE', *, *, #3579, .F. ) ;
#3180 = LINE ( 'NONE', #3578, #5274 ) ;
#3181 = FACE_OUTER_BOUND ( 'NONE', #2313, .T. ) ;
#3182 = CARTESIAN_POINT ( 'NONE',  ( 0.03310722617889776814, -6.429999999999999716, 1.549646382751477924 ) ) ;
#3183 = EDGE_CURVE ( 'NONE', #4633, #1254, #1370, .T. ) ;
#3184 = ORIENTED_EDGE ( 'NONE', *, *, #2221, .F. ) ;
#3185 = CARTESIAN_POINT ( 'NONE',  ( 0.5493169624096715387, -6.629999999999999893, -3.727402094974865410 ) ) ;
#3186 = CARTESIAN_POINT ( 'NONE',  ( 1.482516981376144072, 7.669999999999999929, -4.142724204553227096 ) ) ;
#3187 = ADVANCED_FACE ( 'NONE', ( #4435 ), #2706, .T. ) ;
#3188 = ORIENTED_EDGE ( 'NONE', *, *, #1796, .F. ) ;
#3189 = PLANE ( 'NONE',  #4951 ) ;
#3190 = CARTESIAN_POINT ( 'NONE',  ( -3.500000000000000000, -2.879998024816864621, -3.640398203089040052 ) ) ;
#3191 = EDGE_CURVE ( 'NONE', #1607, #1659, #4720, .T. ) ;
#3192 = CARTESIAN_POINT ( 'NONE',  ( 2.899999999999999911, -10.13000000000000256, 2.250000000000000444 ) ) ;
#3193 = DIRECTION ( 'NONE',  ( -1.000000000000000000, 0.000000000000000000, 0.000000000000000000 ) ) ;
#3194 = AXIS2_PLACEMENT_3D ( 'NONE', #2916, #3920, #4269 ) ;
#3195 = DIRECTION ( 'NONE',  ( 0.000000000000000000, -1.000000000000000000, 0.000000000000000000 ) ) ;
#3196 = CARTESIAN_POINT ( 'NONE',  ( 3.500000000000000000, -4.959637102241351236, -4.087745006985035623 ) ) ;
#3197 = EDGE_LOOP ( 'NONE', ( #1977, #3304, #4657, #4523, #1404 ) ) ;
#3198 = EDGE_LOOP ( 'NONE', ( #2304, #1884, #2824, #1291, #3169, #2507 ) ) ;
#3199 = ADVANCED_FACE ( 'NONE', ( #1911 ), #3127, .T. ) ;
#3200 = DIRECTION ( 'NONE',  ( 0.000000000000000000, 0.000000000000000000, -1.000000000000000000 ) ) ;
#3201 = CIRCLE ( 'NONE', #3455, 4.990000000000000213 ) ;
#3202 = CARTESIAN_POINT ( 'NONE',  ( 0.000000000000000000, -5.129999999999999893, -0.8300000000066669603 ) ) ;
#3203 = ORIENTED_EDGE ( 'NONE', *, *, #73, .T. ) ;
#3204 = VERTEX_POINT ( 'NONE', #4212 ) ;
#3205 = VECTOR ( 'NONE', #1698, 1000.000000000000000 ) ;
#3206 = CARTESIAN_POINT ( 'NONE',  ( -1.050000000006690026, -4.280000000000000249, 0.000000000000000000 ) ) ;
#3207 = AXIS2_PLACEMENT_3D ( 'NONE', #898, #467, #1352 ) ;
#3208 = CARTESIAN_POINT ( 'NONE',  ( -1.324040086328831523, 0.6162928561688275630, 4.461340974214559552 ) ) ;
#3209 = ORIENTED_EDGE ( 'NONE', *, *, #3001, .T. ) ;
#3210 = CARTESIAN_POINT ( 'NONE',  ( 0.000000000000000000, -5.129999999999999893, 0.000000000000000000 ) ) ;
#3211 =( BOUNDED_CURVE ( )  B_SPLINE_CURVE ( 3, ( #365, #718, #769, #4772 ),
 .UNSPECIFIED., .F., .F. ) 
 B_SPLINE_CURVE_WITH_KNOTS ( ( 4, 4 ),
 ( 0.000000000000000000, 1.000000000000000000 ),
 .UNSPECIFIED. ) 
 CURVE ( )  GEOMETRIC_REPRESENTATION_ITEM ( )  RATIONAL_B_SPLINE_CURVE ( ( 1.000000000000000000, 0.9578154638520164355, 0.9578154638520164355, 1.000000000000000000 ) ) 
 REPRESENTATION_ITEM ( '' )  );
#3212 = FACE_OUTER_BOUND ( 'NONE', #293, .T. ) ;
#3213 = DIRECTION ( 'NONE',  ( -0.000000000000000000, 1.000000000000000000, -0.000000000000000000 ) ) ;
#3214 = VERTEX_POINT ( 'NONE', #3804 ) ;
#3215 = CARTESIAN_POINT ( 'NONE',  ( -2.834999999999999964, -5.129999999999999893, 0.000000000000000000 ) ) ;
#3216 = CARTESIAN_POINT ( 'NONE',  ( 0.000000000000000000, -4.080000000010000072, 0.000000000000000000 ) ) ;
#3217 = ORIENTED_EDGE ( 'NONE', *, *, #1637, .T. ) ;
#3218 = CARTESIAN_POINT ( 'NONE',  ( -0.5654889490490216941, -6.629999999999999005, -3.996790145983574405 ) ) ;
#3219 = CARTESIAN_POINT ( 'NONE',  ( -2.250000007279300274, -0.08000000000000000167, 5.562148862377125802 ) ) ;
#3220 = CARTESIAN_POINT ( 'NONE',  ( 2.250000042320626559, -2.879774645948882661, -4.521061801121193824 ) ) ;
#3221 = CARTESIAN_POINT ( 'NONE',  ( 3.410000000000000142, -5.129999999999999893, -0.9200000000000000400 ) ) ;
#3222 = FACE_OUTER_BOUND ( 'NONE', #3293, .T. ) ;
#3223 = CARTESIAN_POINT ( 'NONE',  ( -4.949999994683871307, -5.129999999999999893, 0.000000000000000000 ) ) ;
#3224 = VECTOR ( 'NONE', #697, 1000.000000000000000 ) ;
#3225 = ORIENTED_EDGE ( 'NONE', *, *, #1863, .F. ) ;
#3226 = ORIENTED_EDGE ( 'NONE', *, *, #2550, .F. ) ;
#3227 = CARTESIAN_POINT ( 'NONE',  ( -2.799999999999999822, -9.730000000000000426, -2.500000000000000000 ) ) ;
#3228 = EDGE_CURVE ( 'NONE', #4617, #4872, #2041, .T. ) ;
#3229 = AXIS2_PLACEMENT_3D ( 'NONE', #1838, #4275, #3003 ) ;
#3230 = CARTESIAN_POINT ( 'NONE',  ( -2.250070414190062262, -4.630801655458948396, -4.522504639306170304 ) ) ;
#3231 = ORIENTED_EDGE ( 'NONE', *, *, #5179, .T. ) ;
#3232 = AXIS2_PLACEMENT_3D ( 'NONE', #4801, #4087, #368 ) ;
#3233 = ORIENTED_EDGE ( 'NONE', *, *, #4425, .F. ) ;
#3234 = CARTESIAN_POINT ( 'NONE',  ( -2.100000000006177814, -5.130000000005002114, -2.250000000001667555 ) ) ;
#3235 = VECTOR ( 'NONE', #4850, 1000.000000000000000 ) ;
#3236 = EDGE_CURVE ( 'NONE', #3628, #4150, #4840, .T. ) ;
#3237 = CARTESIAN_POINT ( 'NONE',  ( -1.113467977123063113, 0.4150197696299922634, 4.734917701828361025 ) ) ;
#3238 = EDGE_LOOP ( 'NONE', ( #5068, #288, #1504, #1786, #1259, #1909 ) ) ;
#3239 = DIRECTION ( 'NONE',  ( 0.000000000000000000, -0.9961946980913802818, -0.08715574275183386732 ) ) ;
#3240 = CARTESIAN_POINT ( 'NONE',  ( -2.275811409321175649, -4.631760537261127020, -4.510096113684591401 ) ) ;
#3241 = PLANE ( 'NONE',  #1096 ) ;
#3242 = ORIENTED_EDGE ( 'NONE', *, *, #1746, .F. ) ;
#3243 = CARTESIAN_POINT ( 'NONE',  ( 3.500000000000000000, -5.280000000000000249, -4.873397172404000166 ) ) ;
#3244 = ADVANCED_FACE ( 'NONE', ( #3015 ), #5031, .F. ) ;
#3245 = CARTESIAN_POINT ( 'NONE',  ( 0.9442341739009051382, 7.670000000000000817, 5.011159901247895121 ) ) ;
#3246 = ORIENTED_EDGE ( 'NONE', *, *, #5085, .T. ) ;
#3247 = DIRECTION ( 'NONE',  ( 0.000000000000000000, 0.000000000000000000, -1.000000000000000000 ) ) ;
#3248 = CARTESIAN_POINT ( 'NONE',  ( -3.340530272373159804, -2.604122391205094811, -3.788059843467968868 ) ) ;
#3249 = B_SPLINE_CURVE_WITH_KNOTS ( 'NONE', 3,
 ( #3660, #790, #2838, #2404 ),
 .UNSPECIFIED., .F., .F.,
 ( 4, 4 ),
 ( 2.419245384474975891E-14, 0.0008334904756252033836 ),
 .UNSPECIFIED. ) ;
#3250 = FACE_OUTER_BOUND ( 'NONE', #4276, .T. ) ;
#3251 = DIRECTION ( 'NONE',  ( -0.000000000000000000, -1.000000000000000000, -0.000000000000000000 ) ) ;
#3252 = DIRECTION ( 'NONE',  ( -1.000000000000000000, -0.000000000000000000, -0.000000000000000000 ) ) ;
#3253 = ORIENTED_EDGE ( 'NONE', *, *, #4603, .T. ) ;
#3254 = CIRCLE ( 'NONE', #3679, 5.049999999999999822 ) ;
#3255 = ORIENTED_EDGE ( 'NONE', *, *, #3332, .F. ) ;
#3256 = CARTESIAN_POINT ( 'NONE',  ( 3.029999999999999805, -5.129999999999999893, 0.000000000000000000 ) ) ;
#3257 = ADVANCED_FACE ( 'NONE', ( #594 ), #4155, .T. ) ;
#3258 = AXIS2_PLACEMENT_3D ( 'NONE', #349, #1873, #3161 ) ;
#3259 = DIRECTION ( 'NONE',  ( -1.000000000000000000, 0.000000000000000000, 0.000000000000000000 ) ) ;
#3260 = ORIENTED_EDGE ( 'NONE', *, *, #3551, .F. ) ;
#3261 = CARTESIAN_POINT ( 'NONE',  ( -3.500000000000000000, -4.629999972507903294, -3.640398247376778418 ) ) ;
#3262 = EDGE_CURVE ( 'NONE', #610, #2447, #2920, .T. ) ;
#3263 = EDGE_CURVE ( 'NONE', #2467, #1836, #3170, .T. ) ;
#3264 = VECTOR ( 'NONE', #4286, 1000.000000000000000 ) ;
#3265 = ORIENTED_EDGE ( 'NONE', *, *, #4616, .T. ) ;
#3266 = CARTESIAN_POINT ( 'NONE',  ( -2.275282818173031352, -4.617815344528597876, -4.509048576584983259 ) ) ;
#3267 = CARTESIAN_POINT ( 'NONE',  ( -2.700000000000005063, -10.13000000000000433, -2.250000000001667555 ) ) ;
#3268 = ORIENTED_EDGE ( 'NONE', *, *, #2708, .F. ) ;
#3269 = CARTESIAN_POINT ( 'NONE',  ( 3.120000000000000551, -5.230000000006670646, -0.9200000000000000400 ) ) ;
#3270 = FACE_OUTER_BOUND ( 'NONE', #3198, .T. ) ;
#3271 = ORIENTED_EDGE ( 'NONE', *, *, #754, .F. ) ;
#3272 = CARTESIAN_POINT ( 'NONE',  ( -2.550000000005000267, -2.580000000000000071, 0.000000000000000000 ) ) ;
#3273 = LINE ( 'NONE', #4911, #2889 ) ;
#3274 = CYLINDRICAL_SURFACE ( 'NONE', #1744, 5.049999999999999822 ) ;
#3275 = VECTOR ( 'NONE', #1885, 1000.000000000000000 ) ;
#3276 = DIRECTION ( 'NONE',  ( 0.000000000000000000, -1.000000000000000000, -0.000000000000000000 ) ) ;
#3277 = CARTESIAN_POINT ( 'NONE',  ( 3.120000000006669882, -5.129999999999999893, 0.000000000000000000 ) ) ;
#3278 = ORIENTED_EDGE ( 'NONE', *, *, #2181, .F. ) ;
#3279 = LINE ( 'NONE', #2880, #1208 ) ;
#3280 = FACE_OUTER_BOUND ( 'NONE', #2986, .T. ) ;
#3281 = DIRECTION ( 'NONE',  ( 0.1305261922281988063, 0.000000000000000000, 0.9914448613727377957 ) ) ;
#3282 = EDGE_CURVE ( 'NONE', #1181, #5158, #2192, .T. ) ;
#3283 = ORIENTED_EDGE ( 'NONE', *, *, #1520, .T. ) ;
#3284 = DIRECTION ( 'NONE',  ( 0.000000000000000000, 0.000000000000000000, 1.000000000000000000 ) ) ;
#3285 = ORIENTED_EDGE ( 'NONE', *, *, #4182, .T. ) ;
#3286 = DIRECTION ( 'NONE',  ( -1.000000000000000000, 0.000000000000000000, 0.000000000000000000 ) ) ;
#3287 = FACE_OUTER_BOUND ( 'NONE', #895, .T. ) ;
#3288 = ORIENTED_EDGE ( 'NONE', *, *, #3483, .T. ) ;
#3289 = CARTESIAN_POINT ( 'NONE',  ( -0.7359235698112003288, -6.547157287530735559, -3.234341500369396272 ) ) ;
#3290 = EDGE_CURVE ( 'NONE', #2150, #1333, #2656, .T. ) ;
#3291 = EDGE_CURVE ( 'NONE', #1357, #3317, #1229, .T. ) ;
#3292 = CYLINDRICAL_SURFACE ( 'NONE', #3902, 5.500000000000000888 ) ;
#3293 = EDGE_LOOP ( 'NONE', ( #3670, #2761, #4825, #1951, #4371 ) ) ;
#3294 = DIRECTION ( 'NONE',  ( 0.000000000000000000, -1.000000000000000000, 0.000000000000000000 ) ) ;
#3295 = CARTESIAN_POINT ( 'NONE',  ( 3.500000002164918023, -2.879998866970224558, 4.873397170849671056 ) ) ;
#3296 = CARTESIAN_POINT ( 'NONE',  ( 2.249999999999999556, -4.617157905060509826, -4.521688000469319846 ) ) ;
#3297 = EDGE_CURVE ( 'NONE', #5063, #3941, #1797, .T. ) ;
#3298 = FACE_BOUND ( 'NONE', #1378, .T. ) ;
#3299 = CARTESIAN_POINT ( 'NONE',  ( -2.286248804158234282, -2.716999529857988538, -5.547689183320351880 ) ) ;
#3300 = EDGE_LOOP ( 'NONE', ( #460, #1173, #4273, #3179 ) ) ;
#3301 = FACE_OUTER_BOUND ( 'NONE', #3868, .T. ) ;
#3302 = DIRECTION ( 'NONE',  ( 1.000000000000000000, 0.000000000000000000, 0.000000000000000000 ) ) ;
#3303 = DIRECTION ( 'NONE',  ( 0.000000000000000000, -1.000000000000000000, -0.000000000000000000 ) ) ;
#3304 = ORIENTED_EDGE ( 'NONE', *, *, #2355, .T. ) ;
#3305 = DIRECTION ( 'NONE',  ( 0.000000000000000000, 0.000000000000000000, 1.000000000000000000 ) ) ;
#3306 = VECTOR ( 'NONE', #1664, 1000.000000000000000 ) ;
#3307 = EDGE_LOOP ( 'NONE', ( #68, #1062, #4865, #3260, #3785 ) ) ;
#3308 = CARTESIAN_POINT ( 'NONE',  ( 0.000000000000000000, 0.6700000000100000408, 0.000000000000000000 ) ) ;
#3309 = DIRECTION ( 'NONE',  ( -0.000000000000000000, 1.000000000000000000, 0.000000000000000000 ) ) ;
#3310 = CIRCLE ( 'NONE', #1206, 6.000000000000000000 ) ;
#3311 = CARTESIAN_POINT ( 'NONE',  ( 3.030000000005002470, -5.130000000005002114, -0.8300000000033335157 ) ) ;
#3312 = ORIENTED_EDGE ( 'NONE', *, *, #828, .F. ) ;
#3313 = CARTESIAN_POINT ( 'NONE',  ( -4.349999999999999645, -4.280000001560313905, 2.444913086389786994 ) ) ;
#3314 = EDGE_CURVE ( 'NONE', #3364, #4367, #2610, .T. ) ;
#3315 = CARTESIAN_POINT ( 'NONE',  ( 0.6014898701960733618, 0.5068242500016059138, -4.986051392214831068 ) ) ;
#3316 = VECTOR ( 'NONE', #28, 1000.000000000000000 ) ;
#3317 = VERTEX_POINT ( 'NONE', #1620 ) ;
#3318 = EDGE_CURVE ( 'NONE', #462, #3470, #2842, .T. ) ;
#3319 = DIRECTION ( 'NONE',  ( 0.000000000000000000, 0.000000000000000000, -1.000000000000000000 ) ) ;
#3320 = FACE_OUTER_BOUND ( 'NONE', #5003, .T. ) ;
#3321 = CARTESIAN_POINT ( 'NONE',  ( 1.050000000000000044, -0.04666601261607100648, 4.861499943227169496 ) ) ;
#3322 = EDGE_CURVE ( 'NONE', #2588, #793, #2964, .T. ) ;
#3323 = FACE_BOUND ( 'NONE', #1988, .T. ) ;
#3324 = VERTEX_POINT ( 'NONE', #2433 ) ;
#3325 = LINE ( 'NONE', #2858, #2640 ) ;
#3326 = CARTESIAN_POINT ( 'NONE',  ( 0.000000000000000000, -4.280000003177519829, 0.000000000000000000 ) ) ;
#3327 =( NAMED_UNIT ( * ) PLANE_ANGLE_UNIT ( ) SI_UNIT ( $, .RADIAN. ) );
#3328 = VECTOR ( 'NONE', #953, 1000.000000000000000 ) ;
#3329 = DIRECTION ( 'NONE',  ( 0.000000000000000000, -1.000000000000000000, 0.000000000000000000 ) ) ;
#3330 = ORIENTED_EDGE ( 'NONE', *, *, #991, .F. ) ;
#3331 = ORIENTED_EDGE ( 'NONE', *, *, #2167, .F. ) ;
#3332 = EDGE_CURVE ( 'NONE', #907, #1412, #2325, .T. ) ;
#3333 = FACE_OUTER_BOUND ( 'NONE', #410, .T. ) ;
#3334 = VECTOR ( 'NONE', #1211, 1000.000000000000114 ) ;
#3335 = ORIENTED_EDGE ( 'NONE', *, *, #4115, .F. ) ;
#3336 = LINE ( 'NONE', #2593, #3571 ) ;
#3337 = DIRECTION ( 'NONE',  ( -0.000000000000000000, 1.000000000000000000, -0.000000000000000000 ) ) ;
#3338 = CARTESIAN_POINT ( 'NONE',  ( -0.4945128250775580603, -6.629999999999998117, 4.826035996686524499 ) ) ;
#3339 = EDGE_LOOP ( 'NONE', ( #1799, #5121, #21, #2623 ) ) ;
#3340 = LINE ( 'NONE', #4957, #3388 ) ;
#3341 = EDGE_LOOP ( 'NONE', ( #2120, #677, #32, #4354 ) ) ;
#3342 = LINE ( 'NONE', #1336, #2123 ) ;
#3343 = ORIENTED_EDGE ( 'NONE', *, *, #2637, .F. ) ;
#3344 = EDGE_CURVE ( 'NONE', #3964, #3497, #4128, .T. ) ;
#3345 = CARTESIAN_POINT ( 'NONE',  ( 0.000000000000000000, -4.631760537322659133, 0.000000000000000000 ) ) ;
#3346 = CARTESIAN_POINT ( 'NONE',  ( -2.402837799548108499, -2.607081433946858429, 4.442191168975553772 ) ) ;
#3347 = CARTESIAN_POINT ( 'NONE',  ( 0.000000000000000000, -5.219999999999999751, 0.000000000000000000 ) ) ;
#3348 = ORIENTED_EDGE ( 'NONE', *, *, #1912, .T. ) ;
#3349 = DIRECTION ( 'NONE',  ( 0.2425356250439289207, 0.9701425001434328399, 0.000000000000000000 ) ) ;
#3350 = CARTESIAN_POINT ( 'NONE',  ( 0.000000000000000000, -5.130000000009999894, 0.000000000000000000 ) ) ;
#3351 = PLANE ( 'NONE',  #3258 ) ;
#3352 = CARTESIAN_POINT ( 'NONE',  ( -1.482516197824583104, 7.570000000000000284, 4.142722018575196508 ) ) ;
#3353 = EDGE_CURVE ( 'NONE', #4633, #4776, #3730, .T. ) ;
#3354 = EDGE_CURVE ( 'NONE', #1038, #5229, #2162, .T. ) ;
#3355 = CARTESIAN_POINT ( 'NONE',  ( -2.799999999999999822, -9.730000000000000426, -2.500000000000000000 ) ) ;
#3356 = ORIENTED_EDGE ( 'NONE', *, *, #2745, .F. ) ;
#3357 = EDGE_LOOP ( 'NONE', ( #3886, #4146, #3732, #310 ) ) ;
#3358 = FACE_OUTER_BOUND ( 'NONE', #161, .T. ) ;
#3359 = EDGE_CURVE ( 'NONE', #2441, #1222, #2156, .T. ) ;
#3360 = EDGE_LOOP ( 'NONE', ( #3225, #3072, #59, #1895, #76, #3409 ) ) ;
#3361 = CARTESIAN_POINT ( 'NONE',  ( 0.000000000000000000, -5.130000000009999894, -3.700000000000000178 ) ) ;
#3362 = DIRECTION ( 'NONE',  ( 0.2425356250458370888, 0.9701425001429558881, 0.000000000000000000 ) ) ;
#3363 =( LENGTH_UNIT ( ) NAMED_UNIT ( * ) SI_UNIT ( .MILLI., .METRE. ) );
#3364 = VERTEX_POINT ( 'NONE', #2665 ) ;
#3365 = CARTESIAN_POINT ( 'NONE',  ( 3.200000000004957101, -2.580000000005000071, 5.075431016176683130 ) ) ;
#3366 = AXIS2_PLACEMENT_3D ( 'NONE', #1362, #2205, #95 ) ;
#3367 = ORIENTED_EDGE ( 'NONE', *, *, #2577, .F. ) ;
#3368 = CARTESIAN_POINT ( 'NONE',  ( 0.5775011336674767959, 0.6700000073433027836, -4.787196716363192550 ) ) ;
#3369 = EDGE_LOOP ( 'NONE', ( #1320, #4611, #2462, #1946, #3091, #864, #785, #3463 ) ) ;
#3370 = DIRECTION ( 'NONE',  ( -0.000000000000000000, -0.000000000000000000, -1.000000000000000000 ) ) ;
#3371 = AXIS2_PLACEMENT_3D ( 'NONE', #1809, #2172, #3390 ) ;
#3372 = CARTESIAN_POINT ( 'NONE',  ( 2.550000000004999823, -2.580000000002499849, 4.358898943537748316 ) ) ;
#3373 = VECTOR ( 'NONE', #444, 1000.000000000000000 ) ;
#3374 = FACE_OUTER_BOUND ( 'NONE', #2380, .T. ) ;
#3375 = ORIENTED_EDGE ( 'NONE', *, *, #4033, .T. ) ;
#3376 = ORIENTED_EDGE ( 'NONE', *, *, #1321, .F. ) ;
#3377 = LINE ( 'NONE', #4577, #464 ) ;
#3378 = CARTESIAN_POINT ( 'NONE',  ( 0.4725736491474148426, -6.430000000009997940, 4.431502211223745213 ) ) ;
#3379 = LINE ( 'NONE', #3407, #1457 ) ;
#3380 = CARTESIAN_POINT ( 'NONE',  ( -3.500000000000000000, -5.280000000000000249, 3.640398329732500216 ) ) ;
#3381 = EDGE_LOOP ( 'NONE', ( #4407, #1971 ) ) ;
#3382 = ORIENTED_EDGE ( 'NONE', *, *, #2561, .T. ) ;
#3383 = CARTESIAN_POINT ( 'NONE',  ( -2.250000000000000444, -5.280000000000000249, -4.521061822185470369 ) ) ;
#3384 = DIRECTION ( 'NONE',  ( 0.000000000000000000, 1.000000000000000000, 0.000000000000000000 ) ) ;
#3385 = EDGE_CURVE ( 'NONE', #831, #678, #4196, .T. ) ;
#3386 = ORIENTED_EDGE ( 'NONE', *, *, #3053, .F. ) ;
#3387 = FACE_OUTER_BOUND ( 'NONE', #1745, .T. ) ;
#3388 = VECTOR ( 'NONE', #2975, 1000.000000000000000 ) ;
#3389 = LINE ( 'NONE', #118, #1647 ) ;
#3390 = DIRECTION ( 'NONE',  ( 0.2425356250363089605, 0.9701425001453378716, 0.000000000000000000 ) ) ;
#3391 = EDGE_CURVE ( 'NONE', #3581, #1307, #1477, .T. ) ;
#3392 = EDGE_LOOP ( 'NONE', ( #4043, #485, #896, #762, #2096, #3203 ) ) ;
#3393 = CARTESIAN_POINT ( 'NONE',  ( -3.500000002598447679, -2.879998024816864621, -4.873397170538315670 ) ) ;
#3394 = AXIS2_PLACEMENT_3D ( 'NONE', #3871, #3820, #4673 ) ;
#3395 = ORIENTED_EDGE ( 'NONE', *, *, #136, .F. ) ;
#3396 = CARTESIAN_POINT ( 'NONE',  ( 0.03737912634205913659, -6.430000000009999717, 1.749600754719174533 ) ) ;
#3397 = VECTOR ( 'NONE', #4456, 1000.000000000000000 ) ;
#3398 = ORIENTED_EDGE ( 'NONE', *, *, #3094, .F. ) ;
#3399 = SURFACE_STYLE_FILL_AREA ( #2179 ) ;
#3400 = ADVANCED_FACE ( 'NONE', ( #2748 ), #4341, .T. ) ;
#3401 = DIRECTION ( 'NONE',  ( -0.9701425001453378716, -0.2425356250363089605, 0.000000000000000000 ) ) ;
#3402 = CIRCLE ( 'NONE', #3661, 4.990000000000000213 ) ;
#3403 = PRESENTATION_STYLE_ASSIGNMENT (( #4656 ) ) ;
#3404 = ORIENTED_EDGE ( 'NONE', *, *, #674, .T. ) ;
#3405 = LINE ( 'NONE', #2553, #3601 ) ;
#3406 = CARTESIAN_POINT ( 'NONE',  ( 1.170705828407060167, 0.4958452660569505066, -4.662220399780029112 ) ) ;
#3407 = CARTESIAN_POINT ( 'NONE',  ( 2.300000000005689937, -10.13000000000000256, -2.750000000000000000 ) ) ;
#3408 = DIRECTION ( 'NONE',  ( -0.01137610941439469621, -0.9961946966282443361, 0.08641012987116768185 ) ) ;
#3409 = ORIENTED_EDGE ( 'NONE', *, *, #2317, .F. ) ;
#3410 = VERTEX_POINT ( 'NONE', #2721 ) ;
#3411 =( LENGTH_UNIT ( ) NAMED_UNIT ( * ) SI_UNIT ( .MILLI., .METRE. ) );
#3412 = FACE_OUTER_BOUND ( 'NONE', #3816, .T. ) ;
#3413 = ORIENTED_EDGE ( 'NONE', *, *, #3734, .F. ) ;
#3414 = DIRECTION ( 'NONE',  ( 0.000000000000000000, -0.000000000000000000, -1.000000000000000000 ) ) ;
#3415 = B_SPLINE_CURVE_WITH_KNOTS ( 'NONE', 3,
 ( #1180, #2311, #2792, #4754 ),
 .UNSPECIFIED., .F., .F.,
 ( 4, 4 ),
 ( 8.033864999304428668E-12, 0.0007176415559516084080 ),
 .UNSPECIFIED. ) ;
#3416 = VECTOR ( 'NONE', #3787, 1000.000000000000114 ) ;
#3417 = CARTESIAN_POINT ( 'NONE',  ( -2.834999999999999964, -5.129999999999999893, -0.5849999999999999645 ) ) ;
#3418 = EDGE_CURVE ( 'NONE', #171, #2753, #706, .T. ) ;
#3419 = PLANE ( 'NONE',  #4562 ) ;
#3420 = ORIENTED_EDGE ( 'NONE', *, *, #2540, .F. ) ;
#3421 = CARTESIAN_POINT ( 'NONE',  ( 3.500000000000000000, -4.629999966265716971, 3.640398238910684370 ) ) ;
#3422 = ORIENTED_EDGE ( 'NONE', *, *, #1990, .F. ) ;
#3423 = CARTESIAN_POINT ( 'NONE',  ( -0.03737912633101381915, -6.430000000009999717, -1.749600754719410567 ) ) ;
#3424 = ORIENTED_EDGE ( 'NONE', *, *, #4126, .T. ) ;
#3425 = DIRECTION ( 'NONE',  ( 0.000000000000000000, 0.000000000000000000, 1.000000000000000000 ) ) ;
#3426 = CARTESIAN_POINT ( 'NONE',  ( 2.100000000000000089, -5.080000000000000071, -2.750000000000000000 ) ) ;
#3427 = VECTOR ( 'NONE', #1132, 1000.000000000000000 ) ;
#3428 = ORIENTED_EDGE ( 'NONE', *, *, #5014, .F. ) ;
#3429 = CARTESIAN_POINT ( 'NONE',  ( 0.000000000000000000, 7.570000000010001173, 0.000000000000000000 ) ) ;
#3430 = CARTESIAN_POINT ( 'NONE',  ( 0.3465540093747708217, -6.629999999999999893, 4.236434954897413618 ) ) ;
#3431 = LINE ( 'NONE', #3113, #4254 ) ;
#3432 = CARTESIAN_POINT ( 'NONE',  ( -2.834999999999999964, -5.129999999999999893, -0.7349999999999999867 ) ) ;
#3433 = ORIENTED_EDGE ( 'NONE', *, *, #1863, .T. ) ;
#3434 = ORIENTED_EDGE ( 'NONE', *, *, #2071, .F. ) ;
#3435 = CARTESIAN_POINT ( 'NONE',  ( -1.550000000000000266, 0.6699999999999993738, 4.147505085830999860 ) ) ;
#3436 = CARTESIAN_POINT ( 'NONE',  ( 3.410000000000000142, -5.129999999999999893, -0.8299999999999999600 ) ) ;
#3437 = ADVANCED_FACE ( 'NONE', ( #3488 ), #5113, .F. ) ;
#3438 = DIRECTION ( 'NONE',  ( 0.2425356250344179176, 0.9701425001458107156, 0.000000000000000000 ) ) ;
#3439 = VECTOR ( 'NONE', #4068, 1000.000000000000000 ) ;
#3440 = ORIENTED_EDGE ( 'NONE', *, *, #1572, .F. ) ;
#3441 = DIRECTION ( 'NONE',  ( 0.000000000000000000, -1.000000000000000000, 0.000000000000000000 ) ) ;
#3442 = DIRECTION ( 'NONE',  ( -1.000000000000000000, 0.000000000000000000, 0.000000000000000000 ) ) ;
#3443 = ORIENTED_EDGE ( 'NONE', *, *, #3450, .F. ) ;
#3444 = CARTESIAN_POINT ( 'NONE',  ( 3.029999999999999805, -5.129999999999999893, -0.8300000000066669603 ) ) ;
#3445 = ORIENTED_EDGE ( 'NONE', *, *, #2744, .T. ) ;
#3446 = CARTESIAN_POINT ( 'NONE',  ( 1.482516197824582660, 7.570000000000000284, -4.142722018575196508 ) ) ;
#3447 = VERTEX_POINT ( 'NONE', #4684 ) ;
#3448 = CARTESIAN_POINT ( 'NONE',  ( -2.250000000338681971, -2.796828060305048602, 5.562148865184779467 ) ) ;
#3449 = CARTESIAN_POINT ( 'NONE',  ( 1.550000000000000266, 0.6700000000000000400, 0.000000000000000000 ) ) ;
#3450 = EDGE_CURVE ( 'NONE', #5238, #4050, #3513, .T. ) ;
#3451 = EDGE_CURVE ( 'NONE', #5158, #4718, #165, .T. ) ;
#3452 = CIRCLE ( 'NONE', #320, 5.049999999926058081 ) ;
#3453 = FACE_OUTER_BOUND ( 'NONE', #3145, .T. ) ;
#3454 = ORIENTED_EDGE ( 'NONE', *, *, #702, .T. ) ;
#3455 = AXIS2_PLACEMENT_3D ( 'NONE', #2127, #5077, #611 ) ;
#3456 = CARTESIAN_POINT ( 'NONE',  ( 0.000000000000000000, -4.280000000006669580, 0.000000000000000000 ) ) ;
#3457 = CARTESIAN_POINT ( 'NONE',  ( 1.281387876752693833, 0.5920211526282819214, -4.518087325156682432 ) ) ;
#3458 = AXIS2_PLACEMENT_3D ( 'NONE', #4558, #4977, #3709 ) ;
#3459 = EDGE_CURVE ( 'NONE', #4143, #4206, #303, .T. ) ;
#3460 = CARTESIAN_POINT ( 'NONE',  ( 0.000000000000000000, -4.280000003177519829, 0.000000000000000000 ) ) ;
#3461 = DIRECTION ( 'NONE',  ( 0.000000000000000000, 0.000000000000000000, 1.000000000000000000 ) ) ;
#3462 = ORIENTED_EDGE ( 'NONE', *, *, #1815, .T. ) ;
#3463 = ORIENTED_EDGE ( 'NONE', *, *, #4074, .T. ) ;
#3464 = CARTESIAN_POINT ( 'NONE',  ( 2.249999999999999556, -4.589838732267744525, -4.521061822182929291 ) ) ;
#3465 = CARTESIAN_POINT ( 'NONE',  ( -2.275018289640397207, -4.603833200579570573, 4.508524346369043201 ) ) ;
#3466 = ORIENTED_EDGE ( 'NONE', *, *, #284, .F. ) ;
#3467 = DIRECTION ( 'NONE',  ( 0.000000000000000000, 0.000000000000000000, -1.000000000000000000 ) ) ;
#3468 = CARTESIAN_POINT ( 'NONE',  ( 3.536580635780087523, -6.547157287530736447, 1.674842502051304471 ) ) ;
#3469 = LINE ( 'NONE', #2756, #1267 ) ;
#3470 = VERTEX_POINT ( 'NONE', #647 ) ;
#3471 = FACE_OUTER_BOUND ( 'NONE', #207, .T. ) ;
#3472 = VECTOR ( 'NONE', #1018, 1000.000000000000000 ) ;
#3473 = FACE_OUTER_BOUND ( 'NONE', #1368, .T. ) ;
#3474 = CARTESIAN_POINT ( 'NONE',  ( 5.125049898874792120, 7.570000000010001173, -0.9656940425623721236 ) ) ;
#3475 = ADVANCED_FACE ( 'NONE', ( #1082 ), #3089, .T. ) ;
#3476 = CARTESIAN_POINT ( 'NONE',  ( -1.049999999256908012, 0.1699995521461015180, 5.907410600386644006 ) ) ;
#3477 = VECTOR ( 'NONE', #211, 1000.000000000000000 ) ;
#3478 = EDGE_CURVE ( 'NONE', #4229, #2275, #4736, .T. ) ;
#3479 = VERTEX_POINT ( 'NONE', #2691 ) ;
#3480 = CARTESIAN_POINT ( 'NONE',  ( 1.550000000000000266, 0.6700000000000000400, 0.000000000000000000 ) ) ;
#3481 = DIRECTION ( 'NONE',  ( 0.000000000000000000, 0.000000000000000000, 1.000000000000000000 ) ) ;
#3482 = B_SPLINE_CURVE_WITH_KNOTS ( 'NONE', 3,
 ( #1076, #4305, #4332, #2282, #267, #4835 ),
 .UNSPECIFIED., .F., .F.,
 ( 4, 2, 4 ),
 ( 0.000000000000000000, 0.0003956640531672709856, 0.0007913281063345421881 ),
 .UNSPECIFIED. ) ;
#3483 = EDGE_CURVE ( 'NONE', #2150, #2861, #1639, .T. ) ;
#3484 = VECTOR ( 'NONE', #1555, 1000.000000000000000 ) ;
#3485 = VECTOR ( 'NONE', #4563, 1000.000000000000000 ) ;
#3486 = ADVANCED_FACE ( 'NONE', ( #5140 ), #220, .F. ) ;
#3487 = CARTESIAN_POINT ( 'NONE',  ( 3.500000002164918023, -5.129999999999999893, 4.873397170849671056 ) ) ;
#3488 = FACE_OUTER_BOUND ( 'NONE', #2682, .T. ) ;
#3489 = EDGE_LOOP ( 'NONE', ( #4452, #2958, #3928, #1839 ) ) ;
#3490 = EDGE_LOOP ( 'NONE', ( #5035, #409, #4900, #1578 ) ) ;
#3491 = FACE_OUTER_BOUND ( 'NONE', #652, .T. ) ;
#3492 = FACE_OUTER_BOUND ( 'NONE', #222, .T. ) ;
#3493 = VERTEX_POINT ( 'NONE', #1902 ) ;
#3494 = DIRECTION ( 'NONE',  ( 0.000000000000000000, -0.000000000000000000, -1.000000000000000000 ) ) ;
#3495 = CARTESIAN_POINT ( 'NONE',  ( -3.354999999999999982, -5.230000000000000426, -0.7349999999999999867 ) ) ;
#3496 = CARTESIAN_POINT ( 'NONE',  ( -4.349999999999999645, -5.129999999999999893, -2.444914479123000195 ) ) ;
#3497 = VERTEX_POINT ( 'NONE', #4480 ) ;
#3498 = DIRECTION ( 'NONE',  ( 0.000000000000000000, 1.000000000000000000, 0.000000000000000000 ) ) ;
#3499 = CARTESIAN_POINT ( 'NONE',  ( -3.066185539333424970, -6.629999999999999005, 1.615860835129050210 ) ) ;
#3500 = AXIS2_PLACEMENT_3D ( 'NONE', #1889, #3498, #5127 ) ;
#3501 = ORIENTED_EDGE ( 'NONE', *, *, #3510, .F. ) ;
#3502 = VECTOR ( 'NONE', #2427, 1000.000000000000000 ) ;
#3503 = DIRECTION ( 'NONE',  ( -1.000000000000000000, 0.000000000000000000, 0.000000000000000000 ) ) ;
#3504 = EDGE_CURVE ( 'NONE', #1914, #5020, #3962, .T. ) ;
#3505 = CARTESIAN_POINT ( 'NONE',  ( -0.9568050743619213039, 7.669999999999997264, -5.077875117057041976 ) ) ;
#3506 = ADVANCED_FACE ( 'NONE', ( #2028 ), #4845, .T. ) ;
#3507 = ORIENTED_EDGE ( 'NONE', *, *, #1250, .F. ) ;
#3508 = PLANE ( 'NONE',  #4540 ) ;
#3509 = CARTESIAN_POINT ( 'NONE',  ( 2.500000000000000000, -10.13000000000710088, 2.250000000000000444 ) ) ;
#3510 = EDGE_CURVE ( 'NONE', #4150, #4213, #4875, .T. ) ;
#3511 = AXIS2_PLACEMENT_3D ( 'NONE', #1427, #1111, #1502 ) ;
#3512 = CARTESIAN_POINT ( 'NONE',  ( 3.030000000006670025, -5.129999999999999893, -0.9200000000000000400 ) ) ;
#3513 = LINE ( 'NONE', #1525, #3685 ) ;
#3514 = VERTEX_POINT ( 'NONE', #4042 ) ;
#3515 = VERTEX_POINT ( 'NONE', #1640 ) ;
#3516 =( BOUNDED_CURVE ( )  B_SPLINE_CURVE ( 3, ( #2434, #2382, #13, #4436 ),
 .UNSPECIFIED., .F., .T. ) 
 B_SPLINE_CURVE_WITH_KNOTS ( ( 4, 4 ),
 ( 0.7579326927933728308, 1.257932692793372498 ),
 .UNSPECIFIED. ) 
 CURVE ( )  GEOMETRIC_REPRESENTATION_ITEM ( )  RATIONAL_B_SPLINE_CURVE ( ( 1.000000000000000000, 0.3333333333333338144, 0.3333333333333338144, 1.000000000000000000 ) ) 
 REPRESENTATION_ITEM ( '' )  );
#3517 = EDGE_CURVE ( 'NONE', #452, #1188, #1242, .T. ) ;
#3518 = ADVANCED_FACE ( 'NONE', ( #4871 ), #3167, .T. ) ;
#3519 = CARTESIAN_POINT ( 'NONE',  ( 0.03310722618868040812, -6.629999999999999893, 1.549646382751269424 ) ) ;
#3520 = ORIENTED_EDGE ( 'NONE', *, *, #4033, .F. ) ;
#3521 = DIRECTION ( 'NONE',  ( 0.000000000000000000, 0.000000000000000000, 1.000000000000000000 ) ) ;
#3522 = LINE ( 'NONE', #206, #233 ) ;
#3523 = AXIS2_PLACEMENT_3D ( 'NONE', #24, #326, #1185 ) ;
#3524 = ORIENTED_EDGE ( 'NONE', *, *, #2225, .F. ) ;
#3525 = ADVANCED_FACE ( 'NONE', ( #3649 ), #1970, .F. ) ;
#3526 = CARTESIAN_POINT ( 'NONE',  ( -1.230556376703143773, 0.5559032274431159326, 4.584924247178927992 ) ) ;
#3527 = CARTESIAN_POINT ( 'NONE',  ( -1.050000000000000044, -0.4800000483695491260, -4.939635605885441372 ) ) ;
#3528 = CARTESIAN_POINT ( 'NONE',  ( 3.348699684019221134, 7.570000000010001173, 3.998113539664243099 ) ) ;
#3529 = ORIENTED_EDGE ( 'NONE', *, *, #5076, .T. ) ;
#3530 = CARTESIAN_POINT ( 'NONE',  ( 0.000000000000000000, -0.08000000000000000167, 0.000000000000000000 ) ) ;
#3531 = CARTESIAN_POINT ( 'NONE',  ( 5.011159901139484951, 7.670000000000000817, -0.9442341744762560163 ) ) ;
#3532 = B_SPLINE_CURVE_WITH_KNOTS ( 'NONE', 3,
 ( #4402, #1560, #1226, #2784, #1954, #2305 ),
 .UNSPECIFIED., .F., .F.,
 ( 4, 2, 4 ),
 ( 2.190756068130065087E-11, 0.0002509468363152601465, 0.0005018936507229596750 ),
 .UNSPECIFIED. ) ;
#3533 = VERTEX_POINT ( 'NONE', #2855 ) ;
#3534 = FACE_OUTER_BOUND ( 'NONE', #731, .T. ) ;
#3535 = CARTESIAN_POINT ( 'NONE',  ( -2.900000000000000355, 0.000000000000000000, -2.250000000000000444 ) ) ;
#3536 = CARTESIAN_POINT ( 'NONE',  ( 3.410000000000000142, -5.230000000000000426, -0.9200000000000000400 ) ) ;
#3537 = DIRECTION ( 'NONE',  ( 0.000000000000000000, 0.000000000000000000, 1.000000000000000000 ) ) ;
#3538 = VECTOR ( 'NONE', #933, 1000.000000000000000 ) ;
#3539 = CARTESIAN_POINT ( 'NONE',  ( 1.065924822962742713, 0.3040535297054899888, 4.794705538178964055 ) ) ;
#3540 = ORIENTED_EDGE ( 'NONE', *, *, #1061, .T. ) ;
#3541 = ORIENTED_EDGE ( 'NONE', *, *, #4793, .F. ) ;
#3542 = AXIS2_PLACEMENT_3D ( 'NONE', #3436, #1159, #2769 ) ;
#3543 = VECTOR ( 'NONE', #1387, 1000.000000000000000 ) ;
#3544 = DIRECTION ( 'NONE',  ( -0.1305261922281616416, 0.000000000000000000, -0.9914448613727426807 ) ) ;
#3545 = VERTEX_POINT ( 'NONE', #4816 ) ;
#3546 = VERTEX_POINT ( 'NONE', #1577 ) ;
#3547 =( BOUNDED_SURFACE ( )  B_SPLINE_SURFACE ( 3, 3, ( 
 ( #4378, #2681, #1101, #5155, #3951, #1127, #4277 ),
 ( #1515, #1466, #1913, #1071, #2307, #3130, #3927 ),
 ( #4748, #3154, #1891, #2735, #5130, #719, #639 ),
 ( #3103, #4353, #3528, #316, #3474, #5103, #666 ) ),
 .UNSPECIFIED., .F., .F., .F. ) 
 B_SPLINE_SURFACE_WITH_KNOTS ( ( 4, 4 ),
 ( 4, 3, 4 ),
 ( 0.000000000000000000, 1.000000000000000000 ),
 ( 0.000000000000000000, 0.5000000000000000000, 1.000000000000000000 ),
 .UNSPECIFIED. ) 
 GEOMETRIC_REPRESENTATION_ITEM ( )  RATIONAL_B_SPLINE_SURFACE ( (
 ( 1.000000000000000000, 0.8047378540812067937, 0.8047378540812067937, 1.000000000000000000, 0.8047378540812067937, 0.8047378540812067937, 1.000000000000000000),
 ( 0.8047378541479478509, 0.6476030138449346829, 0.6476030138449346829, 0.8047378541479478509, 0.6476030138449346829, 0.6476030138449346829, 0.8047378541479478509),
 ( 0.8047378541479478509, 0.6476030138449346829, 0.6476030138449346829, 0.8047378541479478509, 0.6476030138449346829, 0.6476030138449346829, 0.8047378541479478509),
 ( 1.000000000000000000, 0.8047378540812067937, 0.8047378540812067937, 1.000000000000000000, 0.8047378540812067937, 0.8047378540812067937, 1.000000000000000000) ) ) 
 REPRESENTATION_ITEM ( '' )  SURFACE ( )  );
#3548 = DIRECTION ( 'NONE',  ( 0.000000000000000000, 0.000000000000000000, 1.000000000000000000 ) ) ;
#3549 = CARTESIAN_POINT ( 'NONE',  ( -1.050000000000000044, 0.6700000000000000400, -5.907410600254999977 ) ) ;
#3550 = DIRECTION ( 'NONE',  ( -0.04982199086339163252, 0.000000000000000000, -0.9987581134721300602 ) ) ;
#3551 = EDGE_CURVE ( 'NONE', #3638, #1819, #232, .T. ) ;
#3552 = FACE_OUTER_BOUND ( 'NONE', #3300, .T. ) ;
#3553 = ORIENTED_EDGE ( 'NONE', *, *, #1694, .F. ) ;
#3554 = CARTESIAN_POINT ( 'NONE',  ( -2.250000021197500200, -5.129999967673389172, 5.073460312719692666 ) ) ;
#3555 = CARTESIAN_POINT ( 'NONE',  ( 0.000000000000000000, -3.544999999999999929, 0.000000000000000000 ) ) ;
#3556 = EDGE_LOOP ( 'NONE', ( #63, #3904, #3750, #2216 ) ) ;
#3557 = CIRCLE ( 'NONE', #3729, 1.750000000000000000 ) ;
#3558 = EDGE_CURVE ( 'NONE', #305, #4072, #4413, .T. ) ;
#3559 = DIRECTION ( 'NONE',  ( 0.000000000000000000, 1.000000000000000000, 0.000000000000000000 ) ) ;
#3560 = CARTESIAN_POINT ( 'NONE',  ( 2.500000000000000000, -10.13000000000760004, 2.750000000000000000 ) ) ;
#3561 = DIRECTION ( 'NONE',  ( 1.776356839400250465E-15, 0.000000000000000000, -1.000000000000000000 ) ) ;
#3562 = CIRCLE ( 'NONE', #4244, 5.500000000000000888 ) ;
#3563 = DIRECTION ( 'NONE',  ( 2.664535259100375697E-15, 0.000000000000000000, -1.000000000000000000 ) ) ;
#3564 = LINE ( 'NONE', #1550, #2047 ) ;
#3565 = CARTESIAN_POINT ( 'NONE',  ( 3.120000000000000551, -5.230000000000000426, -0.9200000000000000400 ) ) ;
#3566 = ORIENTED_EDGE ( 'NONE', *, *, #4361, .F. ) ;
#3567 = ORIENTED_EDGE ( 'NONE', *, *, #99, .T. ) ;
#3568 = CONICAL_SURFACE ( 'NONE', #1535, 5.500000013910113950, 0.8518045478974137774 ) ;
#3569 = VECTOR ( 'NONE', #1451, 1000.000000000000000 ) ;
#3570 = CYLINDRICAL_SURFACE ( 'NONE', #174, 0.2999999999999999334 ) ;
#3571 = VECTOR ( 'NONE', #116, 1000.000000000000000 ) ;
#3572 = ORIENTED_EDGE ( 'NONE', *, *, #4198, .F. ) ;
#3573 = ORIENTED_EDGE ( 'NONE', *, *, #1990, .T. ) ;
#3574 = EDGE_CURVE ( 'NONE', #2631, #2532, #3933, .T. ) ;
#3575 = DIRECTION ( 'NONE',  ( -0.000000000000000000, 1.000000000000000000, -0.000000000000000000 ) ) ;
#3576 = B_SPLINE_CURVE_WITH_KNOTS ( 'NONE', 3,
 ( #3190, #2076, #2024, #2390, #1633, #3248, #3699, #4809 ),
 .UNSPECIFIED., .F., .F.,
 ( 4, 2, 2, 4 ),
 ( 0.000000000000000000, 0.0001374780464983377736, 0.0002749560929966755472, 0.0005499121859933509861 ),
 .UNSPECIFIED. ) ;
#3577 = CARTESIAN_POINT ( 'NONE',  ( 3.120000000000000551, -5.129999999999999893, -0.9200000000000000400 ) ) ;
#3578 = CARTESIAN_POINT ( 'NONE',  ( 0.000000000000000000, -4.280000000010000250, 0.000000000000000000 ) ) ;
#3579 = EDGE_CURVE ( 'NONE', #5045, #2910, #3621, .T. ) ;
#3580 = CARTESIAN_POINT ( 'NONE',  ( 3.500000000000056843, -5.130000000005000338, -4.873397172404399846 ) ) ;
#3581 = VERTEX_POINT ( 'NONE', #328 ) ;
#3582 = CARTESIAN_POINT ( 'NONE',  ( 0.000000000000000000, -4.280000000006669580, 0.000000000000000000 ) ) ;
#3583 = VECTOR ( 'NONE', #1713, 1000.000000000000000 ) ;
#3584 = EDGE_CURVE ( 'NONE', #2018, #131, #4014, .T. ) ;
#3585 = CARTESIAN_POINT ( 'NONE',  ( 3.274284135265519424, 7.670000000000000817, 3.909266572208355051 ) ) ;
#3586 = ORIENTED_EDGE ( 'NONE', *, *, #1313, .F. ) ;
#3587 = PLANE ( 'NONE',  #3175 ) ;
#3588 = CARTESIAN_POINT ( 'NONE',  ( 3.200000000000000178, -2.879999999999999893, 5.604829217896000415 ) ) ;
#3589 = VECTOR ( 'NONE', #751, 1000.000000000000000 ) ;
#3590 = PLANE ( 'NONE',  #4388 ) ;
#3591 = PLANE ( 'NONE',  #39 ) ;
#3592 = CYLINDRICAL_SURFACE ( 'NONE', #1948, 4.990000000000000213 ) ;
#3593 = DIRECTION ( 'NONE',  ( -1.000000000000000000, 0.000000000000000000, 0.000000000000000000 ) ) ;
#3594 = VERTEX_POINT ( 'NONE', #4503 ) ;
#3595 = ORIENTED_EDGE ( 'NONE', *, *, #3391, .F. ) ;
#3596 = DIRECTION ( 'NONE',  ( 0.000000000000000000, 0.000000000000000000, 1.000000000000000000 ) ) ;
#3597 = VECTOR ( 'NONE', #625, 1000.000000000000114 ) ;
#3598 = UNCERTAINTY_MEASURE_WITH_UNIT (LENGTH_MEASURE( 1.000000000000000082E-05 ), #2626, 'distance_accuracy_value', 'NONE');
#3599 = LINE ( 'NONE', #3990, #3235 ) ;
#3600 = ORIENTED_EDGE ( 'NONE', *, *, #2751, .F. ) ;
#3601 = VECTOR ( 'NONE', #1844, 1000.000000000000000 ) ;
#3602 = EDGE_LOOP ( 'NONE', ( #4663, #2802, #1269, #3462, #4846, #2242 ) ) ;
#3603 = CARTESIAN_POINT ( 'NONE',  ( 3.500000000000000000, -5.130000000049317777, 4.307261310871947302 ) ) ;
#3604 = PLANE ( 'NONE',  #18 ) ;
#3605 = VERTEX_POINT ( 'NONE', #1605 ) ;
#3606 = CARTESIAN_POINT ( 'NONE',  ( 0.000000000000000000, -5.129999964424314385, -5.549999964330254443 ) ) ;
#3607 = DIRECTION ( 'NONE',  ( 0.000000000000000000, -1.000000000000000000, 0.000000000000000000 ) ) ;
#3608 = DIRECTION ( 'NONE',  ( 0.000000000000000000, 0.000000000000000000, -1.000000000000000000 ) ) ;
#3609 = AXIS2_PLACEMENT_3D ( 'NONE', #2954, #3401, #4912 ) ;
#3610 = VERTEX_POINT ( 'NONE', #809 ) ;
#3611 = CARTESIAN_POINT ( 'NONE',  ( -2.250000000000000444, -4.962790986015429340, 4.890545746317492615 ) ) ;
#3612 = DIRECTION ( 'NONE',  ( -0.01137610941477754448, 0.9961946966279876525, 0.08641012987407580004 ) ) ;
#3613 = ORIENTED_EDGE ( 'NONE', *, *, #4223, .F. ) ;
#3614 = LINE ( 'NONE', #4866, #3689 ) ;
#3615 = CARTESIAN_POINT ( 'NONE',  ( -2.300000000003786127, -10.13000000000531031, 2.250000000005002665 ) ) ;
#3616 = EDGE_CURVE ( 'NONE', #2246, #370, #2424, .T. ) ;
#3617 = CARTESIAN_POINT ( 'NONE',  ( -2.834999999999999964, -5.230000000000000426, -0.5849999999999999645 ) ) ;
#3618 = DIRECTION ( 'NONE',  ( 0.000000000000000000, 0.000000000000000000, -1.000000000000000000 ) ) ;
#3619 = VECTOR ( 'NONE', #1434, 1000.000000000000114 ) ;
#3620 = FACE_OUTER_BOUND ( 'NONE', #2543, .T. ) ;
#3621 = LINE ( 'NONE', #3223, #375 ) ;
#3622 = VERTEX_POINT ( 'NONE', #3565 ) ;
#3623 = EDGE_LOOP ( 'NONE', ( #4833, #2803, #4200, #4921, #196, #2374 ) ) ;
#3624 = CARTESIAN_POINT ( 'NONE',  ( -1.550000000000000266, 0.1700000000000000122, 5.949639086669000321 ) ) ;
#3625 = EDGE_CURVE ( 'NONE', #678, #3887, #1551, .T. ) ;
#3626 = COLOUR_RGB ( '',0.007843137254901960675, 0.2392156862745097867, 0.8235294117647058432 ) ;
#3627 = CARTESIAN_POINT ( 'NONE',  ( -2.249999999999998668, -4.603494156292508244, -4.521061822182558920 ) ) ;
#3628 = VERTEX_POINT ( 'NONE', #756 ) ;
#3629 = AXIS2_PLACEMENT_3D ( 'NONE', #4011, #1602, #2340 ) ;
#3630 = EDGE_LOOP ( 'NONE', ( #3106, #436, #2294, #3454, #1089, #2573 ) ) ;
#3631 = AXIS2_PLACEMENT_3D ( 'NONE', #417, #3575, #334 ) ;
#3632 = CARTESIAN_POINT ( 'NONE',  ( -2.900000000000000355, -9.330000000000000071, -2.250000000000000444 ) ) ;
#3633 = AXIS2_PLACEMENT_3D ( 'NONE', #1979, #4901, #3969 ) ;
#3634 = CARTESIAN_POINT ( 'NONE',  ( 0.000000000000000000, -4.631760537261060406, -5.051760537223415781 ) ) ;
#3635 = ORIENTED_EDGE ( 'NONE', *, *, #4401, .T. ) ;
#3636 = CARTESIAN_POINT ( 'NONE',  ( -2.275018289640291069, -4.603833200549222404, -4.508524346368638192 ) ) ;
#3637 = DIRECTION ( 'NONE',  ( -0.1305261922201009783, 0.000000000000000000, 0.9914448613738038318 ) ) ;
#3638 = VERTEX_POINT ( 'NONE', #2369 ) ;
#3639 = FACE_OUTER_BOUND ( 'NONE', #2360, .T. ) ;
#3640 = CARTESIAN_POINT ( 'NONE',  ( 0.7490685851040976839, -6.430000000009999717, -3.737366493147543878 ) ) ;
#3641 = ORIENTED_EDGE ( 'NONE', *, *, #1356, .F. ) ;
#3642 = EDGE_CURVE ( 'NONE', #1074, #5148, #2643, .T. ) ;
#3643 = DIRECTION ( 'NONE',  ( 0.000000000000000000, -1.000000000000000000, -0.000000000000000000 ) ) ;
#3644 = DIRECTION ( 'NONE',  ( 0.000000000000000000, -1.000000000000000000, 0.000000000000000000 ) ) ;
#3645 = CARTESIAN_POINT ( 'NONE',  ( -1.050000000005295586, 0.1699967455702986463, 4.822401363042961187 ) ) ;
#3646 = LINE ( 'NONE', #5275, #3439 ) ;
#3647 = ADVANCED_FACE ( 'NONE', ( #4097 ), #2902, .T. ) ;
#3648 = DIRECTION ( 'NONE',  ( 0.000000000000000000, -1.000000000000000000, 0.000000000000000000 ) ) ;
#3649 = FACE_OUTER_BOUND ( 'NONE', #1094, .T. ) ;
#3650 = ORIENTED_EDGE ( 'NONE', *, *, #2856, .F. ) ;
#3651 = ORIENTED_EDGE ( 'NONE', *, *, #1099, .F. ) ;
#3652 = ADVANCED_FACE ( 'NONE', ( #1686 ), #2697, .T. ) ;
#3653 = VECTOR ( 'NONE', #1470, 1000.000000000000000 ) ;
#3654 = LINE ( 'NONE', #3256, #3583 ) ;
#3655 = ADVANCED_FACE ( 'NONE', ( #4739 ), #4264, .T. ) ;
#3656 = VECTOR ( 'NONE', #4404, 1000.000000000000000 ) ;
#3657 = LINE ( 'NONE', #2451, #3484 ) ;
#3658 = VECTOR ( 'NONE', #1682, 1000.000000000000114 ) ;
#3659 = ORIENTED_EDGE ( 'NONE', *, *, #2244, .F. ) ;
#3660 = CARTESIAN_POINT ( 'NONE',  ( -3.500000000000000000, -5.130000000050303655, -4.307261310873217397 ) ) ;
#3661 = AXIS2_PLACEMENT_3D ( 'NONE', #4389, #729, #1186 ) ;
#3662 = CIRCLE ( 'NONE', #5017, 0.7499999999999997780 ) ;
#3663 = DIRECTION ( 'NONE',  ( -0.000000000000000000, -1.000000000000000000, 0.000000000000000000 ) ) ;
#3664 = ORIENTED_EDGE ( 'NONE', *, *, #4459, .T. ) ;
#3665 = CARTESIAN_POINT ( 'NONE',  ( 2.550000000004999823, -2.580000000002499849, 4.358898943537748316 ) ) ;
#3666 = DIRECTION ( 'NONE',  ( 0.2425356250363329691, -0.9701425001453318764, 0.000000000000000000 ) ) ;
#3667 = ORIENTED_EDGE ( 'NONE', *, *, #513, .T. ) ;
#3668 = CARTESIAN_POINT ( 'NONE',  ( 2.700000000005233769, -10.13000000000275769, -2.750000000005002665 ) ) ;
#3669 = LINE ( 'NONE', #1283, #2628 ) ;
#3670 = ORIENTED_EDGE ( 'NONE', *, *, #2403, .F. ) ;
#3671 = DIRECTION ( 'NONE',  ( 0.000000000000000000, 0.000000000000000000, -1.000000000000000000 ) ) ;
#3672 = FACE_OUTER_BOUND ( 'NONE', #1389, .T. ) ;
#3673 = PLANE ( 'NONE',  #1077 ) ;
#3674 = EDGE_CURVE ( 'NONE', #4100, #1359, #1530, .T. ) ;
#3675 = EDGE_CURVE ( 'NONE', #3493, #3628, #2812, .T. ) ;
#3676 = LINE ( 'NONE', #886, #77 ) ;
#3677 = DIRECTION ( 'NONE',  ( -0.000000000000000000, 0.000000000000000000, 1.000000000000000000 ) ) ;
#3678 = EDGE_LOOP ( 'NONE', ( #3566, #3231, #332, #721, #2170, #2568, #2140 ) ) ;
#3679 = AXIS2_PLACEMENT_3D ( 'NONE', #2673, #4668, #3596 ) ;
#3680 = LINE ( 'NONE', #4967, #3316 ) ;
#3681 = CARTESIAN_POINT ( 'NONE',  ( 0.000000000000000000, -4.080000000010000072, 0.000000000000000000 ) ) ;
#3682 = STYLED_ITEM ( 'NONE', ( #1384 ), #192 ) ;
#3683 = CARTESIAN_POINT ( 'NONE',  ( 2.250000042396000044, -5.129999999999999893, 0.000000000000000000 ) ) ;
#3684 = EDGE_LOOP ( 'NONE', ( #329, #1718, #2068, #541 ) ) ;
#3685 = VECTOR ( 'NONE', #3940, 1000.000000000000000 ) ;
#3686 = CARTESIAN_POINT ( 'NONE',  ( 3.499999756554076580, -2.833370235186575048, 3.640398519356799589 ) ) ;
#3687 = EDGE_CURVE ( 'NONE', #4092, #4582, #2726, .T. ) ;
#3688 = EDGE_CURVE ( 'NONE', #1557, #4862, #4488, .T. ) ;
#3689 = VECTOR ( 'NONE', #5242, 999.9999999999998863 ) ;
#3690 = EDGE_LOOP ( 'NONE', ( #1478, #1284, #955, #2337 ) ) ;
#3691 = CARTESIAN_POINT ( 'NONE',  ( -0.8167201673664307160, -4.589838732251913633, -5.244387046676559194 ) ) ;
#3692 = CARTESIAN_POINT ( 'NONE',  ( 0.000000000000000000, -2.580000000009999628, 0.000000000000000000 ) ) ;
#3693 = EDGE_CURVE ( 'NONE', #749, #1904, #110, .T. ) ;
#3694 = ORIENTED_EDGE ( 'NONE', *, *, #2871, .F. ) ;
#3695 = CARTESIAN_POINT ( 'NONE',  ( -0.6859455879463587369, -6.629999999999999005, 3.339989620441301543 ) ) ;
#3696 = DIRECTION ( 'NONE',  ( -1.000000000000000000, -0.000000000000000000, -0.000000000000000000 ) ) ;
#3697 = ORIENTED_EDGE ( 'NONE', *, *, #2130, .F. ) ;
#3698 = CARTESIAN_POINT ( 'NONE',  ( 3.500000000000000000, -5.280000000000000249, -3.640398329784670040 ) ) ;
#3699 = CARTESIAN_POINT ( 'NONE',  ( -3.271599676655386091, -2.580000000001657856, -3.848077647088266495 ) ) ;
#3700 = CARTESIAN_POINT ( 'NONE',  ( 2.250044735516296246, -4.630792107667011770, -4.522512056884787413 ) ) ;
#3701 = VECTOR ( 'NONE', #3959, 1000.000000000000000 ) ;
#3702 = CARTESIAN_POINT ( 'NONE',  ( 1.050000184253645719, -0.04666364204164961949, -4.861499667278818215 ) ) ;
#3703 = CARTESIAN_POINT ( 'NONE',  ( -2.250000003793221293, -2.879999998777999615, -5.562148862252880299 ) ) ;
#3704 = ORIENTED_EDGE ( 'NONE', *, *, #244, .T. ) ;
#3705 = LINE ( 'NONE', #4073, #1630 ) ;
#3706 = DIRECTION ( 'NONE',  ( 0.000000000000000000, 0.000000000000000000, -1.000000000000000000 ) ) ;
#3707 = FACE_OUTER_BOUND ( 'NONE', #1723, .T. ) ;
#3708 = VERTEX_POINT ( 'NONE', #3943 ) ;
#3709 = DIRECTION ( 'NONE',  ( 1.000000000000000000, 0.000000000000000000, -0.000000000000000000 ) ) ;
#3710 = ORIENTED_EDGE ( 'NONE', *, *, #2905, .F. ) ;
#3711 = CIRCLE ( 'NONE', #1431, 5.051760537231505310 ) ;
#3712 =( LENGTH_UNIT ( ) NAMED_UNIT ( * ) SI_UNIT ( .MILLI., .METRE. ) );
#3713 = DIRECTION ( 'NONE',  ( 1.154631945610162802E-14, 0.000000000000000000, -1.000000000000000000 ) ) ;
#3714 = AXIS2_PLACEMENT_3D ( 'NONE', #1996, #5061, #704 ) ;
#3715 = CARTESIAN_POINT ( 'NONE',  ( 2.250000000000000444, -2.880000000003875016, 4.521061822185442836 ) ) ;
#3716 = EDGE_CURVE ( 'NONE', #4282, #3887, #309, .T. ) ;
#3717 = EDGE_LOOP ( 'NONE', ( #4575, #3783, #1566, #4044 ) ) ;
#3718 = CARTESIAN_POINT ( 'NONE',  ( 3.200000000000000178, -2.580000000000000071, -5.075431016179808630 ) ) ;
#3719 = DIRECTION ( 'NONE',  ( 0.000000000000000000, -1.000000000000000000, 0.000000000000000000 ) ) ;
#3720 = VERTEX_POINT ( 'NONE', #3043 ) ;
#3721 = CARTESIAN_POINT ( 'NONE',  ( 0.7359235698169471762, -6.430000000009999717, -4.165658499634243839 ) ) ;
#3722 = DIRECTION ( 'NONE',  ( -0.000000000000000000, 1.000000000000000000, -0.000000000000000000 ) ) ;
#3723 = CARTESIAN_POINT ( 'NONE',  ( 6.110987527745293517E-16, -5.129999999999999893, 4.990000000000000213 ) ) ;
#3724 = CARTESIAN_POINT ( 'NONE',  ( 0.000000000000000000, -5.129999999999999893, 0.000000000000000000 ) ) ;
#3725 = EDGE_CURVE ( 'NONE', #2995, #1904, #2752, .T. ) ;
#3726 = ORIENTED_EDGE ( 'NONE', *, *, #494, .T. ) ;
#3727 = CARTESIAN_POINT ( 'NONE',  ( -3.354999999999999982, -5.129999999999999893, -0.5849999999999999645 ) ) ;
#3728 = LINE ( 'NONE', #29, #5208 ) ;
#3729 = AXIS2_PLACEMENT_3D ( 'NONE', #5212, #4355, #1567 ) ;
#3730 = LINE ( 'NONE', #80, #2406 ) ;
#3731 = ORIENTED_EDGE ( 'NONE', *, *, #4115, .T. ) ;
#3732 = ORIENTED_EDGE ( 'NONE', *, *, #1419, .T. ) ;
#3733 = CARTESIAN_POINT ( 'NONE',  ( 0.000000000000000000, -0.4800000028239992389, 0.000000000000000000 ) ) ;
#3734 = EDGE_CURVE ( 'NONE', #985, #470, #4690, .T. ) ;
#3735 = ORIENTED_EDGE ( 'NONE', *, *, #2787, .T. ) ;
#3736 = CARTESIAN_POINT ( 'NONE',  ( 0.000000000000000000, 0.6700000000100000408, 0.000000000000000000 ) ) ;
#3737 = LINE ( 'NONE', #2171, #617 ) ;
#3738 = VECTOR ( 'NONE', #4492, 1000.000000000000000 ) ;
#3739 = CARTESIAN_POINT ( 'NONE',  ( -1.049999999854603017, -2.580000000009999628, 4.939635614524914509 ) ) ;
#3740 = ORIENTED_EDGE ( 'NONE', *, *, #710, .T. ) ;
#3741 = CARTESIAN_POINT ( 'NONE',  ( 3.120000000000000551, -5.129999999999999893, -1.209999999999999964 ) ) ;
#3742 = EDGE_CURVE ( 'NONE', #589, #3992, #1432, .T. ) ;
#3743 = ORIENTED_EDGE ( 'NONE', *, *, #2495, .T. ) ;
#3744 = CARTESIAN_POINT ( 'NONE',  ( -0.6069276940020179589, 0.2568244124350673174, -5.031128242718372334 ) ) ;
#3745 = VERTEX_POINT ( 'NONE', #1060 ) ;
#3746 = FACE_OUTER_BOUND ( 'NONE', #2650, .T. ) ;
#3747 = PLANE ( 'NONE',  #1998 ) ;
#3748 = EDGE_CURVE ( 'NONE', #3610, #1393, #2645, .T. ) ;
#3749 = LINE ( 'NONE', #4938, #2804 ) ;
#3750 = ORIENTED_EDGE ( 'NONE', *, *, #2376, .F. ) ;
#3751 = CARTESIAN_POINT ( 'NONE',  ( 0.000000000000000000, 0.6700000000000000400, 0.000000000000000000 ) ) ;
#3752 = CARTESIAN_POINT ( 'NONE',  ( 1.230556376682802933, 0.5559032274264223972, -4.584924247206800807 ) ) ;
#3753 = DIRECTION ( 'NONE',  ( 8.881784197001252323E-16, 0.000000000000000000, 1.000000000000000000 ) ) ;
#3754 = AXIS2_PLACEMENT_3D ( 'NONE', #3762, #3337, #3713 ) ;
#3755 = CARTESIAN_POINT ( 'NONE',  ( 1.057596554072427253, 0.2568251138873352546, 4.805065559354003035 ) ) ;
#3756 = VERTEX_POINT ( 'NONE', #2670 ) ;
#3757 = EDGE_LOOP ( 'NONE', ( #1067, #1163, #2271, #4060, #4627 ) ) ;
#3758 = DIRECTION ( 'NONE',  ( 0.04982199086339150762, 0.000000000000000000, 0.9987581134721300602 ) ) ;
#3759 = VECTOR ( 'NONE', #4231, 1000.000000000000000 ) ;
#3760 = ORIENTED_EDGE ( 'NONE', *, *, #5080, .T. ) ;
#3761 = FILL_AREA_STYLE ('',( #2116 ) ) ;
#3762 = CARTESIAN_POINT ( 'NONE',  ( 0.000000000000000000, -4.280000000007049721, 0.000000000000000000 ) ) ;
#3763 = DIRECTION ( 'NONE',  ( 0.000000000000000000, 1.000000000000000000, 0.000000000000000000 ) ) ;
#3764 = EDGE_LOOP ( 'NONE', ( #1279, #4186, #798, #4036, #1454 ) ) ;
#3765 = AXIS2_PLACEMENT_3D ( 'NONE', #2000, #1187, #382 ) ;
#3766 = CARTESIAN_POINT ( 'NONE',  ( 0.7711212941577567648, -6.430000000009998828, -3.295286164567853060 ) ) ;
#3767 = ORIENTED_EDGE ( 'NONE', *, *, #1158, .T. ) ;
#3768 = LINE ( 'NONE', #4497, #4410 ) ;
#3769 = EDGE_LOOP ( 'NONE', ( #737, #4113, #4974, #1613, #2693 ) ) ;
#3770 = CARTESIAN_POINT ( 'NONE',  ( 2.143131898507868297E-16, -5.130000000009999894, -1.750000000000000000 ) ) ;
#3771 = CARTESIAN_POINT ( 'NONE',  ( 3.500000000000000000, -5.280000000000000249, -4.873397172404000166 ) ) ;
#3772 = CARTESIAN_POINT ( 'NONE',  ( -5.400000000000080291, -5.129999999999999893, -2.615339366124239007 ) ) ;
#3773 = EDGE_LOOP ( 'NONE', ( #1973, #5033, #4852, #4370, #2545 ) ) ;
#3774 = ORIENTED_EDGE ( 'NONE', *, *, #372, .F. ) ;
#3775 = EDGE_CURVE ( 'NONE', #996, #3479, #1318, .T. ) ;
#3776 = CARTESIAN_POINT ( 'NONE',  ( 3.410000000000000142, -5.129999999999999893, -0.8300000000016667379 ) ) ;
#3777 = CARTESIAN_POINT ( 'NONE',  ( -2.100000000000004530, -9.329999999999998295, 2.250000000003335110 ) ) ;
#3778 = VECTOR ( 'NONE', #535, 1000.000000000000000 ) ;
#3779 = DIRECTION ( 'NONE',  ( 0.000000000000000000, 0.000000000000000000, -1.000000000000000000 ) ) ;
#3780 = CARTESIAN_POINT ( 'NONE',  ( 1.049999823030692614, 0.1991484879687022425, 4.817140729414409961 ) ) ;
#3781 = VERTEX_POINT ( 'NONE', #1883 ) ;
#3782 = ADVANCED_FACE ( 'NONE', ( #3492 ), #3086, .T. ) ;
#3783 = ORIENTED_EDGE ( 'NONE', *, *, #1489, .F. ) ;
#3784 = LINE ( 'NONE', #2591, #3798 ) ;
#3785 = ORIENTED_EDGE ( 'NONE', *, *, #4059, .F. ) ;
#3786 = CARTESIAN_POINT ( 'NONE',  ( -2.700000000002944045, -10.13000000000466727, 2.750000000005002665 ) ) ;
#3787 = DIRECTION ( 'NONE',  ( -0.1305261922201009783, 0.000000000000000000, 0.9914448613738038318 ) ) ;
#3788 = CARTESIAN_POINT ( 'NONE',  ( 0.5493346576097895007, -6.629999999999999893, 3.672597073785359267 ) ) ;
#3789 = ORIENTED_EDGE ( 'NONE', *, *, #2577, .T. ) ;
#3790 = CARTESIAN_POINT ( 'NONE',  ( 0.4119634183371746472, -6.547157287530736447, 2.932727244824999691 ) ) ;
#3791 = AXIS2_PLACEMENT_3D ( 'NONE', #3795, #157, #4147 ) ;
#3792 = ORIENTED_EDGE ( 'NONE', *, *, #5119, .T. ) ;
#3793 = DIRECTION ( 'NONE',  ( 0.000000000000000000, -1.000000000000000000, 0.000000000000000000 ) ) ;
#3794 = ORIENTED_EDGE ( 'NONE', *, *, #1099, .T. ) ;
#3795 = CARTESIAN_POINT ( 'NONE',  ( -2.549999999999999822, -2.879999999999999893, 5.593643074136999793 ) ) ;
#3796 = VECTOR ( 'NONE', #4695, 1000.000000000000000 ) ;
#3797 = CARTESIAN_POINT ( 'NONE',  ( 2.200000000000000178, -9.730000000000000426, 2.500000000000000000 ) ) ;
#3798 = VECTOR ( 'NONE', #4923, 1000.000000000000000 ) ;
#3799 = VERTEX_POINT ( 'NONE', #3776 ) ;
#3800 = CARTESIAN_POINT ( 'NONE',  ( -1.208595169387104207, 0.5353743734336030569, -4.613387139516125224 ) ) ;
#3801 = CARTESIAN_POINT ( 'NONE',  ( 3.120000000000000551, -5.230000000000000426, -1.209999999999999964 ) ) ;
#3802 = EDGE_CURVE ( 'NONE', #388, #2528, #1754, .T. ) ;
#3803 = CARTESIAN_POINT ( 'NONE',  ( 0.03310722618868040812, -6.629999999999999893, 1.549646382751269424 ) ) ;
#3804 = CARTESIAN_POINT ( 'NONE',  ( 2.900000000006962342, -5.130000000005002114, -2.250000000001667555 ) ) ;
#3805 = EDGE_CURVE ( 'NONE', #4055, #4151, #4018, .T. ) ;
#3806 = ORIENTED_EDGE ( 'NONE', *, *, #2680, .F. ) ;
#3807 = ORIENTED_EDGE ( 'NONE', *, *, #3829, .T. ) ;
#3808 = DIRECTION ( 'NONE',  ( 0.000000000000000000, -1.000000000000000000, 0.000000000000000000 ) ) ;
#3809 = CARTESIAN_POINT ( 'NONE',  ( 0.000000000000000000, -5.129999999999999893, 0.000000000000000000 ) ) ;
#3810 = ORIENTED_EDGE ( 'NONE', *, *, #2471, .T. ) ;
#3811 = DIRECTION ( 'NONE',  ( -0.000000000000000000, 1.000000000000000000, -0.000000000000000000 ) ) ;
#3812 = VECTOR ( 'NONE', #2174, 1000.000000000000000 ) ;
#3813 = CARTESIAN_POINT ( 'NONE',  ( 3.030000000005002470, -5.230000000005003535, -0.8300000000033335157 ) ) ;
#3814 = AXIS2_PLACEMENT_3D ( 'NONE', #296, #1544, #1937 ) ;
#3815 = CARTESIAN_POINT ( 'NONE',  ( 0.000000000000000000, 7.669999999999999929, 0.000000000000000000 ) ) ;
#3816 = EDGE_LOOP ( 'NONE', ( #929, #5142, #109, #4966, #1631, #667 ) ) ;
#3817 = CARTESIAN_POINT ( 'NONE',  ( 0.7496398160334849514, -6.547157287530735559, 3.676758954229705889 ) ) ;
#3818 = VECTOR ( 'NONE', #4375, 1000.000000000000000 ) ;
#3819 = EDGE_LOOP ( 'NONE', ( #4877, #1139, #2937, #2755, #2886, #201 ) ) ;
#3820 = DIRECTION ( 'NONE',  ( -0.9914448613738039429, 0.000000000000000000, -0.1305261922201010061 ) ) ;
#3821 = ORIENTED_EDGE ( 'NONE', *, *, #3104, .T. ) ;
#3822 = CARTESIAN_POINT ( 'NONE',  ( 2.899999999999265832, -9.330000000021481554, -2.750000000005002665 ) ) ;
#3823 = PLANE ( 'NONE',  #5177 ) ;
#3824 = VECTOR ( 'NONE', #1847, 1000.000000000000000 ) ;
#3825 = CARTESIAN_POINT ( 'NONE',  ( -3.998113538819934476, 7.628578643768044287, 3.348699684827790346 ) ) ;
#3826 = ORIENTED_EDGE ( 'NONE', *, *, #4996, .T. ) ;
#3827 = CYLINDRICAL_SURFACE ( 'NONE', #2754, 5.500000000000000888 ) ;
#3828 = CARTESIAN_POINT ( 'NONE',  ( 1.126039929579442322, 0.4362163848179383963, -4.719061215662362585 ) ) ;
#3829 = EDGE_CURVE ( 'NONE', #4862, #3533, #1793, .T. ) ;
#3830 = DIRECTION ( 'NONE',  ( -0.000000000000000000, 1.000000000000000000, -0.000000000000000000 ) ) ;
#3831 = CARTESIAN_POINT ( 'NONE',  ( -3.500000000000000000, -4.792495311477617648, 3.865813586162508919 ) ) ;
#3832 = ORIENTED_EDGE ( 'NONE', *, *, #4631, .T. ) ;
#3833 = EDGE_LOOP ( 'NONE', ( #4701, #3398, #1527, #357, #596 ) ) ;
#3834 = CARTESIAN_POINT ( 'NONE',  ( -2.550000000002449418, -2.580000000002500293, -5.431160097068351789 ) ) ;
#3835 = CARTESIAN_POINT ( 'NONE',  ( 2.275018289639397118, -4.603833200579570573, 4.508524346369548574 ) ) ;
#3836 = ORIENTED_EDGE ( 'NONE', *, *, #2348, .T. ) ;
#3837 = FACE_OUTER_BOUND ( 'NONE', #1531, .T. ) ;
#3838 = AXIS2_PLACEMENT_3D ( 'NONE', #3046, #1974, #1806 ) ;
#3839 = CARTESIAN_POINT ( 'NONE',  ( 0.000000000000000000, -0.4800000026534689823, 0.000000000000000000 ) ) ;
#3840 = EDGE_CURVE ( 'NONE', #3021, #3515, #5083, .T. ) ;
#3841 = EDGE_CURVE ( 'NONE', #131, #1545, #3377, .T. ) ;
#3842 = LINE ( 'NONE', #4955, #3205 ) ;
#3843 = ORIENTED_EDGE ( 'NONE', *, *, #4861, .T. ) ;
#3844 = CARTESIAN_POINT ( 'NONE',  ( -3.499999420983702425, -2.792047944125557013, -4.873397588245214074 ) ) ;
#3845 = VERTEX_POINT ( 'NONE', #970 ) ;
#3846 = DIRECTION ( 'NONE',  ( 0.000000000000000000, 0.000000000000000000, -1.000000000000000000 ) ) ;
#3847 = VERTEX_POINT ( 'NONE', #5027 ) ;
#3848 = ADVANCED_FACE ( 'NONE', ( #4968 ), #3827, .T. ) ;
#3849 = CARTESIAN_POINT ( 'NONE',  ( -1.050000000000000044, -0.4800000505897311642, 4.939635606285665226 ) ) ;
#3850 = AXIS2_PLACEMENT_3D ( 'NONE', #2214, #2587, #1739 ) ;
#3851 = FACE_OUTER_BOUND ( 'NONE', #4, .T. ) ;
#3852 = LINE ( 'NONE', #4280, #2287 ) ;
#3853 = AXIS2_PLACEMENT_3D ( 'NONE', #1107, #5217, #1570 ) ;
#3854 = ORIENTED_EDGE ( 'NONE', *, *, #972, .F. ) ;
#3855 = DIRECTION ( 'NONE',  ( 0.000000000000000000, -1.000000000000000000, 0.000000000000000000 ) ) ;
#3856 = FACE_OUTER_BOUND ( 'NONE', #1740, .T. ) ;
#3857 = DIRECTION ( 'NONE',  ( 0.000000000000000000, 1.000000000000000000, 0.000000000000000000 ) ) ;
#3858 = CARTESIAN_POINT ( 'NONE',  ( 1.469287679804762714, 0.6700000070063655278, 4.263833321926462361 ) ) ;
#3859 = ORIENTED_EDGE ( 'NONE', *, *, #4524, .T. ) ;
#3860 = ORIENTED_EDGE ( 'NONE', *, *, #3584, .T. ) ;
#3861 = CARTESIAN_POINT ( 'NONE',  ( 5.510910596163089556E-16, 0.6700000000000000400, 4.500000000000000888 ) ) ;
#3862 = CARTESIAN_POINT ( 'NONE',  ( -0.8168151317849111637, -4.617815344574641045, 5.244996839582714010 ) ) ;
#3863 = ORIENTED_EDGE ( 'NONE', *, *, #3318, .F. ) ;
#3864 = DIRECTION ( 'NONE',  ( 1.000000000000000000, 0.000000000000000000, -0.000000000000000000 ) ) ;
#3865 = EDGE_CURVE ( 'NONE', #5265, #2773, #1822, .T. ) ;
#3866 = CARTESIAN_POINT ( 'NONE',  ( 3.066185539333424970, -6.629999999999999005, -1.615860835129050654 ) ) ;
#3867 = DIRECTION ( 'NONE',  ( 0.000000000000000000, 0.000000000000000000, -1.000000000000000000 ) ) ;
#3868 = EDGE_LOOP ( 'NONE', ( #248, #2966, #4481, #3433, #3767, #2790 ) ) ;
#3869 = CARTESIAN_POINT ( 'NONE',  ( -2.300000000005689937, -10.13000000000000256, -2.750000000000000000 ) ) ;
#3870 = AXIS2_PLACEMENT_3D ( 'NONE', #2617, #1833, #3467 ) ;
#3871 = CARTESIAN_POINT ( 'NONE',  ( 0.000000000000000000, -3.544999999999999929, 0.000000000000000000 ) ) ;
#3872 = EDGE_CURVE ( 'NONE', #1034, #5063, #3060, .T. ) ;
#3873 = EDGE_CURVE ( 'NONE', #3204, #552, #3405, .T. ) ;
#3874 = DIRECTION ( 'NONE',  ( 0.7071067811865475727, -0.7071067811865475727, 0.000000000000000000 ) ) ;
#3875 = CIRCLE ( 'NONE', #2781, 0.1999999999999999833 ) ;
#3876 = CYLINDRICAL_SURFACE ( 'NONE', #4579, 5.049999999999999822 ) ;
#3877 = CIRCLE ( 'NONE', #3629, 6.000000000000000000 ) ;
#3878 = VERTEX_POINT ( 'NONE', #4180 ) ;
#3879 = AXIS2_PLACEMENT_3D ( 'NONE', #954, #3763, #1780 ) ;
#3880 = LINE ( 'NONE', #4474, #2669 ) ;
#3881 = PLANE ( 'NONE',  #4270 ) ;
#3882 = AXIS2_PLACEMENT_3D ( 'NONE', #2913, #4539, #4160 ) ;
#3883 = EDGE_CURVE ( 'NONE', #3470, #2324, #5041, .T. ) ;
#3884 = CARTESIAN_POINT ( 'NONE',  ( 3.120000000005002327, -5.230000000005003535, -0.5400000000033335912 ) ) ;
#3885 = CARTESIAN_POINT ( 'NONE',  ( 1.170916703362594014, 0.4960800057771573845, 4.661971148415235078 ) ) ;
#3886 = ORIENTED_EDGE ( 'NONE', *, *, #3478, .F. ) ;
#3887 = VERTEX_POINT ( 'NONE', #1448 ) ;
#3888 = CARTESIAN_POINT ( 'NONE',  ( -0.7178940572120293684, -3.544999999999999929, -5.452946737567115676 ) ) ;
#3889 =( BOUNDED_SURFACE ( )  B_SPLINE_SURFACE ( 3, 3, ( 
 ( #3185, #4003, #4408, #773, #4469, #2385, #4061 ),
 ( #4834, #423, #2046, #41, #904, #1657, #2921 ),
 ( #4984, #16, #1677, #2121, #4906, #3289, #1334 ),
 ( #2463, #3766, #4169, #1700, #121, #530, #1358 ) ),
 .UNSPECIFIED., .F., .F., .T. ) 
 B_SPLINE_SURFACE_WITH_KNOTS ( ( 4, 4 ),
 ( 4, 3, 4 ),
 ( 0.000000000000000000, 1.000000000000000000 ),
 ( 0.000000000000000000, 0.5000000000000000000, 1.000000000000000000 ),
 .UNSPECIFIED. ) 
 GEOMETRIC_REPRESENTATION_ITEM ( )  RATIONAL_B_SPLINE_SURFACE ( (
 ( 1.000000000000000000, 0.8025111811725373911, 0.8025111811725373911, 1.000000000000000000, 0.8025111811725373911, 0.8025111811725373911, 1.000000000000000000),
 ( 0.8047378541361498439, 0.6458111258570546909, 0.6458111258570546909, 0.8047378541361498439, 0.6458111258570546909, 0.6458111258570546909, 0.8047378541361498439),
 ( 0.8047378541361498439, 0.6458111258570546909, 0.6458111258570546909, 0.8047378541361498439, 0.6458111258570546909, 0.6458111258570546909, 0.8047378541361498439),
 ( 1.000000000000000000, 0.8025111811725373911, 0.8025111811725373911, 1.000000000000000000, 0.8025111811725373911, 0.8025111811725373911, 1.000000000000000000) ) ) 
 REPRESENTATION_ITEM ( '' )  SURFACE ( )  );
#3890 = DIRECTION ( 'NONE',  ( 0.000000000000000000, 0.000000000000000000, -1.000000000000000000 ) ) ;
#3891 = EDGE_LOOP ( 'NONE', ( #75, #1446, #3226, #2863, #846 ) ) ;
#3892 = LINE ( 'NONE', #253, #3020 ) ;
#3893 = DIRECTION ( 'NONE',  ( 0.000000000000000000, 0.000000000000000000, -1.000000000000000000 ) ) ;
#3894 = CARTESIAN_POINT ( 'NONE',  ( 0.5493169624096715387, -6.429999999999999716, 3.672597905025134946 ) ) ;
#3895 = EDGE_CURVE ( 'NONE', #1038, #4836, #2491, .T. ) ;
#3896 = VERTEX_POINT ( 'NONE', #1736 ) ;
#3897 = LINE ( 'NONE', #1782, #4323 ) ;
#3898 = ADVANCED_FACE ( 'NONE', ( #542 ), #4658, .F. ) ;
#3899 = EDGE_CURVE ( 'NONE', #36, #820, #1473, .T. ) ;
#3900 = AXIS2_PLACEMENT_3D ( 'NONE', #4032, #4863, #1234 ) ;
#3901 = CARTESIAN_POINT ( 'NONE',  ( -4.349999999999999645, -4.280000207287563363, 2.444913049931175308 ) ) ;
#3902 = AXIS2_PLACEMENT_3D ( 'NONE', #1658, #4145, #2872 ) ;
#3903 = LINE ( 'NONE', #4722, #4484 ) ;
#3904 = ORIENTED_EDGE ( 'NONE', *, *, #1386, .F. ) ;
#3905 = CARTESIAN_POINT ( 'NONE',  ( -1.550000000005009149, 0.6700000000024999292, 5.796335048975729265 ) ) ;
#3906 = VECTOR ( 'NONE', #4199, 1000.000000000000000 ) ;
#3907 = VECTOR ( 'NONE', #805, 1000.000000000000000 ) ;
#3908 =( NAMED_UNIT ( * ) SI_UNIT ( $, .STERADIAN. ) SOLID_ANGLE_UNIT ( ) );
#3909 = ORIENTED_EDGE ( 'NONE', *, *, #127, .T. ) ;
#3910 = DIRECTION ( 'NONE',  ( -0.000000000000000000, 1.000000000000000000, 0.000000000000000000 ) ) ;
#3911 = CARTESIAN_POINT ( 'NONE',  ( -3.500000000000000000, -5.280000000000000249, -3.640398203089040052 ) ) ;
#3912 = EDGE_CURVE ( 'NONE', #2467, #2861, #3084, .T. ) ;
#3913 = EDGE_CURVE ( 'NONE', #1772, #1814, #1323, .T. ) ;
#3914 = FACE_OUTER_BOUND ( 'NONE', #3769, .T. ) ;
#3915 = CARTESIAN_POINT ( 'NONE',  ( 1.228932927518561202, 0.5579795019858689864, 4.587273201590963190 ) ) ;
#3916 = ORIENTED_EDGE ( 'NONE', *, *, #2630, .F. ) ;
#3917 = VERTEX_POINT ( 'NONE', #1546 ) ;
#3918 = ADVANCED_FACE ( 'NONE', ( #1965 ), #4334, .T. ) ;
#3919 = VERTEX_POINT ( 'NONE', #1079 ) ;
#3920 = DIRECTION ( 'NONE',  ( -0.000000000000000000, 1.000000000000000000, -0.000000000000000000 ) ) ;
#3921 = DIRECTION ( 'NONE',  ( 0.000000000000000000, 1.000000000000000000, 0.000000000000000000 ) ) ;
#3922 = DIRECTION ( 'NONE',  ( -0.000000000000000000, -1.000000000000000000, 0.000000000000000000 ) ) ;
#3923 = ORIENTED_EDGE ( 'NONE', *, *, #4616, .F. ) ;
#3924 = FACE_OUTER_BOUND ( 'NONE', #330, .T. ) ;
#3925 = DIRECTION ( 'NONE',  ( -0.000000000000000000, 1.000000000000000000, 0.000000000000000000 ) ) ;
#3926 = VECTOR ( 'NONE', #2378, 1000.000000000000000 ) ;
#3927 = CARTESIAN_POINT ( 'NONE',  ( 1.502253422419561169, 7.669999999999999041, -4.197875436146727424 ) ) ;
#3928 = ORIENTED_EDGE ( 'NONE', *, *, #921, .F. ) ;
#3929 = AXIS2_PLACEMENT_3D ( 'NONE', #1522, #3935, #1571 ) ;
#3930 = CARTESIAN_POINT ( 'NONE',  ( 2.100000000009019985, -9.330000000002749871, 2.250000000000000444 ) ) ;
#3931 = CARTESIAN_POINT ( 'NONE',  ( 2.250000000000000444, -4.796379510770373500, 4.706897025863169048 ) ) ;
#3932 = EDGE_LOOP ( 'NONE', ( #1733, #498, #1589, #4791, #221, #2541, #258, #1950, #2258, #4438, #2667, #4675, #2931 ) ) ;
#3933 = CIRCLE ( 'NONE', #627, 5.500000000000000888 ) ;
#3934 = DIRECTION ( 'NONE',  ( 0.000000000000000000, -0.000000000000000000, 1.000000000000000000 ) ) ;
#3935 = DIRECTION ( 'NONE',  ( -0.000000000000000000, 1.000000000000000000, -0.000000000000000000 ) ) ;
#3936 = DIRECTION ( 'NONE',  ( 1.000000000000000000, 0.000000000000000000, 0.000000000000000000 ) ) ;
#3937 = VECTOR ( 'NONE', #1877, 1000.000000000000000 ) ;
#3938 = DIRECTION ( 'NONE',  ( 0.3512856464552099323, 0.000000000000000000, 0.9362683347174277637 ) ) ;
#3939 = EDGE_CURVE ( 'NONE', #2710, #2857, #5136, .T. ) ;
#3940 = DIRECTION ( 'NONE',  ( 1.000000000000000000, 0.000000000000000000, -0.000000000000000000 ) ) ;
#3941 = VERTEX_POINT ( 'NONE', #3160 ) ;
#3942 = ORIENTED_EDGE ( 'NONE', *, *, #4471, .F. ) ;
#3943 = CARTESIAN_POINT ( 'NONE',  ( -2.250044735503078819, -4.630792107413745917, 4.522512056731917696 ) ) ;
#3944 = ORIENTED_EDGE ( 'NONE', *, *, #925, .T. ) ;
#3945 = CARTESIAN_POINT ( 'NONE',  ( 1.050000000000000044, 0.1699940043405001044, 5.907410600254999977 ) ) ;
#3946 = CARTESIAN_POINT ( 'NONE',  ( -3.200000000010000178, -2.579999999999999627, -5.603686828266000397 ) ) ;
#3947 = CIRCLE ( 'NONE', #3099, 0.7499999999999997780 ) ;
#3948 = CARTESIAN_POINT ( 'NONE',  ( -2.550000000005636203, -2.580000000002499849, -4.358898943537377058 ) ) ;
#3949 = DIRECTION ( 'NONE',  ( -0.000000000000000000, -0.000000000000000000, -1.000000000000000000 ) ) ;
#3950 = ADVANCED_FACE ( 'NONE', ( #4705 ), #2687, .F. ) ;
#3951 = CARTESIAN_POINT ( 'NONE',  ( 5.011159901122024252, 7.669999999999999929, -0.9442341749498761594 ) ) ;
#3952 = VERTEX_POINT ( 'NONE', #3137 ) ;
#3953 = FACE_OUTER_BOUND ( 'NONE', #4933, .T. ) ;
#3954 = CARTESIAN_POINT ( 'NONE',  ( 0.6513256991786212646, -4.280000000007279759, -4.947309858257692206 ) ) ;
#3955 = ORIENTED_EDGE ( 'NONE', *, *, #3574, .F. ) ;
#3956 = PLANE ( 'NONE',  #1987 ) ;
#3957 = DIRECTION ( 'NONE',  ( 0.000000000000000000, -0.000000000000000000, -1.000000000000000000 ) ) ;
#3958 = DIRECTION ( 'NONE',  ( -1.000000000000000000, 0.000000000000000000, -0.000000000000000000 ) ) ;
#3959 = DIRECTION ( 'NONE',  ( 0.000000000000000000, 0.000000000000000000, 1.000000000000000000 ) ) ;
#3960 = DIRECTION ( 'NONE',  ( 0.000000000000000000, 1.000000000000000000, -0.000000000000000000 ) ) ;
#3961 = CIRCLE ( 'NONE', #318, 5.550000000027921487 ) ;
#3962 = LINE ( 'NONE', #3984, #978 ) ;
#3963 = ORIENTED_EDGE ( 'NONE', *, *, #1450, .T. ) ;
#3964 = VERTEX_POINT ( 'NONE', #5189 ) ;
#3965 = EDGE_CURVE ( 'NONE', #5225, #3594, #2364, .T. ) ;
#3966 = CARTESIAN_POINT ( 'NONE',  ( -2.550000000005000711, -2.579999999999999627, 5.431160097067153636 ) ) ;
#3967 = VERTEX_POINT ( 'NONE', #4782 ) ;
#3968 = ORIENTED_EDGE ( 'NONE', *, *, #3191, .F. ) ;
#3969 = DIRECTION ( 'NONE',  ( 0.000000000000000000, 0.000000000000000000, -1.000000000000000000 ) ) ;
#3970 = CARTESIAN_POINT ( 'NONE',  ( -3.499999999999303224, -2.879999542892882403, 3.640398329793659737 ) ) ;
#3971 = DIRECTION ( 'NONE',  ( 1.000000000000000000, 0.000000000000000000, 0.000000000000000000 ) ) ;
#3972 = CARTESIAN_POINT ( 'NONE',  ( 0.000000000000000000, 0.7624999999999999556, 0.000000000000000000 ) ) ;
#3973 = ADVANCED_FACE ( 'NONE', ( #4414 ), #2741, .T. ) ;
#3974 = EDGE_LOOP ( 'NONE', ( #3854, #1299, #2611, #3149 ) ) ;
#3975 = CARTESIAN_POINT ( 'NONE',  ( 1.550000000010000045, 0.6700000000000000400, 0.000000000000000000 ) ) ;
#3976 = DIRECTION ( 'NONE',  ( 0.000000000000000000, 0.000000000000000000, 1.000000000000000000 ) ) ;
#3977 = ORIENTED_EDGE ( 'NONE', *, *, #3385, .F. ) ;
#3978 = DIRECTION ( 'NONE',  ( 0.000000000000000000, 1.000000000000000000, 0.000000000000000000 ) ) ;
#3979 = LINE ( 'NONE', #3509, #968 ) ;
#3980 = PLANE ( 'NONE',  #4304 ) ;
#3981 = AXIS2_PLACEMENT_3D ( 'NONE', #373, #2764, #1916 ) ;
#3982 = DIRECTION ( 'NONE',  ( 0.000000000000000000, 0.000000000000000000, 1.000000000000000000 ) ) ;
#3983 = CARTESIAN_POINT ( 'NONE',  ( -4.783216102821886473, -4.963216104384576610, -2.470111102411710835 ) ) ;
#3984 = CARTESIAN_POINT ( 'NONE',  ( -2.300000000005689937, -10.13000000000000256, -2.750000000000000000 ) ) ;
#3985 = B_SPLINE_CURVE_WITH_KNOTS ( 'NONE', 3,
 ( #4959, #2489, #1678, #2149 ),
 .UNSPECIFIED., .F., .F.,
 ( 4, 4 ),
 ( 1.866086640304927054E-14, 4.096627243657547654E-05 ),
 .UNSPECIFIED. ) ;
#3986 = VERTEX_POINT ( 'NONE', #1156 ) ;
#3987 = VERTEX_POINT ( 'NONE', #1919 ) ;
#3988 = AXIS2_PLACEMENT_3D ( 'NONE', #4608, #4127, #3779 ) ;
#3989 = ADVANCED_FACE ( 'NONE', ( #270 ), #3587, .T. ) ;
#3990 = CARTESIAN_POINT ( 'NONE',  ( -3.500000000000000000, -2.880000000332000099, 4.873397172404000166 ) ) ;
#3991 = VECTOR ( 'NONE', #2987, 1000.000000000000000 ) ;
#3992 = VERTEX_POINT ( 'NONE', #4731 ) ;
#3993 = ORIENTED_EDGE ( 'NONE', *, *, #595, .F. ) ;
#3994 = CARTESIAN_POINT ( 'NONE',  ( 0.000000000000000000, -2.580000517241387570, 0.000000000000000000 ) ) ;
#3995 = CARTESIAN_POINT ( 'NONE',  ( -2.287796589881759601, -2.714164542637788724, -4.502528354896863760 ) ) ;
#3996 = EDGE_LOOP ( 'NONE', ( #2892, #2045, #2936, #333, #1579, #3076, #4600 ) ) ;
#3997 = DIRECTION ( 'NONE',  ( 0.000000000000000000, 0.000000000000000000, 1.000000000000000000 ) ) ;
#3998 = EDGE_CURVE ( 'NONE', #82, #1814, #891, .T. ) ;
#3999 = ADVANCED_FACE ( 'NONE', ( #4359 ), #3508, .F. ) ;
#4000 = CARTESIAN_POINT ( 'NONE',  ( -2.275018289640443836, -4.589838732251915410, -4.508524346368940172 ) ) ;
#4001 = CARTESIAN_POINT ( 'NONE',  ( 0.000000000000000000, -3.544999999999999929, 5.500000000000000888 ) ) ;
#4002 = ORIENTED_EDGE ( 'NONE', *, *, #526, .T. ) ;
#4003 = CARTESIAN_POINT ( 'NONE',  ( 0.5654889490490218051, -6.629999999999999893, -3.403209854016425506 ) ) ;
#4004 = VECTOR ( 'NONE', #4954, 1000.000000000000000 ) ;
#4005 = PLANE ( 'NONE',  #5181 ) ;
#4006 = ADVANCED_FACE ( 'NONE', ( #3534 ), #3956, .T. ) ;
#4007 = ORIENTED_EDGE ( 'NONE', *, *, #4267, .F. ) ;
#4008 = CARTESIAN_POINT ( 'NONE',  ( 0.7496398160334849514, -6.547157287530735559, -3.723241045770294910 ) ) ;
#4009 = LINE ( 'NONE', #3219, #262 ) ;
#4010 = AXIS2_PLACEMENT_3D ( 'NONE', #51, #2449, #1690 ) ;
#4011 = CARTESIAN_POINT ( 'NONE',  ( 0.000000000000000000, -2.580000000010000072, 0.000000000000000000 ) ) ;
#4012 = FACE_OUTER_BOUND ( 'NONE', #3392, .T. ) ;
#4013 = DIRECTION ( 'NONE',  ( -0.000000000000000000, -1.000000000000000000, -0.000000000000000000 ) ) ;
#4014 = LINE ( 'NONE', #3277, #2487 ) ;
#4015 = ORIENTED_EDGE ( 'NONE', *, *, #2935, .T. ) ;
#4016 = ORIENTED_EDGE ( 'NONE', *, *, #98, .T. ) ;
#4017 = FACE_OUTER_BOUND ( 'NONE', #2416, .T. ) ;
#4018 = CIRCLE ( 'NONE', #4108, 1.750000000000000000 ) ;
#4019 = LINE ( 'NONE', #386, #5276 ) ;
#4020 = ORIENTED_EDGE ( 'NONE', *, *, #273, .T. ) ;
#4021 = ORIENTED_EDGE ( 'NONE', *, *, #759, .T. ) ;
#4022 = DIRECTION ( 'NONE',  ( 0.2425356250363329691, -0.9701425001453318764, 0.000000000000000000 ) ) ;
#4023 = CARTESIAN_POINT ( 'NONE',  ( -1.049999999256908012, -4.280000000006669580, 5.907410600386644006 ) ) ;
#4024 = EDGE_LOOP ( 'NONE', ( #4610, #4292, #5114, #4016 ) ) ;
#4025 = DIRECTION ( 'NONE',  ( 0.000000000000000000, 0.000000000000000000, 1.000000000000000000 ) ) ;
#4026 = ADVANCED_FACE ( 'NONE', ( #5164 ), #3189, .F. ) ;
#4027 = CARTESIAN_POINT ( 'NONE',  ( 2.403598283024544369, -2.606470176223039115, 4.441789067163712801 ) ) ;
#4028 = FILL_AREA_STYLE ('',( #4437 ) ) ;
#4029 = VECTOR ( 'NONE', #1730, 1000.000000000000000 ) ;
#4030 = EDGE_CURVE ( 'NONE', #2965, #4498, #3880, .T. ) ;
#4031 = ORIENTED_EDGE ( 'NONE', *, *, #3742, .F. ) ;
#4032 = CARTESIAN_POINT ( 'NONE',  ( 0.000000000000000000, 0.7624999999999999556, 0.000000000000000000 ) ) ;
#4033 = EDGE_CURVE ( 'NONE', #4428, #2090, #376, .T. ) ;
#4034 = CYLINDRICAL_SURFACE ( 'NONE', #250, 5.049999999999999822 ) ;
#4035 = EDGE_CURVE ( 'NONE', #183, #15, #5271, .T. ) ;
#4036 = ORIENTED_EDGE ( 'NONE', *, *, #536, .F. ) ;
#4037 = DIRECTION ( 'NONE',  ( -0.000000000000000000, 0.000000000000000000, 1.000000000000000000 ) ) ;
#4038 = DIRECTION ( 'NONE',  ( -0.000000000000000000, 0.000000000000000000, -1.000000000000000000 ) ) ;
#4039 = CARTESIAN_POINT ( 'NONE',  ( -1.050000000000000044, -0.2633308380618752387, 4.900577386857254858 ) ) ;
#4040 = DIRECTION ( 'NONE',  ( 0.000000000000000000, 1.000000000000000000, 0.000000000000000000 ) ) ;
#4041 = LINE ( 'NONE', #2423, #5001 ) ;
#4042 = CARTESIAN_POINT ( 'NONE',  ( 0.03737912633101360405, -6.430000000009999717, 1.749600754719410345 ) ) ;
#4043 = ORIENTED_EDGE ( 'NONE', *, *, #4595, .T. ) ;
#4044 = ORIENTED_EDGE ( 'NONE', *, *, #2071, .T. ) ;
#4045 = CARTESIAN_POINT ( 'NONE',  ( -0.6063533648407513077, 0.5068243367075523365, 4.984209886887827956 ) ) ;
#4046 = ADVANCED_FACE ( 'NONE', ( #883 ), #1681, .T. ) ;
#4047 = EDGE_CURVE ( 'NONE', #1671, #3090, #453, .T. ) ;
#4048 = STYLED_ITEM ( 'NONE', ( #3005 ), #4204 ) ;
#4049 = CARTESIAN_POINT ( 'NONE',  ( -0.6433320031119568183, -3.580000000702860063, -4.886591708474279372 ) ) ;
#4050 = VERTEX_POINT ( 'NONE', #2075 ) ;
#4051 = VECTOR ( 'NONE', #2730, 1000.000000000000000 ) ;
#4052 = CARTESIAN_POINT ( 'NONE',  ( 0.000000000000000000, -6.430000000009999717, -2.950000000000000178 ) ) ;
#4053 = VECTOR ( 'NONE', #4827, 1000.000000000000000 ) ;
#4054 = DIRECTION ( 'NONE',  ( 0.000000000000000000, -0.000000000000000000, -1.000000000000000000 ) ) ;
#4055 = VERTEX_POINT ( 'NONE', #1994 ) ;
#4056 = DIRECTION ( 'NONE',  ( 0.000000000000000000, -0.000000000000000000, 1.000000000000000000 ) ) ;
#4057 = EDGE_CURVE ( 'NONE', #2113, #2589, #3614, .T. ) ;
#4058 = SURFACE_SIDE_STYLE ('',( #824 ) ) ;
#4059 = EDGE_CURVE ( 'NONE', #4072, #3638, #1260, .T. ) ;
#4060 = ORIENTED_EDGE ( 'NONE', *, *, #1572, .T. ) ;
#4061 = CARTESIAN_POINT ( 'NONE',  ( -0.5497358650955156412, -6.629999999999999893, -3.682956566434986367 ) ) ;
#4062 =( BOUNDED_SURFACE ( )  B_SPLINE_SURFACE ( 3, 3, ( 
 ( #998, #5028, #3430, #2554, #591, #2525, #163 ),
 ( #3036, #1022, #4995, #2634, #1764, #4607, #4181 ),
 ( #4258, #2186, #914, #2583, #971, #4209, #543 ),
 ( #517, #105, #3378, #568, #616, #2237, #1737 ) ),
 .UNSPECIFIED., .F., .F., .F. ) 
 B_SPLINE_SURFACE_WITH_KNOTS ( ( 4, 4 ),
 ( 4, 3, 4 ),
 ( 0.000000000000000000, 1.000000000000000000 ),
 ( 0.000000000000000000, 0.5000000000000000000, 1.000000000000000000 ),
 .UNSPECIFIED. ) 
 GEOMETRIC_REPRESENTATION_ITEM ( )  RATIONAL_B_SPLINE_SURFACE ( (
 ( 1.000000000000000000, 0.8025111811725375022, 0.8025111811725375022, 1.000000000000000000, 0.8025111811725375022, 0.8025111811725375022, 1.000000000000000000),
 ( 0.8047378541361498439, 0.6458111258570548019, 0.6458111258570548019, 0.8047378541361498439, 0.6458111258570548019, 0.6458111258570548019, 0.8047378541361498439),
 ( 0.8047378541361498439, 0.6458111258570548019, 0.6458111258570548019, 0.8047378541361498439, 0.6458111258570548019, 0.6458111258570548019, 0.8047378541361498439),
 ( 1.000000000000000000, 0.8025111811725375022, 0.8025111811725375022, 1.000000000000000000, 0.8025111811725375022, 0.8025111811725375022, 1.000000000000000000) ) ) 
 REPRESENTATION_ITEM ( '' )  SURFACE ( )  );
#4063 = DIRECTION ( 'NONE',  ( 0.000000000000000000, 0.000000000000000000, 1.000000000000000000 ) ) ;
#4064 = EDGE_CURVE ( 'NONE', #2264, #4799, #2874, .T. ) ;
#4065 = EDGE_LOOP ( 'NONE', ( #2793, #4986, #1138, #322, #2993 ) ) ;
#4066 = CARTESIAN_POINT ( 'NONE',  ( 3.499999999999723332, -2.879999712008797896, -3.640398329819340528 ) ) ;
#4067 = CARTESIAN_POINT ( 'NONE',  ( -2.899999999999999911, -5.129999999999999893, 0.000000000000000000 ) ) ;
#4068 = DIRECTION ( 'NONE',  ( 0.000000000000000000, -0.000000000000000000, -1.000000000000000000 ) ) ;
#4069 = CARTESIAN_POINT ( 'NONE',  ( -1.050000000000000044, -0.4800000483695491260, -4.939635605885441372 ) ) ;
#4070 = CARTESIAN_POINT ( 'NONE',  ( 3.451410380588775251, -2.710783373623460335, -3.686587497458709617 ) ) ;
#4071 = AXIS2_PLACEMENT_3D ( 'NONE', #3530, #214, #5159 ) ;
#4072 = VERTEX_POINT ( 'NONE', #4066 ) ;
#4073 = CARTESIAN_POINT ( 'NONE',  ( 2.100000000000000089, -5.129999999999999893, 0.000000000000000000 ) ) ;
#4074 = EDGE_CURVE ( 'NONE', #1209, #5045, #3961, .T. ) ;
#4075 = EDGE_CURVE ( 'NONE', #523, #1074, #1600, .T. ) ;
#4076 = AXIS2_PLACEMENT_3D ( 'NONE', #2659, #641, #2257 ) ;
#4077 = CARTESIAN_POINT ( 'NONE',  ( 3.120000000003335217, -5.230000000005003535, -0.8300000000033335157 ) ) ;
#4078 = AXIS2_PLACEMENT_3D ( 'NONE', #4886, #4908, #2679 ) ;
#4079 = FACE_OUTER_BOUND ( 'NONE', #4392, .T. ) ;
#4080 = STYLED_ITEM ( 'NONE', ( #167 ), #2166 ) ;
#4081 = ADVANCED_FACE ( 'NONE', ( #1661 ), #435, .T. ) ;
#4082 = ORIENTED_EDGE ( 'NONE', *, *, #1141, .F. ) ;
#4083 = CARTESIAN_POINT ( 'NONE',  ( 3.200000000008473400, -2.580000000004999627, 3.906724971116571243 ) ) ;
#4084 = AXIS2_PLACEMENT_3D ( 'NONE', #2239, #3857, #2689 ) ;
#4085 = VECTOR ( 'NONE', #2198, 1000.000000000000000 ) ;
#4086 = ORIENTED_EDGE ( 'NONE', *, *, #2807, .T. ) ;
#4087 = DIRECTION ( 'NONE',  ( 0.000000000000000000, -1.000000000000000000, 0.000000000000000000 ) ) ;
#4088 = LINE ( 'NONE', #851, #2103 ) ;
#4089 = ORIENTED_EDGE ( 'NONE', *, *, #3895, .F. ) ;
#4090 = LINE ( 'NONE', #4520, #2801 ) ;
#4091 = FACE_OUTER_BOUND ( 'NONE', #5183, .T. ) ;
#4092 = VERTEX_POINT ( 'NONE', #3849 ) ;
#4093 = CARTESIAN_POINT ( 'NONE',  ( 2.100000000006669865, 0.000000000000000000, 2.750000000000000000 ) ) ;
#4094 = CARTESIAN_POINT ( 'NONE',  ( 2.400362005334550020, -2.608232430404645807, -5.499284426426289230 ) ) ;
#4095 = LINE ( 'NONE', #2104, #3778 ) ;
#4096 = FACE_BOUND ( 'NONE', #3341, .T. ) ;
#4097 = FACE_OUTER_BOUND ( 'NONE', #2625, .T. ) ;
#4098 = ORIENTED_EDGE ( 'NONE', *, *, #2946, .T. ) ;
#4099 = AXIS2_PLACEMENT_3D ( 'NONE', #4697, #2678, #1390 ) ;
#4100 = VERTEX_POINT ( 'NONE', #2952 ) ;
#4101 = DIRECTION ( 'NONE',  ( 0.000000000000000000, 0.000000000000000000, -1.000000000000000000 ) ) ;
#4102 = CARTESIAN_POINT ( 'NONE',  ( -2.900000000000049205, -9.330000000019438744, 2.750000000005003109 ) ) ;
#4103 = ORIENTED_EDGE ( 'NONE', *, *, #3912, .F. ) ;
#4104 = EDGE_CURVE ( 'NONE', #1777, #589, #3031, .T. ) ;
#4105 = VECTOR ( 'NONE', #3252, 1000.000000000000000 ) ;
#4106 = DIRECTION ( 'NONE',  ( 0.000000000000000000, 0.000000000000000000, 1.000000000000000000 ) ) ;
#4107 = EDGE_CURVE ( 'NONE', #4895, #1359, #908, .T. ) ;
#4108 = AXIS2_PLACEMENT_3D ( 'NONE', #3350, #4606, #1371 ) ;
#4109 = ORIENTED_EDGE ( 'NONE', *, *, #3354, .F. ) ;
#4110 = CARTESIAN_POINT ( 'NONE',  ( 0.000000000000000000, -5.129999999999999893, -6.000000000000000000 ) ) ;
#4111 = CARTESIAN_POINT ( 'NONE',  ( -2.100000000006421175, -9.330000000009697203, -2.250000000003335554 ) ) ;
#4112 = DIRECTION ( 'NONE',  ( 0.000000000000000000, 0.000000000000000000, -1.000000000000000000 ) ) ;
#4113 = ORIENTED_EDGE ( 'NONE', *, *, #3353, .T. ) ;
#4114 = LINE ( 'NONE', #2513, #1363 ) ;
#4115 = EDGE_CURVE ( 'NONE', #2001, #3708, #3711, .T. ) ;
#4116 = DIRECTION ( 'NONE',  ( -1.000000000000000000, 0.000000000000000000, 0.000000000000000000 ) ) ;
#4117 = ORIENTED_EDGE ( 'NONE', *, *, #1033, .F. ) ;
#4118 = CARTESIAN_POINT ( 'NONE',  ( 0.6668368883818005521, -6.629999999999999005, -3.720673910740501800 ) ) ;
#4119 = CARTESIAN_POINT ( 'NONE',  ( 2.285867849422337006, -2.717262947174031495, -5.547853200506093430 ) ) ;
#4120 = CARTESIAN_POINT ( 'NONE',  ( 0.000000000000000000, -5.129999999999999893, -2.250000000000000444 ) ) ;
#4121 = AXIS2_PLACEMENT_3D ( 'NONE', #5194, #3193, #3982 ) ;
#4122 = FACE_BOUND ( 'NONE', #4988, .T. ) ;
#4123 = ORIENTED_EDGE ( 'NONE', *, *, #4134, .F. ) ;
#4124 = PLANE ( 'NONE',  #1126 ) ;
#4125 = CARTESIAN_POINT ( 'NONE',  ( 0.000000000000000000, -5.129999999999999893, 0.000000000000000000 ) ) ;
#4126 = EDGE_CURVE ( 'NONE', #3594, #56, #4989, .T. ) ;
#4127 = DIRECTION ( 'NONE',  ( 0.000000000000000000, -1.000000000000000000, 0.000000000000000000 ) ) ;
#4128 = LINE ( 'NONE', #945, #1656 ) ;
#4129 = VERTEX_POINT ( 'NONE', #4174 ) ;
#4130 = VERTEX_POINT ( 'NONE', #4201 ) ;
#4131 = ADVANCED_FACE ( 'NONE', ( #1338 ), #992, .F. ) ;
#4132 = CARTESIAN_POINT ( 'NONE',  ( 0.5493169624096715387, -6.429999999999999716, -3.727402094974865410 ) ) ;
#4133 = AXIS2_PLACEMENT_3D ( 'NONE', #3692, #2485, #14 ) ;
#4134 = EDGE_CURVE ( 'NONE', #2090, #43, #1167, .T. ) ;
#4135 = STYLED_ITEM ( 'NONE', ( #650 ), #5252 ) ;
#4136 = ORIENTED_EDGE ( 'NONE', *, *, #2334, .T. ) ;
#4137 = AXIS2_PLACEMENT_3D ( 'NONE', #1017, #1756, #2231 ) ;
#4138 = CARTESIAN_POINT ( 'NONE',  ( 0.000000000000000000, -2.580000000006669847, 0.000000000000000000 ) ) ;
#4139 = LINE ( 'NONE', #4903, #3416 ) ;
#4140 = EDGE_CURVE ( 'NONE', #3941, #831, #3201, .T. ) ;
#4141 = AXIS2_PLACEMENT_3D ( 'NONE', #3733, #4613, #3019 ) ;
#4142 = DIRECTION ( 'NONE',  ( 0.000000000000000000, 0.000000000000000000, 1.000000000000000000 ) ) ;
#4143 = VERTEX_POINT ( 'NONE', #2151 ) ;
#4144 = CARTESIAN_POINT ( 'NONE',  ( 3.500000000000056843, -2.880000000146400119, -4.873397172404399846 ) ) ;
#4145 = DIRECTION ( 'NONE',  ( 0.000000000000000000, 1.000000000000000000, 0.000000000000000000 ) ) ;
#4146 = ORIENTED_EDGE ( 'NONE', *, *, #843, .F. ) ;
#4147 = DIRECTION ( 'NONE',  ( 1.000000000000000000, 0.000000000000000000, 0.000000000000000000 ) ) ;
#4148 = CARTESIAN_POINT ( 'NONE',  ( 2.740000000000000213, -5.230000000006670646, -0.8299999999999999600 ) ) ;
#4149 = DIRECTION ( 'NONE',  ( 0.000000000000000000, 0.000000000000000000, 1.000000000000000000 ) ) ;
#4150 = VERTEX_POINT ( 'NONE', #4601 ) ;
#4151 = VERTEX_POINT ( 'NONE', #3770 ) ;
#4152 = LINE ( 'NONE', #3061, #795 ) ;
#4153 = CIRCLE ( 'NONE', #2714, 5.500000000000000888 ) ;
#4154 = CARTESIAN_POINT ( 'NONE',  ( 2.100000000000000089, 0.000000000000000000, -2.750000000000000000 ) ) ;
#4155 = PLANE ( 'NONE',  #1561 ) ;
#4156 = B_SPLINE_CURVE_WITH_KNOTS ( 'NONE', 3,
 ( #158, #2077, #1287, #3346, #129, #510 ),
 .UNSPECIFIED., .F., .F.,
 ( 4, 2, 4 ),
 ( 2.190755847847940795E-11, 0.0002509468363131300687, 0.0005018936507187015793 ),
 .UNSPECIFIED. ) ;
#4157 = CIRCLE ( 'NONE', #3814, 5.051760537226322789 ) ;
#4158 = ORIENTED_EDGE ( 'NONE', *, *, #663, .T. ) ;
#4159 = ORIENTED_EDGE ( 'NONE', *, *, #1766, .F. ) ;
#4160 = DIRECTION ( 'NONE',  ( 0.000000000000000000, -0.000000000000000000, -1.000000000000000000 ) ) ;
#4161 = AXIS2_PLACEMENT_3D ( 'NONE', #2175, #3793, #260 ) ;
#4162 = VERTEX_POINT ( 'NONE', #1729 ) ;
#4163 = DIRECTION ( 'NONE',  ( 0.3512856464552041036, 0.000000000000000000, 0.9362683347174298731 ) ) ;
#4164 = DIRECTION ( 'NONE',  ( 0.000000000000000000, 0.000000000000000000, 1.000000000000000000 ) ) ;
#4165 = AXIS2_PLACEMENT_3D ( 'NONE', #4935, #2409, #3153 ) ;
#4166 = DIRECTION ( 'NONE',  ( 0.000000000000000000, 0.000000000000000000, -1.000000000000000000 ) ) ;
#4167 = CIRCLE ( 'NONE', #2727, 5.049999999999999822 ) ;
#4168 = ORIENTED_EDGE ( 'NONE', *, *, #2249, .F. ) ;
#4169 = CARTESIAN_POINT ( 'NONE',  ( 0.4725736491474147871, -6.430000000009998828, -2.968497788776254698 ) ) ;
#4170 = ADVANCED_FACE ( 'NONE', ( #3746 ), #4226, .T. ) ;
#4171 = VERTEX_POINT ( 'NONE', #1442 ) ;
#4172 = CARTESIAN_POINT ( 'NONE',  ( -4.949999997461470791, -5.130000003221649507, 2.509980091650092948 ) ) ;
#4173 = ORIENTED_EDGE ( 'NONE', *, *, #915, .T. ) ;
#4174 = CARTESIAN_POINT ( 'NONE',  ( -0.6591572707168106282, -4.280000000005000693, 5.006796549937044816 ) ) ;
#4175 = DIRECTION ( 'NONE',  ( 0.000000000000000000, 0.000000000000000000, 1.000000000000000000 ) ) ;
#4176 = EDGE_CURVE ( 'NONE', #2264, #2030, #1091, .T. ) ;
#4177 = DIRECTION ( 'NONE',  ( -0.000000000000000000, 0.000000000000000000, 1.000000000000000000 ) ) ;
#4178 = ORIENTED_EDGE ( 'NONE', *, *, #2733, .T. ) ;
#4179 = FACE_OUTER_BOUND ( 'NONE', #2785, .T. ) ;
#4180 = CARTESIAN_POINT ( 'NONE',  ( -2.899999999999999911, -5.130000000001667892, -2.250000000000000444 ) ) ;
#4181 = CARTESIAN_POINT ( 'NONE',  ( -0.6668368883818005521, -6.629999999999999005, 3.720673910740500911 ) ) ;
#4182 = EDGE_CURVE ( 'NONE', #183, #2230, #4962, .T. ) ;
#4183 = DIRECTION ( 'NONE',  ( -0.000000000000000000, -0.000000000000000000, 1.000000000000000000 ) ) ;
#4184 = CIRCLE ( 'NONE', #2232, 6.000000000000000000 ) ;
#4185 = DIRECTION ( 'NONE',  ( 0.000000000000000000, -1.000000000000000000, 0.000000000000000000 ) ) ;
#4186 = ORIENTED_EDGE ( 'NONE', *, *, #3236, .T. ) ;
#4187 = ORIENTED_EDGE ( 'NONE', *, *, #4746, .T. ) ;
#4188 = DIRECTION ( 'NONE',  ( 0.000000000000000000, 0.000000000000000000, -1.000000000000000000 ) ) ;
#4189 = LINE ( 'NONE', #1743, #2105 ) ;
#4190 = VECTOR ( 'NONE', #4360, 1000.000000000000000 ) ;
#4191 = ORIENTED_EDGE ( 'NONE', *, *, #1191, .T. ) ;
#4192 = CARTESIAN_POINT ( 'NONE',  ( 3.120000000003335217, -5.130000000003335003, -0.8300000000050002935 ) ) ;
#4193 = DIRECTION ( 'NONE',  ( -0.000000000000000000, -1.000000000000000000, -0.000000000000000000 ) ) ;
#4194 = CARTESIAN_POINT ( 'NONE',  ( -0.5493346576097892786, -6.629999999999999893, 3.727402926214640200 ) ) ;
#4195 = VERTEX_POINT ( 'NONE', #3822 ) ;
#4196 = CIRCLE ( 'NONE', #3511, 4.990000000000000213 ) ;
#4197 = CARTESIAN_POINT ( 'NONE',  ( 0.5497358650955151971, -6.629999999999999893, 3.682956566434984147 ) ) ;
#4198 = EDGE_CURVE ( 'NONE', #4050, #2596, #186, .T. ) ;
#4199 = DIRECTION ( 'NONE',  ( 0.000000000000000000, -0.000000000000000000, -1.000000000000000000 ) ) ;
#4200 = ORIENTED_EDGE ( 'NONE', *, *, #1648, .T. ) ;
#4201 = CARTESIAN_POINT ( 'NONE',  ( 7.347880794884119736E-16, -4.280000000006669580, 6.000000000000000000 ) ) ;
#4202 = FACE_OUTER_BOUND ( 'NONE', #3144, .T. ) ;
#4203 = EDGE_CURVE ( 'NONE', #3017, #3941, #1683, .T. ) ;
#4204 = ADVANCED_FACE ( 'NONE', ( #2546 ), #3547, .T. ) ;
#4205 = CARTESIAN_POINT ( 'NONE',  ( 1.050000000000507860, 0.1699989920611880700, -4.822400957631757024 ) ) ;
#4206 = VERTEX_POINT ( 'NONE', #341 ) ;
#4207 = CARTESIAN_POINT ( 'NONE',  ( 3.120000000000000551, -5.230000000000000426, -0.9200000000000000400 ) ) ;
#4208 = CARTESIAN_POINT ( 'NONE',  ( -1.352734461527614007, 0.6297321696642378397, -4.422731387374971845 ) ) ;
#4209 = CARTESIAN_POINT ( 'NONE',  ( -0.7359235698111994406, -6.547157287530735559, 4.165658499630604972 ) ) ;
#4210 = AXIS2_PLACEMENT_3D ( 'NONE', #1485, #3096, #4714 ) ;
#4211 = CARTESIAN_POINT ( 'NONE',  ( -3.066185539313859287, -6.630000000000000782, 1.615860835128632100 ) ) ;
#4212 = CARTESIAN_POINT ( 'NONE',  ( 2.100000000003823697, -9.330000000007624195, -2.750000000003335554 ) ) ;
#4213 = VERTEX_POINT ( 'NONE', #2278 ) ;
#4214 = ORIENTED_EDGE ( 'NONE', *, *, #2181, .T. ) ;
#4215 = DIRECTION ( 'NONE',  ( 0.000000000000000000, 0.000000000000000000, 1.000000000000000000 ) ) ;
#4216 = ORIENTED_EDGE ( 'NONE', *, *, #1539, .F. ) ;
#4217 = CARTESIAN_POINT ( 'NONE',  ( -2.100000000000002753, -9.330000000000000071, 2.750000000000000000 ) ) ;
#4218 = LINE ( 'NONE', #2594, #1049 ) ;
#4219 = ORIENTED_EDGE ( 'NONE', *, *, #3574, .T. ) ;
#4220 = DIRECTION ( 'NONE',  ( 0.000000000000000000, 0.000000000000000000, -1.000000000000000000 ) ) ;
#4221 = VECTOR ( 'NONE', #447, 1000.000000000000000 ) ;
#4222 = DIRECTION ( 'NONE',  ( -0.9415277314943627518, 0.000000000000000000, -0.3369354995055869328 ) ) ;
#4223 = EDGE_CURVE ( 'NONE', #4195, #985, #3903, .T. ) ;
#4224 = CONICAL_SURFACE ( 'NONE', #4394, 5.549999964330254443, 0.7853981633974482790 ) ;
#4225 = ORIENTED_EDGE ( 'NONE', *, *, #1033, .T. ) ;
#4226 = CYLINDRICAL_SURFACE ( 'NONE', #3366, 1.750000000000000000 ) ;
#4227 = CARTESIAN_POINT ( 'NONE',  ( 0.000000000000000000, -0.4800000026534689823, 0.000000000000000000 ) ) ;
#4228 = CARTESIAN_POINT ( 'NONE',  ( 1.516209748351854625, 7.628578643768046064, -4.236874791512027727 ) ) ;
#4229 = VERTEX_POINT ( 'NONE', #263 ) ;
#4230 = CARTESIAN_POINT ( 'NONE',  ( 0.000000000000000000, -3.544999999999999929, 0.000000000000000000 ) ) ;
#4231 = DIRECTION ( 'NONE',  ( 0.000000000000000000, 0.000000000000000000, -1.000000000000000000 ) ) ;
#4232 = CARTESIAN_POINT ( 'NONE',  ( -2.100000000000000089, -10.13000000000000256, 2.750000000000000000 ) ) ;
#4233 = EDGE_CURVE ( 'NONE', #4641, #1557, #2262, .T. ) ;
#4234 = ADVANCED_FACE ( 'NONE', ( #2709 ), #2255, .T. ) ;
#4235 = CARTESIAN_POINT ( 'NONE',  ( 1.052568463611055494, 0.2283105959936009288, 4.811320617014383849 ) ) ;
#4236 = ORIENTED_EDGE ( 'NONE', *, *, #2221, .T. ) ;
#4237 = ORIENTED_EDGE ( 'NONE', *, *, #2281, .F. ) ;
#4238 = DIRECTION ( 'NONE',  ( -0.000000000000000000, -1.000000000000000000, 0.000000000000000000 ) ) ;
#4239 = DIRECTION ( 'NONE',  ( 1.000000000000000000, 0.000000000000000000, -0.000000000000000000 ) ) ;
#4240 = ADVANCED_FACE ( 'NONE', ( #3552 ), #4676, .T. ) ;
#4241 = ORIENTED_EDGE ( 'NONE', *, *, #3872, .F. ) ;
#4242 = CARTESIAN_POINT ( 'NONE',  ( -4.449999992507995827, -4.630000000020118023, 2.387467291070608066 ) ) ;
#4243 = FACE_OUTER_BOUND ( 'NONE', #3678, .T. ) ;
#4244 = AXIS2_PLACEMENT_3D ( 'NONE', #3216, #698, #3976 ) ;
#4245 = CARTESIAN_POINT ( 'NONE',  ( -4.349999999999999645, -5.129999999999999893, -2.444913782756390930 ) ) ;
#4246 = ORIENTED_EDGE ( 'NONE', *, *, #1154, .F. ) ;
#4247 = CARTESIAN_POINT ( 'NONE',  ( -3.345563519710257339, -2.606619654562794874, -4.981160894237005365 ) ) ;
#4248 = ORIENTED_EDGE ( 'NONE', *, *, #5180, .T. ) ;
#4249 = DIRECTION ( 'NONE',  ( 1.000000000000000000, 0.000000000000000000, 0.000000000000000000 ) ) ;
#4250 = COLOUR_RGB ( '',0.007843137254901960675, 0.2392156862745097867, 0.8235294117647058432 ) ;
#4251 = ORIENTED_EDGE ( 'NONE', *, *, #441, .F. ) ;
#4252 = CARTESIAN_POINT ( 'NONE',  ( -2.550000000005000711, -2.579999999999999627, 5.431160097067153636 ) ) ;
#4253 = CARTESIAN_POINT ( 'NONE',  ( 0.000000000000000000, 7.570000000010001173, 0.000000000000000000 ) ) ;
#4254 = VECTOR ( 'NONE', #4735, 1000.000000000000000 ) ;
#4255 = CARTESIAN_POINT ( 'NONE',  ( -0.9656940425736021405, 7.628578643768044287, -5.125049898742338073 ) ) ;
#4256 = ORIENTED_EDGE ( 'NONE', *, *, #3504, .F. ) ;
#4257 = CARTESIAN_POINT ( 'NONE',  ( -1.197843027756177570, 0.5250227570563357204, -4.627308404220982219 ) ) ;
#4258 = CARTESIAN_POINT ( 'NONE',  ( 0.7490685850982471417, -6.547157287530735559, 3.662633506852748688 ) ) ;
#4259 = DIRECTION ( 'NONE',  ( -0.000000000000000000, 0.000000000000000000, 1.000000000000000000 ) ) ;
#4260 = CARTESIAN_POINT ( 'NONE',  ( 1.278798412259074313, 0.5951027799240691252, 4.522217248309604365 ) ) ;
#4261 = EDGE_LOOP ( 'NONE', ( #1351, #1189, #2036, #5169 ) ) ;
#4262 = ORIENTED_EDGE ( 'NONE', *, *, #4462, .F. ) ;
#4263 = CARTESIAN_POINT ( 'NONE',  ( 0.000000000000000000, -4.630000000020118023, 0.000000000000000000 ) ) ;
#4264 =( BOUNDED_SURFACE ( )  B_SPLINE_SURFACE ( 3, 3, ( 
 ( #4316, #4345, #3070, #681 ),
 ( #3093, #3862, #4291, #1117 ),
 ( #3465, #1483, #5172, #3835 ),
 ( #2245, #3147, #1142, #5093 ) ),
 .UNSPECIFIED., .F., .F., .T. ) 
 B_SPLINE_SURFACE_WITH_KNOTS ( ( 4, 4 ),
 ( 4, 4 ),
 ( 0.000000000000000000, 1.000000000000000000 ),
 ( 0.000000000000000000, 1.000000000000000000 ),
 .UNSPECIFIED. ) 
 GEOMETRIC_REPRESENTATION_ITEM ( )  RATIONAL_B_SPLINE_SURFACE ( (
 ( 1.000000000000000000, 0.9285180655272912142, 0.9285180655272912142, 1.000000000000000000),
 ( 0.9994128957379350142, 0.9279729286136157995, 0.9279729286136157995, 0.9994128957379350142),
 ( 0.9994128957379350142, 0.9279729286136157995, 0.9279729286136157995, 0.9994128957379350142),
 ( 1.000000000000000000, 0.9285180655272912142, 0.9285180655272912142, 1.000000000000000000) ) ) 
 REPRESENTATION_ITEM ( '' )  SURFACE ( )  );
#4265 = AXIS2_PLACEMENT_3D ( 'NONE', #2094, #983, #2888 ) ;
#4266 = CARTESIAN_POINT ( 'NONE',  ( -2.900000000010590551, -9.330000000004311289, 2.250000000000000444 ) ) ;
#4267 = EDGE_CURVE ( 'NONE', #1585, #4282, #1854, .T. ) ;
#4268 = VERTEX_POINT ( 'NONE', #1541 ) ;
#4269 = DIRECTION ( 'NONE',  ( -1.000000000000000000, 0.000000000000000000, 0.000000000000000000 ) ) ;
#4270 = AXIS2_PLACEMENT_3D ( 'NONE', #243, #3085, #2688 ) ;
#4271 = CARTESIAN_POINT ( 'NONE',  ( 0.000000000000000000, -5.129999964424314385, 0.000000000000000000 ) ) ;
#4272 = CARTESIAN_POINT ( 'NONE',  ( -3.499999999999303224, -2.879999542892882403, 3.640398329793659737 ) ) ;
#4273 = ORIENTED_EDGE ( 'NONE', *, *, #2871, .T. ) ;
#4274 = CARTESIAN_POINT ( 'NONE',  ( -3.459208007092932302, -2.710480795776069041, -4.902921484416840947 ) ) ;
#4275 = DIRECTION ( 'NONE',  ( 0.000000000000000000, 1.000000000000000000, 0.000000000000000000 ) ) ;
#4276 = EDGE_LOOP ( 'NONE', ( #4256, #1028, #185, #2474 ) ) ;
#4277 = CARTESIAN_POINT ( 'NONE',  ( 1.482516197824585102, 7.670000000000000817, -4.142722018575200948 ) ) ;
#4278 = AXIS2_PLACEMENT_3D ( 'NONE', #2079, #4914, #863 ) ;
#4279 = CARTESIAN_POINT ( 'NONE',  ( -1.420796120999400447, 0.6700000000012940049, 5.830885503835084194 ) ) ;
#4280 = CARTESIAN_POINT ( 'NONE',  ( 3.500000004329835601, -0.08000000000000000167, 4.873397169294859665 ) ) ;
#4281 = AXIS2_PLACEMENT_3D ( 'NONE', #750, #1498, #4756 ) ;
#4282 = VERTEX_POINT ( 'NONE', #4775 ) ;
#4283 = CARTESIAN_POINT ( 'NONE',  ( 3.029999999999999805, -5.129999999999999893, -1.209999999999999964 ) ) ;
#4284 = DIRECTION ( 'NONE',  ( 0.2425356250363089605, 0.9701425001453378716, 0.000000000000000000 ) ) ;
#4285 = CARTESIAN_POINT ( 'NONE',  ( -3.500000000058192562, -2.792360850140549022, 4.873397172362689211 ) ) ;
#4286 = DIRECTION ( 'NONE',  ( -0.000000000000000000, -1.000000000000000000, -0.000000000000000000 ) ) ;
#4287 = ORIENTED_EDGE ( 'NONE', *, *, #2576, .F. ) ;
#4288 = VERTEX_POINT ( 'NONE', #237 ) ;
#4289 = AXIS2_PLACEMENT_3D ( 'NONE', #5095, #3521, #2247 ) ;
#4290 = ADVANCED_FACE ( 'NONE', ( #1866 ), #4300, .T. ) ;
#4291 = CARTESIAN_POINT ( 'NONE',  ( 0.8168151317837482051, -4.617815344574641045, 5.244996839582896087 ) ) ;
#4292 = ORIENTED_EDGE ( 'NONE', *, *, #3517, .F. ) ;
#4293 = FACE_OUTER_BOUND ( 'NONE', #4723, .T. ) ;
#4294 = CARTESIAN_POINT ( 'NONE',  ( 0.000000000000000000, -5.129999999999999893, -2.950000000000000178 ) ) ;
#4295 = LINE ( 'NONE', #2274, #4729 ) ;
#4296 = ORIENTED_EDGE ( 'NONE', *, *, #2190, .F. ) ;
#4297 = CARTESIAN_POINT ( 'NONE',  ( 0.6668368883817996640, -6.629999999999999005, 3.679326089259498556 ) ) ;
#4298 = CARTESIAN_POINT ( 'NONE',  ( -1.550000000000000266, 0.6700000000000000400, 0.000000000000000000 ) ) ;
#4299 = EDGE_CURVE ( 'NONE', #4130, #996, #4406, .T. ) ;
#4300 = PLANE ( 'NONE',  #745 ) ;
#4301 = ORIENTED_EDGE ( 'NONE', *, *, #5171, .T. ) ;
#4302 = VECTOR ( 'NONE', #3666, 1000.000000000000114 ) ;
#4303 = CARTESIAN_POINT ( 'NONE',  ( 0.000000000000000000, -4.280000000006669580, -6.000000000000000000 ) ) ;
#4304 = AXIS2_PLACEMENT_3D ( 'NONE', #3192, #3936, #1941 ) ;
#4305 = CARTESIAN_POINT ( 'NONE',  ( 1.049999709577331242, 0.3037934422198105833, -5.907410649054737561 ) ) ;
#4306 = EDGE_CURVE ( 'NONE', #3992, #749, #1761, .T. ) ;
#4307 = ORIENTED_EDGE ( 'NONE', *, *, #5023, .T. ) ;
#4308 = VECTOR ( 'NONE', #3098, 1000.000000000000000 ) ;
#4309 = DIRECTION ( 'NONE',  ( 0.000000000000000000, -0.000000000000000000, 1.000000000000000000 ) ) ;
#4310 = CARTESIAN_POINT ( 'NONE',  ( -4.349999999999999645, -2.580000280422452441, 2.124944247033439204 ) ) ;
#4311 = AXIS2_PLACEMENT_3D ( 'NONE', #4132, #3758, #113 ) ;
#4312 = CARTESIAN_POINT ( 'NONE',  ( -2.834999999999999964, -5.230000000000000426, -0.7349999999999999867 ) ) ;
#4313 = DIRECTION ( 'NONE',  ( 0.000000000000000000, -0.000000000000000000, -1.000000000000000000 ) ) ;
#4314 = ORIENTED_EDGE ( 'NONE', *, *, #871, .F. ) ;
#4315 = ORIENTED_EDGE ( 'NONE', *, *, #1582, .F. ) ;
#4316 = CARTESIAN_POINT ( 'NONE',  ( -2.275811409323432066, -4.631760537322723970, 4.510096113689257891 ) ) ;
#4317 = ORIENTED_EDGE ( 'NONE', *, *, #4126, .F. ) ;
#4318 = DIRECTION ( 'NONE',  ( 0.000000000000000000, -0.6586263505633174198, -0.7524701524603126801 ) ) ;
#4319 = CARTESIAN_POINT ( 'NONE',  ( 3.536580635791925609, -6.430000000010000605, 1.674842502056910654 ) ) ;
#4320 = CARTESIAN_POINT ( 'NONE',  ( 2.740000000000000213, -5.129999999999999893, -0.9200000000066671513 ) ) ;
#4321 = VERTEX_POINT ( 'NONE', #3715 ) ;
#4322 = DIRECTION ( 'NONE',  ( -0.000000000000000000, 1.000000000000000000, -0.000000000000000000 ) ) ;
#4323 = VECTOR ( 'NONE', #4648, 1000.000000000000000 ) ;
#4324 = DIRECTION ( 'NONE',  ( 0.000000000000000000, 1.000000000000000000, 0.000000000000000000 ) ) ;
#4325 = AXIS2_PLACEMENT_3D ( 'NONE', #130, #862, #4149 ) ;
#4326 = DIRECTION ( 'NONE',  ( -1.000000000000000000, 0.000000000000000000, 0.000000000000000000 ) ) ;
#4327 = ORIENTED_EDGE ( 'NONE', *, *, #5210, .T. ) ;
#4328 = FACE_OUTER_BOUND ( 'NONE', #1716, .T. ) ;
#4329 = ADVANCED_FACE ( 'NONE', ( #2845 ), #1005, .F. ) ;
#4330 = AXIS2_PLACEMENT_3D ( 'NONE', #4830, #1513, #2818 ) ;
#4331 = AXIS2_PLACEMENT_3D ( 'NONE', #1231, #4881, #2865 ) ;
#4332 = CARTESIAN_POINT ( 'NONE',  ( 1.105953373143412133, 0.4343686855546683434, -5.897955906031936202 ) ) ;
#4333 = ORIENTED_EDGE ( 'NONE', *, *, #4299, .F. ) ;
#4334 = PLANE ( 'NONE',  #1405 ) ;
#4335 = LINE ( 'NONE', #3911, #1900 ) ;
#4336 = CARTESIAN_POINT ( 'NONE',  ( 2.740000000006670433, -5.129999999999999893, 0.000000000000000000 ) ) ;
#4337 = AXIS2_PLACEMENT_3D ( 'NONE', #2445, #4013, #2027 ) ;
#4338 = VECTOR ( 'NONE', #3349, 1000.000000000000227 ) ;
#4339 = EDGE_CURVE ( 'NONE', #4072, #4557, #4088, .T. ) ;
#4340 = CARTESIAN_POINT ( 'NONE',  ( -2.100000000000000089, -9.330000000000000071, 2.250000000000000444 ) ) ;
#4341 = PLANE ( 'NONE',  #1237 ) ;
#4342 = EDGE_LOOP ( 'NONE', ( #1422, #492, #5135, #5233, #3428 ) ) ;
#4343 = ORIENTED_EDGE ( 'NONE', *, *, #3775, .F. ) ;
#4344 = EDGE_CURVE ( 'NONE', #2197, #3610, #1593, .T. ) ;
#4345 = CARTESIAN_POINT ( 'NONE',  ( -0.8170048933591664841, -4.631760537322724858, 5.246215351359140300 ) ) ;
#4346 = ORIENTED_EDGE ( 'NONE', *, *, #4819, .T. ) ;
#4347 = LINE ( 'NONE', #714, #4883 ) ;
#4348 = DIRECTION ( 'NONE',  ( 0.000000000000000000, 1.000000000000000000, 0.000000000000000000 ) ) ;
#4349 = CARTESIAN_POINT ( 'NONE',  ( -1.126039942028784768, 0.4362164039396110304, 4.719061206123127405 ) ) ;
#4350 = DIRECTION ( 'NONE',  ( -0.9914448613738039429, 0.000000000000000000, 0.1305261922201010061 ) ) ;
#4351 = VECTOR ( 'NONE', #3362, 1000.000000000000000 ) ;
#4352 =( GEOMETRIC_REPRESENTATION_CONTEXT ( 3 ) GLOBAL_UNCERTAINTY_ASSIGNED_CONTEXT ( ( #4765 ) ) GLOBAL_UNIT_ASSIGNED_CONTEXT ( ( #3712, #5011, #1805 ) ) REPRESENTATION_CONTEXT ( 'NONE', 'WORKASPACE' ) );
#4353 = CARTESIAN_POINT ( 'NONE',  ( 0.9656940416239494507, 7.570000000010001173, 5.125049899051615121 ) ) ;
#4354 = ORIENTED_EDGE ( 'NONE', *, *, #1539, .T. ) ;
#4355 = DIRECTION ( 'NONE',  ( 0.000000000000000000, 1.000000000000000000, 0.000000000000000000 ) ) ;
#4356 = CARTESIAN_POINT ( 'NONE',  ( -4.450000001980271236, -2.580000000006669847, -2.387467273571637794 ) ) ;
#4357 = ORIENTED_EDGE ( 'NONE', *, *, #1807, .F. ) ;
#4358 = VECTOR ( 'NONE', #1944, 1000.000000000000114 ) ;
#4359 = FACE_OUTER_BOUND ( 'NONE', #826, .T. ) ;
#4360 = DIRECTION ( 'NONE',  ( 0.000000000000000000, 1.000000000000000000, 0.000000000000000000 ) ) ;
#4361 = EDGE_CURVE ( 'NONE', #4367, #1143, #461, .T. ) ;
#4362 = DIRECTION ( 'NONE',  ( -1.000000000000000000, -0.000000000000000000, -0.000000000000000000 ) ) ;
#4363 = VECTOR ( 'NONE', #1763, 1000.000000000000000 ) ;
#4364 = B_SPLINE_CURVE_WITH_KNOTS ( 'NONE', 3,
 ( #4454, #2607, #2212, #1372, #3828, #191, #2160, #3406, #1794, #1399, #1424, #3752, #2134, #3457, #4578, #1449, #1344, #1821, #5084 ),
 .UNSPECIFIED., .F., .F.,
 ( 4, 2, 2, 1, 2, 2, 2, 2, 2, 4 ),
 ( 0.000000000000000000, 0.2500000000000087153, 0.3750000000000122125, 0.4375000000000127676, 0.4687500000000128786, 0.5000000000000131006, 0.6250000000000101030, 0.6875000000000087708, 0.7500000000000073275, 1.000000000000000000 ),
 .UNSPECIFIED. ) ;
#4365 = DIRECTION ( 'NONE',  ( 0.2425356250382213197, -0.9701425001448598096, 0.000000000000000000 ) ) ;
#4366 = DIRECTION ( 'NONE',  ( 0.000000000000000000, 1.000000000000000000, 0.000000000000000000 ) ) ;
#4367 = VERTEX_POINT ( 'NONE', #771 ) ;
#4368 = VERTEX_POINT ( 'NONE', #3267 ) ;
#4369 = DIRECTION ( 'NONE',  ( 0.000000000000000000, 0.000000000000000000, 1.000000000000000000 ) ) ;
#4370 = ORIENTED_EDGE ( 'NONE', *, *, #1025, .F. ) ;
#4371 = ORIENTED_EDGE ( 'NONE', *, *, #4233, .F. ) ;
#4372 = CARTESIAN_POINT ( 'NONE',  ( -3.499999857659530367, -2.833307487879238806, 3.640398466704434455 ) ) ;
#4373 = AXIS2_PLACEMENT_3D ( 'NONE', #2223, #1507, #2272 ) ;
#4374 = FACE_OUTER_BOUND ( 'NONE', #2957, .T. ) ;
#4375 = DIRECTION ( 'NONE',  ( 0.000000000000000000, -0.7071067812265801056, -0.7071067811465149289 ) ) ;
#4376 = B_SPLINE_CURVE_WITH_KNOTS ( 'NONE', 3,
 ( #3905, #4279, #2627, #187, #266, #3476 ),
 .UNSPECIFIED., .F., .F.,
 ( 4, 2, 4 ),
 ( 4.142381658647881631E-16, 0.0003956698511001682838, 0.0007913397021999224023 ),
 .UNSPECIFIED. ) ;
#4377 = CARTESIAN_POINT ( 'NONE',  ( 2.275018289640373670, -4.589838732251915410, -4.508524346368975699 ) ) ;
#4378 = CARTESIAN_POINT ( 'NONE',  ( -1.482516199341691543, 7.670000000000000817, 4.142722018032287679 ) ) ;
#4379 = ORIENTED_EDGE ( 'NONE', *, *, #2867, .T. ) ;
#4380 = FACE_OUTER_BOUND ( 'NONE', #3135, .T. ) ;
#4381 = EDGE_CURVE ( 'NONE', #1585, #2532, #369, .T. ) ;
#4382 = CARTESIAN_POINT ( 'NONE',  ( 0.000000000000000000, 0.7624999999999999556, 0.000000000000000000 ) ) ;
#4383 = ORIENTED_EDGE ( 'NONE', *, *, #4057, .T. ) ;
#4384 = DIRECTION ( 'NONE',  ( -1.000000000000000000, 0.000000000000000000, 0.000000000000000000 ) ) ;
#4385 = CARTESIAN_POINT ( 'NONE',  ( 6.110987527745293517E-16, -5.219999999999999751, 4.990000000000000213 ) ) ;
#4386 = FACE_OUTER_BOUND ( 'NONE', #5104, .T. ) ;
#4387 = PLANE ( 'NONE',  #2085 ) ;
#4388 = AXIS2_PLACEMENT_3D ( 'NONE', #1523, #378, #4239 ) ;
#4389 = CARTESIAN_POINT ( 'NONE',  ( 0.000000000000000000, -5.129999999999999893, 0.000000000000000000 ) ) ;
#4390 = AXIS2_PLACEMENT_3D ( 'NONE', #1564, #2359, #4326 ) ;
#4391 = DIRECTION ( 'NONE',  ( -1.509903313490212895E-14, 0.000000000000000000, 1.000000000000000000 ) ) ;
#4392 = EDGE_LOOP ( 'NONE', ( #3424, #1606, #4191, #1429 ) ) ;
#4393 = ORIENTED_EDGE ( 'NONE', *, *, #4064, .T. ) ;
#4394 = AXIS2_PLACEMENT_3D ( 'NONE', #598, #3808, #4188 ) ;
#4395 = EDGE_CURVE ( 'NONE', #3720, #91, #473, .T. ) ;
#4396 = ADVANCED_FACE ( 'NONE', ( #421 ), #2820, .T. ) ;
#4397 = PLANE ( 'NONE',  #2295 ) ;
#4398 = ORIENTED_EDGE ( 'NONE', *, *, #1364, .T. ) ;
#4399 = ORIENTED_EDGE ( 'NONE', *, *, #2540, .T. ) ;
#4400 = DIRECTION ( 'NONE',  ( 0.000000000000000000, -1.000000000000000000, 0.000000000000000000 ) ) ;
#4401 = EDGE_CURVE ( 'NONE', #3493, #3514, #3875, .T. ) ;
#4402 = CARTESIAN_POINT ( 'NONE',  ( 2.250000042320626559, -2.879774645948882661, -4.521061801121193824 ) ) ;
#4403 = EDGE_LOOP ( 'NONE', ( #951, #3356, #3155, #2436 ) ) ;
#4404 = DIRECTION ( 'NONE',  ( 1.000000000000000000, 0.000000000000000000, -0.000000000000000000 ) ) ;
#4405 = CARTESIAN_POINT ( 'NONE',  ( 2.476786144157123282, -2.579999999998778826, 4.401729790233388506 ) ) ;
#4406 = LINE ( 'NONE', #2891, #912 ) ;
#4407 = ORIENTED_EDGE ( 'NONE', *, *, #112, .T. ) ;
#4408 = CARTESIAN_POINT ( 'NONE',  ( 0.3465540093747710992, -6.629999999999999893, -3.163565045102587181 ) ) ;
#4409 = VECTOR ( 'NONE', #1837, 1000.000000000000114 ) ;
#4410 = VECTOR ( 'NONE', #881, 1000.000000000000000 ) ;
#4411 = DIRECTION ( 'NONE',  ( 0.000000000000000000, 1.000000000000000000, 0.000000000000000000 ) ) ;
#4412 = ORIENTED_EDGE ( 'NONE', *, *, #4679, .F. ) ;
#4413 = B_SPLINE_CURVE_WITH_KNOTS ( 'NONE', 3,
 ( #838, #408, #2446, #2800, #4070, #434, #4420, #1215 ),
 .UNSPECIFIED., .F., .F.,
 ( 4, 2, 2, 4 ),
 ( 3.687963768576933767E-15, 0.0002746089271515658866, 0.0004119133907255047647, 0.0005492178542994436427 ),
 .UNSPECIFIED. ) ;
#4414 = FACE_OUTER_BOUND ( 'NONE', #5108, .T. ) ;
#4415 = CARTESIAN_POINT ( 'NONE',  ( 1.550000000008244783, 0.6700000000050000404, -4.224630161324710365 ) ) ;
#4416 = CARTESIAN_POINT ( 'NONE',  ( -3.500000000000000000, -5.280000000000000249, 4.873397172404000166 ) ) ;
#4417 = AXIS2_PLACEMENT_3D ( 'NONE', #4570, #3719, #2922 ) ;
#4418 = DIRECTION ( 'NONE',  ( 1.000000000000000000, 0.000000000000000000, 0.000000000000000000 ) ) ;
#4419 = CARTESIAN_POINT ( 'NONE',  ( 1.550000000000000266, 0.6700000000000000400, 4.224630161327867839 ) ) ;
#4420 = CARTESIAN_POINT ( 'NONE',  ( 3.499999910325621411, -2.833307797574758702, -3.640398416069502208 ) ) ;
#4421 = ORIENTED_EDGE ( 'NONE', *, *, #4035, .F. ) ;
#4422 = ORIENTED_EDGE ( 'NONE', *, *, #536, .T. ) ;
#4423 = VECTOR ( 'NONE', #3303, 1000.000000000000000 ) ;
#4424 = CARTESIAN_POINT ( 'NONE',  ( 2.300000000003723510, -10.13000000000505985, 2.750000000005002665 ) ) ;
#4425 = EDGE_CURVE ( 'NONE', #305, #443, #402, .T. ) ;
#4426 = DIRECTION ( 'NONE',  ( -1.000000000000000000, 0.000000000000000000, 0.000000000000000000 ) ) ;
#4427 = VERTEX_POINT ( 'NONE', #5264 ) ;
#4428 = VERTEX_POINT ( 'NONE', #1176 ) ;
#4429 = EDGE_CURVE ( 'NONE', #4206, #4795, #797, .T. ) ;
#4430 = LINE ( 'NONE', #3632, #1771 ) ;
#4431 = EDGE_CURVE ( 'NONE', #1341, #1742, #1848, .T. ) ;
#4432 = LINE ( 'NONE', #767, #3926 ) ;
#4433 = EDGE_CURVE ( 'NONE', #1113, #3364, #4466, .T. ) ;
#4434 = EDGE_LOOP ( 'NONE', ( #2346, #4123, #3520, #383 ) ) ;
#4435 = FACE_OUTER_BOUND ( 'NONE', #1750, .T. ) ;
#4436 = CARTESIAN_POINT ( 'NONE',  ( -0.5493346576097892786, -6.629999999999999893, 3.727402926214640200 ) ) ;
#4437 = FILL_AREA_STYLE_COLOUR ( '', #1591 ) ;
#4438 = ORIENTED_EDGE ( 'NONE', *, *, #3322, .T. ) ;
#4439 = CARTESIAN_POINT ( 'NONE',  ( 2.143131898507868297E-16, -6.430000000009999717, -1.750000000000000000 ) ) ;
#4440 = AXIS2_PLACEMENT_3D ( 'NONE', #3126, #1933, #2356 ) ;
#4441 = LINE ( 'NONE', #1153, #1453 ) ;
#4442 = ORIENTED_EDGE ( 'NONE', *, *, #3013, .T. ) ;
#4443 = ADVANCED_FACE ( 'NONE', ( #3287 ), #3241, .T. ) ;
#4444 = EDGE_CURVE ( 'NONE', #82, #197, #2632, .T. ) ;
#4445 = CARTESIAN_POINT ( 'NONE',  ( -0.03030511540351140190, -6.430000000009999717, -4.449387483202368543 ) ) ;
#4446 = CARTESIAN_POINT ( 'NONE',  ( 3.500000000000000000, -5.130000000049205866, -4.307261310871803417 ) ) ;
#4447 = AXIS2_PLACEMENT_3D ( 'NONE', #3588, #3481, #645 ) ;
#4448 = CARTESIAN_POINT ( 'NONE',  ( -1.050000000000000044, -0.4800000505897311642, 4.939635606285665226 ) ) ;
#4449 = CARTESIAN_POINT ( 'NONE',  ( 2.500000000000000000, 0.000000000000000000, 2.750000000000000000 ) ) ;
#4450 = CARTESIAN_POINT ( 'NONE',  ( 2.700000000004577405, -10.13000000000290690, -2.250000000005002665 ) ) ;
#4451 = DIRECTION ( 'NONE',  ( 1.000000000000000000, 0.000000000000000000, 0.000000000000000000 ) ) ;
#4452 = ORIENTED_EDGE ( 'NONE', *, *, #2196, .T. ) ;
#4453 = VERTEX_POINT ( 'NONE', #4646 ) ;
#4454 = CARTESIAN_POINT ( 'NONE',  ( 1.057596467991446243, 0.2568244764694400661, -4.805065701461902705 ) ) ;
#4455 = AXIS2_PLACEMENT_3D ( 'NONE', #2527, #1325, #4580 ) ;
#4456 = DIRECTION ( 'NONE',  ( -0.000000000000000000, 1.000000000000000000, -0.000000000000000000 ) ) ;
#4457 = EDGE_CURVE ( 'NONE', #1819, #2030, #4929, .T. ) ;
#4458 = ORIENTED_EDGE ( 'NONE', *, *, #972, .T. ) ;
#4459 = EDGE_CURVE ( 'NONE', #1503, #3021, #4544, .T. ) ;
#4460 = LINE ( 'NONE', #2377, #2696 ) ;
#4461 = CARTESIAN_POINT ( 'NONE',  ( -1.065806852954866324, 0.3033891339222359873, 4.794851335379953561 ) ) ;
#4462 = EDGE_CURVE ( 'NONE', #975, #4195, #2973, .T. ) ;
#4463 = ORIENTED_EDGE ( 'NONE', *, *, #964, .F. ) ;
#4464 = CARTESIAN_POINT ( 'NONE',  ( 0.7178940572248084795, -3.544999999999999929, -5.452946737554046130 ) ) ;
#4465 = DIRECTION ( 'NONE',  ( 0.000000000000000000, -0.000000000000000000, -1.000000000000000000 ) ) ;
#4466 = LINE ( 'NONE', #4832, #5244 ) ;
#4467 = CIRCLE ( 'NONE', #125, 1.750000000000000000 ) ;
#4468 = ORIENTED_EDGE ( 'NONE', *, *, #372, .T. ) ;
#4469 = CARTESIAN_POINT ( 'NONE',  ( -0.3021065067829553086, -6.629999999999999893, -3.137333312867272905 ) ) ;
#4470 = EDGE_CURVE ( 'NONE', #4213, #3514, #2188, .T. ) ;
#4471 = EDGE_CURVE ( 'NONE', #3040, #4571, #2144, .T. ) ;
#4472 = DIRECTION ( 'NONE',  ( 0.000000000000000000, -1.000000000000000000, 0.000000000000000000 ) ) ;
#4473 = ORIENTED_EDGE ( 'NONE', *, *, #1383, .T. ) ;
#4474 = CARTESIAN_POINT ( 'NONE',  ( -4.349999999999999645, -5.129999999999999893, -2.444913086390000156 ) ) ;
#4475 = CARTESIAN_POINT ( 'NONE',  ( 0.000000000000000000, -6.430000000009999717, 3.700000000000000178 ) ) ;
#4476 = DIRECTION ( 'NONE',  ( 0.000000000000000000, 0.000000000000000000, 1.000000000000000000 ) ) ;
#4477 = EDGE_CURVE ( 'NONE', #4368, #4795, #4621, .T. ) ;
#4478 = AXIS2_PLACEMENT_3D ( 'NONE', #2729, #3045, #203 ) ;
#4479 = CARTESIAN_POINT ( 'NONE',  ( 0.000000000000000000, -4.589838732266501076, 0.000000000000000000 ) ) ;
#4480 = CARTESIAN_POINT ( 'NONE',  ( 1.049999999779360982, -4.280000000006669580, 5.907410600293781400 ) ) ;
#4481 = ORIENTED_EDGE ( 'NONE', *, *, #1912, .F. ) ;
#4482 = DIRECTION ( 'NONE',  ( 0.000000000000000000, -1.000000000000000000, -0.000000000000000000 ) ) ;
#4483 = CYLINDRICAL_SURFACE ( 'NONE', #4693, 0.5000000000000000000 ) ;
#4484 = VECTOR ( 'NONE', #291, 1000.000000000000000 ) ;
#4485 = DIRECTION ( 'NONE',  ( 0.000000000000000000, 0.000000000000000000, 1.000000000000000000 ) ) ;
#4486 = ORIENTED_EDGE ( 'NONE', *, *, #1321, .T. ) ;
#4487 = ADVANCED_BREP_SHAPE_REPRESENTATION ( 'D6R60F1LFS_PART1', ( #192, #2950 ), #229 ) ;
#4488 = B_SPLINE_CURVE_WITH_KNOTS ( 'NONE', 3,
 ( #279, #5146, #1505, #712 ),
 .UNSPECIFIED., .F., .F.,
 ( 4, 4 ),
 ( 0.000000000000000000, 0.001729839902130002587 ),
 .UNSPECIFIED. ) ;
#4489 = AXIS2_PLACEMENT_3D ( 'NONE', #287, #1908, #5150 ) ;
#4490 = DIRECTION ( 'NONE',  ( -0.000000000000000000, 0.000000000000000000, 1.000000000000000000 ) ) ;
#4491 = ORIENTED_EDGE ( 'NONE', *, *, #691, .F. ) ;
#4492 = DIRECTION ( 'NONE',  ( -0.000000000000000000, 1.000000000000000000, 0.000000000000000000 ) ) ;
#4493 = DIRECTION ( 'NONE',  ( 0.000000000000000000, 0.000000000000000000, -1.000000000000000000 ) ) ;
#4494 = B_SPLINE_CURVE_WITH_KNOTS ( 'NONE', 3,
 ( #5232, #4461, #792, #3237, #4349, #1511, #716, #289, #4743, #314, #4771, #3526, #2816, #1980, #1588, #3208, #2331, #4828, #5152 ),
 .UNSPECIFIED., .F., .F.,
 ( 4, 2, 2, 1, 2, 2, 2, 2, 2, 4 ),
 ( 0.000000000000000000, 0.2499999999999946709, 0.3749999999999927836, 0.4374999999999918399, 0.4687499999999914513, 0.4999999999999910072, 0.6249999999999932276, 0.6874999999999944489, 0.7499999999999955591, 1.000000000000000000 ),
 .UNSPECIFIED. ) ;
#4495 = ORIENTED_EDGE ( 'NONE', *, *, #3616, .F. ) ;
#4496 = LINE ( 'NONE', #3269, #3812 ) ;
#4497 = CARTESIAN_POINT ( 'NONE',  ( 2.700000000007260592, -10.13000000000760004, 2.250000000000000444 ) ) ;
#4498 = VERTEX_POINT ( 'NONE', #4245 ) ;
#4499 = CARTESIAN_POINT ( 'NONE',  ( 0.4119634183371748137, -6.547157287530736447, -4.467272755175000221 ) ) ;
#4500 = CARTESIAN_POINT ( 'NONE',  ( -2.250070414190062262, -4.630801655458948396, -4.522504639306170304 ) ) ;
#4501 = DIRECTION ( 'NONE',  ( -0.9701425001453378716, -0.2425356250363089605, 0.000000000000000000 ) ) ;
#4502 = LINE ( 'NONE', #910, #4917 ) ;
#4503 = CARTESIAN_POINT ( 'NONE',  ( -3.354999999999999982, -5.230000000000000426, -0.5849999999999999645 ) ) ;
#4504 = ORIENTED_EDGE ( 'NONE', *, *, #4444, .T. ) ;
#4505 = CARTESIAN_POINT ( 'NONE',  ( -2.300000000008030288, -10.13000000000550038, 2.750000000000000000 ) ) ;
#4506 = VECTOR ( 'NONE', #4551, 1000.000000000000000 ) ;
#4507 = CARTESIAN_POINT ( 'NONE',  ( -3.500000000000228262, -0.08000000000000000167, 4.873397172404318134 ) ) ;
#4508 = EDGE_CURVE ( 'NONE', #3090, #1209, #2595, .T. ) ;
#4509 = CARTESIAN_POINT ( 'NONE',  ( 1.050000000000000044, 0.1699982084033460072, 5.907410600254999977 ) ) ;
#4510 = CONICAL_SURFACE ( 'NONE', #3232, 5.550000000027921487, 0.7853981633974482790 ) ;
#4511 = ORIENTED_EDGE ( 'NONE', *, *, #4107, .F. ) ;
#4512 = ADVANCED_FACE ( 'NONE', ( #151 ), #2199, .T. ) ;
#4513 = CARTESIAN_POINT ( 'NONE',  ( -4.449999976816030767, -4.629999976816030482, 0.000000000000000000 ) ) ;
#4514 = AXIS2_PLACEMENT_3D ( 'NONE', #3460, #2289, #274 ) ;
#4515 = EDGE_LOOP ( 'NONE', ( #948, #445, #181, #1170 ) ) ;
#4516 = CARTESIAN_POINT ( 'NONE',  ( 0.000000000000000000, 0.6700000000000000400, 0.000000000000000000 ) ) ;
#4517 = CARTESIAN_POINT ( 'NONE',  ( 0.000000000000000000, -5.219999999999999751, -4.990000000000000213 ) ) ;
#4518 = SURFACE_STYLE_USAGE ( .BOTH. , #4058 ) ;
#4519 = ORIENTED_EDGE ( 'NONE', *, *, #1225, .F. ) ;
#4520 = CARTESIAN_POINT ( 'NONE',  ( 2.550000000005000267, -2.580000000000000071, 0.000000000000000000 ) ) ;
#4521 = B_SPLINE_CURVE_WITH_KNOTS ( 'NONE', 3,
 ( #4669, #2250, #257, #3125, #2353, #2330, #4372, #4272 ),
 .UNSPECIFIED., .F., .F.,
 ( 4, 2, 2, 4 ),
 ( 3.688291391232852699E-15, 0.0002746087591177732773, 0.0004119131386748161759, 0.0005492175182318589661 ),
 .UNSPECIFIED. ) ;
#4522 = CARTESIAN_POINT ( 'NONE',  ( -1.742140005292905469, 0.2568244124350673174, -4.601316759298002879 ) ) ;
#4523 = ORIENTED_EDGE ( 'NONE', *, *, #112, .F. ) ;
#4524 = EDGE_CURVE ( 'NONE', #1742, #3051, #2918, .T. ) ;
#4525 = CARTESIAN_POINT ( 'NONE',  ( -0.03030511540327461215, -6.547157287530735559, -4.449387483196516335 ) ) ;
#4526 = DIRECTION ( 'NONE',  ( 0.000000000000000000, 0.000000000000000000, 1.000000000000000000 ) ) ;
#4527 = CARTESIAN_POINT ( 'NONE',  ( 2.740000000006670433, -5.129999999999999893, -0.8299999999999999600 ) ) ;
#4528 = CYLINDRICAL_SURFACE ( 'NONE', #339, 4.990000000000000213 ) ;
#4529 = ORIENTED_EDGE ( 'NONE', *, *, #1783, .F. ) ;
#4530 = AXIS2_PLACEMENT_3D ( 'NONE', #1674, #2536, #3286 ) ;
#4531 = DIRECTION ( 'NONE',  ( -0.000000000000000000, 0.000000000000000000, 1.000000000000000000 ) ) ;
#4532 = EDGE_CURVE ( 'NONE', #4321, #5258, #605, .T. ) ;
#4533 = FACE_OUTER_BOUND ( 'NONE', #3360, .T. ) ;
#4534 = DIRECTION ( 'NONE',  ( 0.000000000000000000, 0.000000000000000000, 1.000000000000000000 ) ) ;
#4535 = EDGE_LOOP ( 'NONE', ( #5026, #4768, #83, #3285 ) ) ;
#4536 = B_SPLINE_CURVE_WITH_KNOTS ( 'NONE', 3,
 ( #3665, #4405, #4027, #849, #4774, #4831 ),
 .UNSPECIFIED., .F., .F.,
 ( 4, 2, 4 ),
 ( 4.079203729177843464E-16, 0.0002510306549784660632, 0.0005020613099565241410 ),
 .UNSPECIFIED. ) ;
#4537 = ORIENTED_EDGE ( 'NONE', *, *, #1265, .F. ) ;
#4538 = VECTOR ( 'NONE', #3438, 1000.000000000000000 ) ;
#4539 = DIRECTION ( 'NONE',  ( 0.000000000000000000, -1.000000000000000000, 0.000000000000000000 ) ) ;
#4540 = AXIS2_PLACEMENT_3D ( 'NONE', #2715, #2314, #3934 ) ;
#4541 = EDGE_LOOP ( 'NONE', ( #5099, #2137, #3923, #947 ) ) ;
#4542 = DIRECTION ( 'NONE',  ( 0.000000000000000000, 0.000000000000000000, 1.000000000000000000 ) ) ;
#4543 = CARTESIAN_POINT ( 'NONE',  ( 0.000000000000000000, -5.129999964424314385, -5.549999964330254443 ) ) ;
#4544 = LINE ( 'NONE', #555, #2268 ) ;
#4545 = ORIENTED_EDGE ( 'NONE', *, *, #4807, .T. ) ;
#4546 = DIRECTION ( 'NONE',  ( 0.000000000000000000, -0.000000000000000000, -1.000000000000000000 ) ) ;
#4547 = ORIENTED_EDGE ( 'NONE', *, *, #4477, .T. ) ;
#4548 = CARTESIAN_POINT ( 'NONE',  ( -0.4203746052252881338, -6.629999999999999005, -4.350702708073939995 ) ) ;
#4549 = PLANE ( 'NONE',  #1624 ) ;
#4550 = DIRECTION ( 'NONE',  ( 0.000000000000000000, 1.000000000000000000, 0.000000000000000000 ) ) ;
#4551 = DIRECTION ( 'NONE',  ( 0.000000000000000000, 1.000000000000000000, 0.000000000000000000 ) ) ;
#4552 = ORIENTED_EDGE ( 'NONE', *, *, #1846, .T. ) ;
#4553 = CARTESIAN_POINT ( 'NONE',  ( -2.250000003639650359, -2.879999999266032784, 5.562148863849436076 ) ) ;
#4554 = FACE_OUTER_BOUND ( 'NONE', #1673, .T. ) ;
#4555 = CARTESIAN_POINT ( 'NONE',  ( 0.000000000000000000, -2.580000000005000071, 0.000000000000000000 ) ) ;
#4556 = EDGE_LOOP ( 'NONE', ( #3184, #3176, #3209, #1850, #3376 ) ) ;
#4557 = VERTEX_POINT ( 'NONE', #1722 ) ;
#4558 = CARTESIAN_POINT ( 'NONE',  ( 2.500000000000000000, 0.000000000000000000, -2.250000000000000444 ) ) ;
#4559 = VECTOR ( 'NONE', #961, 1000.000000000000000 ) ;
#4560 = ADVANCED_FACE ( 'NONE', ( #902 ), #3419, .T. ) ;
#4561 = ORIENTED_EDGE ( 'NONE', *, *, #4444, .F. ) ;
#4562 = AXIS2_PLACEMENT_3D ( 'NONE', #5039, #4142, #1010 ) ;
#4563 = DIRECTION ( 'NONE',  ( -0.000000000000000000, 1.000000000000000000, 0.000000000000000000 ) ) ;
#4564 = DIRECTION ( 'NONE',  ( -0.000000000000000000, 1.000000000000000000, -0.000000000000000000 ) ) ;
#4565 = CIRCLE ( 'NONE', #3633, 4.500000000000000888 ) ;
#4566 = EDGE_CURVE ( 'NONE', #2502, #2411, #3842, .T. ) ;
#4567 = ORIENTED_EDGE ( 'NONE', *, *, #4730, .F. ) ;
#4568 = CARTESIAN_POINT ( 'NONE',  ( 3.500000000032076120, -2.792360850061703648, -4.873397172381444875 ) ) ;
#4569 = ORIENTED_EDGE ( 'NONE', *, *, #4433, .T. ) ;
#4570 = CARTESIAN_POINT ( 'NONE',  ( 0.000000000000000000, -0.08000000000000000167, 0.000000000000000000 ) ) ;
#4571 = VERTEX_POINT ( 'NONE', #3311 ) ;
#4572 = CARTESIAN_POINT ( 'NONE',  ( 0.000000000000000000, -5.129999999999999893, 2.750000000006670220 ) ) ;
#4573 = DIRECTION ( 'NONE',  ( 0.000000000000000000, -0.000000000000000000, -1.000000000000000000 ) ) ;
#4574 = CARTESIAN_POINT ( 'NONE',  ( -0.7178940572115380947, -4.080000000010000072, -5.452946737563384438 ) ) ;
#4575 = ORIENTED_EDGE ( 'NONE', *, *, #2372, .F. ) ;
#4576 = FACE_OUTER_BOUND ( 'NONE', #210, .T. ) ;
#4577 = CARTESIAN_POINT ( 'NONE',  ( 3.120000000006669882, -5.129999999999999893, -0.8299999999999999600 ) ) ;
#4578 = CARTESIAN_POINT ( 'NONE',  ( 1.308827384972810925, 0.6082808412217866056, -4.481660197475694218 ) ) ;
#4579 = AXIS2_PLACEMENT_3D ( 'NONE', #4629, #640, #1915 ) ;
#4580 = DIRECTION ( 'NONE',  ( -3.552713678800500929E-15, 0.000000000000000000, 1.000000000000000000 ) ) ;
#4581 = AXIS2_PLACEMENT_3D ( 'NONE', #4479, #1136, #2747 ) ;
#4582 = VERTEX_POINT ( 'NONE', #3739 ) ;
#4583 = EDGE_LOOP ( 'NONE', ( #3595, #1361, #2363, #1812, #1827, #539 ) ) ;
#4584 = DIRECTION ( 'NONE',  ( 0.000000000000000000, 0.000000000000000000, -1.000000000000000000 ) ) ;
#4585 = EDGE_CURVE ( 'NONE', #1040, #2309, #982, .T. ) ;
#4586 = CARTESIAN_POINT ( 'NONE',  ( -2.250000021197500200, -5.129999967673389172, 5.073460312719692666 ) ) ;
#4587 = AXIS2_PLACEMENT_3D ( 'NONE', #1124, #4350, #1174 ) ;
#4588 = AXIS2_PLACEMENT_3D ( 'NONE', #2102, #3722, #1995 ) ;
#4589 = ORIENTED_EDGE ( 'NONE', *, *, #3748, .F. ) ;
#4590 = LINE ( 'NONE', #4517, #3328 ) ;
#4591 = EDGE_CURVE ( 'NONE', #1188, #1503, #4769, .T. ) ;
#4592 = AXIS2_PLACEMENT_3D ( 'NONE', #1899, #2664, #3537 ) ;
#4593 = CARTESIAN_POINT ( 'NONE',  ( 0.6041211023026847871, -6.629999999999998117, 4.771231858073961440 ) ) ;
#4594 = AXIS2_PLACEMENT_3D ( 'NONE', #2904, #515, #2108 ) ;
#4595 = EDGE_CURVE ( 'NONE', #1403, #2596, #4295, .T. ) ;
#4596 = ORIENTED_EDGE ( 'NONE', *, *, #2379, .F. ) ;
#4597 = CARTESIAN_POINT ( 'NONE',  ( -0.5493169624096715387, -6.629999999999999893, 3.727402094974865410 ) ) ;
#4598 = ORIENTED_EDGE ( 'NONE', *, *, #1450, .F. ) ;
#4599 = CARTESIAN_POINT ( 'NONE',  ( -3.461822383106793133, -6.547157287530736447, 1.824359007397658106 ) ) ;
#4600 = ORIENTED_EDGE ( 'NONE', *, *, #4819, .F. ) ;
#4601 = CARTESIAN_POINT ( 'NONE',  ( -0.03737912633101382609, -6.430000000009999717, -1.749600754719410345 ) ) ;
#4602 = LINE ( 'NONE', #2152, #5144 ) ;
#4603 = EDGE_CURVE ( 'NONE', #4321, #1106, #3469, .T. ) ;
#4604 = ORIENTED_EDGE ( 'NONE', *, *, #3297, .T. ) ;
#4605 = DIRECTION ( 'NONE',  ( -0.000000000000000000, 1.000000000000000000, -0.000000000000000000 ) ) ;
#4606 = DIRECTION ( 'NONE',  ( 0.000000000000000000, 1.000000000000000000, 0.000000000000000000 ) ) ;
#4607 = CARTESIAN_POINT ( 'NONE',  ( -0.6546356968822029110, -6.629999999999999893, 4.114223282035943008 ) ) ;
#4608 = CARTESIAN_POINT ( 'NONE',  ( 0.000000000000000000, 0.6700000000000000400, 0.000000000000000000 ) ) ;
#4609 = DIRECTION ( 'NONE',  ( -0.02135950076057935645, 0.000000000000000000, -0.9997718598396629908 ) ) ;
#4610 = ORIENTED_EDGE ( 'NONE', *, *, #2707, .F. ) ;
#4611 = ORIENTED_EDGE ( 'NONE', *, *, #403, .T. ) ;
#4612 = FACE_OUTER_BOUND ( 'NONE', #1112, .T. ) ;
#4613 = DIRECTION ( 'NONE',  ( -0.000000000000000000, 1.000000000000000000, -0.000000000000000000 ) ) ;
#4614 = CIRCLE ( 'NONE', #2148, 0.7499999999999997780 ) ;
#4615 = EDGE_CURVE ( 'NONE', #197, #2723, #2437, .T. ) ;
#4616 = EDGE_CURVE ( 'NONE', #3952, #1341, #1346, .T. ) ;
#4617 = VERTEX_POINT ( 'NONE', #1931 ) ;
#4618 = VECTOR ( 'NONE', #1714, 1000.000000000000000 ) ;
#4619 = CARTESIAN_POINT ( 'NONE',  ( -2.899999999999999911, -10.13000000000000256, -2.750000000000000000 ) ) ;
#4620 = CARTESIAN_POINT ( 'NONE',  ( 1.050000000000000044, 0.1699954759323965281, 4.822401592160734829 ) ) ;
#4621 = LINE ( 'NONE', #984, #407 ) ;
#4622 = ORIENTED_EDGE ( 'NONE', *, *, #1759, .T. ) ;
#4623 = VECTOR ( 'NONE', #4037, 1000.000000000000000 ) ;
#4624 = FACE_OUTER_BOUND ( 'NONE', #3357, .T. ) ;
#4625 = EDGE_LOOP ( 'NONE', ( #304, #4537, #643, #93 ) ) ;
#4626 = CARTESIAN_POINT ( 'NONE',  ( 2.899999999999999911, -10.13000000000000256, -2.250000000006670220 ) ) ;
#4627 = ORIENTED_EDGE ( 'NONE', *, *, #1257, .T. ) ;
#4628 = CARTESIAN_POINT ( 'NONE',  ( -1.050000000000000044, 0.1699940044308140275, -5.907410600254999977 ) ) ;
#4629 = CARTESIAN_POINT ( 'NONE',  ( 0.000000000000000000, 0.7624999999999999556, 0.000000000000000000 ) ) ;
#4630 = EDGE_CURVE ( 'NONE', #484, #1181, #4521, .T. ) ;
#4631 = EDGE_CURVE ( 'NONE', #5228, #27, #632, .T. ) ;
#4632 = CARTESIAN_POINT ( 'NONE',  ( -4.142722018473957490, 7.670000000000000817, -1.482516198107498351 ) ) ;
#4633 = VERTEX_POINT ( 'NONE', #1534 ) ;
#4634 = CARTESIAN_POINT ( 'NONE',  ( -1.468351139627517288, 0.6646370666558099050, -4.263594357475207097 ) ) ;
#4635 = CARTESIAN_POINT ( 'NONE',  ( -2.834999999999999964, -5.230000000000000426, -0.7349999999999999867 ) ) ;
#4636 = CIRCLE ( 'NONE', #4373, 6.000000000000000000 ) ;
#4637 = EDGE_CURVE ( 'NONE', #4229, #212, #2649, .T. ) ;
#4638 = LINE ( 'NONE', #2261, #946 ) ;
#4639 = DIRECTION ( 'NONE',  ( 1.000000000000000000, 0.000000000000000000, 0.000000000000000000 ) ) ;
#4640 = EDGE_LOOP ( 'NONE', ( #1773, #2580, #3083, #354, #4225 ) ) ;
#4641 = VERTEX_POINT ( 'NONE', #4717 ) ;
#4642 = FACE_OUTER_BOUND ( 'NONE', #3489, .T. ) ;
#4643 = ORIENTED_EDGE ( 'NONE', *, *, #2191, .F. ) ;
#4644 = CARTESIAN_POINT ( 'NONE',  ( 3.500000000000228262, -0.08000000000000000167, -4.873397172404318134 ) ) ;
#4645 = CARTESIAN_POINT ( 'NONE',  ( -0.03737912634193423650, -6.547157287530735559, -1.749600754713318107 ) ) ;
#4646 = CARTESIAN_POINT ( 'NONE',  ( -0.7490685851040976839, -6.430000000009999717, -3.662633506852456478 ) ) ;
#4647 = ORIENTED_EDGE ( 'NONE', *, *, #525, .T. ) ;
#4648 = DIRECTION ( 'NONE',  ( 0.000000000000000000, -0.000000000000000000, 1.000000000000000000 ) ) ;
#4649 = VECTOR ( 'NONE', #3247, 1000.000000000000000 ) ;
#4650 = ORIENTED_EDGE ( 'NONE', *, *, #3128, .F. ) ;
#4651 = DIRECTION ( 'NONE',  ( 0.9701425001453378716, -0.2425356250363089605, 0.000000000000000000 ) ) ;
#4652 =( GEOMETRIC_REPRESENTATION_CONTEXT ( 3 ) GLOBAL_UNCERTAINTY_ASSIGNED_CONTEXT ( ( #1583 ) ) GLOBAL_UNIT_ASSIGNED_CONTEXT ( ( #3042, #1881, #1853 ) ) REPRESENTATION_CONTEXT ( 'NONE', 'WORKASPACE' ) );
#4653 = ORIENTED_EDGE ( 'NONE', *, *, #297, .F. ) ;
#4654 = DIRECTION ( 'NONE',  ( 0.000000000000000000, 1.000000000000000000, -0.000000000000000000 ) ) ;
#4655 = DIRECTION ( 'NONE',  ( 0.000000000000000000, 0.000000000000000000, -1.000000000000000000 ) ) ;
#4656 = SURFACE_STYLE_USAGE ( .BOTH. , #995 ) ;
#4657 = ORIENTED_EDGE ( 'NONE', *, *, #1247, .T. ) ;
#4658 = CYLINDRICAL_SURFACE ( 'NONE', #208, 0.2999999999999999334 ) ;
#4659 = DIRECTION ( 'NONE',  ( 0.000000000000000000, 0.000000000000000000, -1.000000000000000000 ) ) ;
#4660 = ADVANCED_FACE ( 'NONE', ( #5098 ), #1093, .T. ) ;
#4661 = LINE ( 'NONE', #3063, #2215 ) ;
#4662 = CARTESIAN_POINT ( 'NONE',  ( 1.081255012665290449, 0.3504921287359183402, 4.775709876632787676 ) ) ;
#4663 = ORIENTED_EDGE ( 'NONE', *, *, #921, .T. ) ;
#4664 = ORIENTED_EDGE ( 'NONE', *, *, #3998, .F. ) ;
#4665 = CARTESIAN_POINT ( 'NONE',  ( -1.049999999559537933, -0.08000000000000000167, -5.907410600332854145 ) ) ;
#4666 = ORIENTED_EDGE ( 'NONE', *, *, #2288, .T. ) ;
#4667 = CARTESIAN_POINT ( 'NONE',  ( 0.000000000000000000, -5.129999999999999893, 0.000000000000000000 ) ) ;
#4668 = DIRECTION ( 'NONE',  ( -0.000000000000000000, -1.000000000000000000, -0.000000000000000000 ) ) ;
#4669 = CARTESIAN_POINT ( 'NONE',  ( -3.200000000003473399, -2.580000000004999627, 3.906724971120665746 ) ) ;
#4670 = ORIENTED_EDGE ( 'NONE', *, *, #1840, .F. ) ;
#4671 = CARTESIAN_POINT ( 'NONE',  ( -3.273946287665082888, -2.579999999999978311, -5.028808745130529445 ) ) ;
#4672 = ORIENTED_EDGE ( 'NONE', *, *, #1846, .F. ) ;
#4673 = DIRECTION ( 'NONE',  ( -0.1305261922201009783, 0.000000000000000000, 0.9914448613738038318 ) ) ;
#4674 = VECTOR ( 'NONE', #1691, 1000.000000000000000 ) ;
#4675 = ORIENTED_EDGE ( 'NONE', *, *, #2317, .T. ) ;
#4676 = PLANE ( 'NONE',  #226 ) ;
#4677 = LINE ( 'NONE', #3449, #1195 ) ;
#4678 = CARTESIAN_POINT ( 'NONE',  ( 1.482516198390411155, 7.670000000000000817, -4.142722018372714032 ) ) ;
#4679 = EDGE_CURVE ( 'NONE', #4282, #2631, #3522, .T. ) ;
#4680 = ORIENTED_EDGE ( 'NONE', *, *, #3359, .T. ) ;
#4681 = CARTESIAN_POINT ( 'NONE',  ( -1.057596626502225190, 0.2568248286937419578, -4.805065578372733626 ) ) ;
#4682 = FACE_OUTER_BOUND ( 'NONE', #2980, .T. ) ;
#4683 = CARTESIAN_POINT ( 'NONE',  ( 0.000000000000000000, -4.629999972507903294, 0.000000000000000000 ) ) ;
#4684 = CARTESIAN_POINT ( 'NONE',  ( -2.250000042320626559, -2.879774645948108169, 4.521061801121193824 ) ) ;
#4685 = ADVANCED_FACE ( 'NONE', ( #228 ), #2702, .T. ) ;
#4686 = ORIENTED_EDGE ( 'NONE', *, *, #4721, .T. ) ;
#4687 = ORIENTED_EDGE ( 'NONE', *, *, #5014, .T. ) ;
#4688 = DIRECTION ( 'NONE',  ( 0.000000000000000000, 0.000000000000000000, -1.000000000000000000 ) ) ;
#4689 = EDGE_CURVE ( 'NONE', #2773, #1777, #3120, .T. ) ;
#4690 = LINE ( 'NONE', #5062, #2238 ) ;
#4691 = ORIENTED_EDGE ( 'NONE', *, *, #5214, .F. ) ;
#4692 = CYLINDRICAL_SURFACE ( 'NONE', #1917, 0.2999999999999999334 ) ;
#4693 = AXIS2_PLACEMENT_3D ( 'NONE', #3624, #486, #385 ) ;
#4694 = PLANE ( 'NONE',  #3838 ) ;
#4695 = DIRECTION ( 'NONE',  ( 0.000000000000000000, 0.000000000000000000, -1.000000000000000000 ) ) ;
#4696 = EDGE_LOOP ( 'NONE', ( #4393, #3382, #230, #783 ) ) ;
#4697 = CARTESIAN_POINT ( 'NONE',  ( -2.899999999999999911, -5.080000000000000071, -2.750000000000000000 ) ) ;
#4698 = CARTESIAN_POINT ( 'NONE',  ( -3.297944236638978399, -6.629999999999998117, 1.737996236712734177 ) ) ;
#4699 = DIRECTION ( 'NONE',  ( 0.000000000000000000, 0.000000000000000000, 1.000000000000000000 ) ) ;
#4700 = VECTOR ( 'NONE', #2220, 1000.000000000000000 ) ;
#4701 = ORIENTED_EDGE ( 'NONE', *, *, #4047, .F. ) ;
#4702 = CARTESIAN_POINT ( 'NONE',  ( -2.249999999999999556, -4.617157904882735586, 4.521688000461139723 ) ) ;
#4703 = DIRECTION ( 'NONE',  ( 0.000000000000000000, 1.000000000000000000, 0.000000000000000000 ) ) ;
#4704 = ORIENTED_EDGE ( 'NONE', *, *, #867, .T. ) ;
#4705 = FACE_OUTER_BOUND ( 'NONE', #5022, .T. ) ;
#4706 = CARTESIAN_POINT ( 'NONE',  ( 9.184850993605152135E-17, -6.430000000009999717, 2.950000000000000178 ) ) ;
#4707 = CARTESIAN_POINT ( 'NONE',  ( -1.550000000008246115, 0.6700000000000000400, -5.796335048974864179 ) ) ;
#4708 = CARTESIAN_POINT ( 'NONE',  ( 0.000000000000000000, -5.230000000000000426, 0.000000000000000000 ) ) ;
#4709 = ORIENTED_EDGE ( 'NONE', *, *, #35, .F. ) ;
#4710 = VERTEX_POINT ( 'NONE', #2303 ) ;
#4711 = AXIS2_PLACEMENT_3D ( 'NONE', #3797, #4501, #860 ) ;
#4712 = CARTESIAN_POINT ( 'NONE',  ( 3.066185539313857955, -6.630000000000001670, -1.615860835128630102 ) ) ;
#4713 = ORIENTED_EDGE ( 'NONE', *, *, #1247, .F. ) ;
#4714 = DIRECTION ( 'NONE',  ( 0.000000000000000000, 0.000000000000000000, -1.000000000000000000 ) ) ;
#4715 = CARTESIAN_POINT ( 'NONE',  ( 0.000000000000000000, -4.629999987474669787, 0.000000000000000000 ) ) ;
#4716 = EDGE_CURVE ( 'NONE', #4498, #1557, #657, .T. ) ;
#4717 = CARTESIAN_POINT ( 'NONE',  ( -0.6513256968665114277, -4.280000003120676411, -4.947309840683096205 ) ) ;
#4718 = VERTEX_POINT ( 'NONE', #1860 ) ;
#4719 = CARTESIAN_POINT ( 'NONE',  ( 0.7359235698169453999, -6.430000000009999717, 3.234341500365757405 ) ) ;
#4720 = LINE ( 'NONE', #2306, #5097 ) ;
#4721 = EDGE_CURVE ( 'NONE', #3059, #1861, #1121, .T. ) ;
#4722 = CARTESIAN_POINT ( 'NONE',  ( 2.900000000009999912, 0.000000000000000000, -2.750000000000000000 ) ) ;
#4723 = EDGE_LOOP ( 'NONE', ( #1194, #3265, #1552, #3859, #633, #1337 ) ) ;
#4724 = STYLED_ITEM ( 'NONE', ( #877 ), #4443 ) ;
#4725 = CARTESIAN_POINT ( 'NONE',  ( -3.500000000000000000, -5.280000000000000249, 4.873397172404000166 ) ) ;
#4726 = AXIS2_PLACEMENT_3D ( 'NONE', #1456, #4584, #977 ) ;
#4727 = CARTESIAN_POINT ( 'NONE',  ( -4.236874791615571567, 7.628578643768046064, -1.516209748062511187 ) ) ;
#4728 = ORIENTED_EDGE ( 'NONE', *, *, #1637, .F. ) ;
#4729 = VECTOR ( 'NONE', #4742, 1000.000000000000000 ) ;
#4730 = EDGE_CURVE ( 'NONE', #2497, #2090, #916, .T. ) ;
#4731 = CARTESIAN_POINT ( 'NONE',  ( -1.049999999783114202, -4.280000000006669580, -5.907410600293114378 ) ) ;
#4732 = CARTESIAN_POINT ( 'NONE',  ( -2.250000000000000444, -5.129999960901075795, -5.073460314712027852 ) ) ;
#4733 = FACE_OUTER_BOUND ( 'NONE', #2432, .T. ) ;
#4734 = CIRCLE ( 'NONE', #3121, 0.7499999999999997780 ) ;
#4735 = DIRECTION ( 'NONE',  ( -0.000000000000000000, 0.000000000000000000, 1.000000000000000000 ) ) ;
#4736 = LINE ( 'NONE', #3432, #3264 ) ;
#4737 = EDGE_LOOP ( 'NONE', ( #2126, #3025, #3080, #3740 ) ) ;
#4738 = ORIENTED_EDGE ( 'NONE', *, *, #932, .T. ) ;
#4739 = FACE_OUTER_BOUND ( 'NONE', #2200, .T. ) ;
#4740 = ORIENTED_EDGE ( 'NONE', *, *, #4339, .F. ) ;
#4741 = LINE ( 'NONE', #1119, #3619 ) ;
#4742 = DIRECTION ( 'NONE',  ( 1.000000000000000000, 0.000000000000000000, -0.000000000000000000 ) ) ;
#4743 = CARTESIAN_POINT ( 'NONE',  ( -1.178984578423459828, 0.5052413503082961999, 4.651604810024684511 ) ) ;
#4744 = AXIS2_PLACEMENT_3D ( 'NONE', #4227, #1494, #587 ) ;
#4745 = CARTESIAN_POINT ( 'NONE',  ( 0.000000000000000000, -3.544999999999999929, 0.000000000000000000 ) ) ;
#4746 = EDGE_CURVE ( 'NONE', #3035, #4129, #5163, .T. ) ;
#4747 = VECTOR ( 'NONE', #3251, 1000.000000000000000 ) ;
#4748 = CARTESIAN_POINT ( 'NONE',  ( -1.516209749324754830, 7.628578643768046064, 4.236874791163865339 ) ) ;
#4749 = ORIENTED_EDGE ( 'NONE', *, *, #3228, .F. ) ;
#4750 = LINE ( 'NONE', #3215, #4998 ) ;
#4751 = VECTOR ( 'NONE', #5101, 1000.000000000000227 ) ;
#4752 = B_SPLINE_CURVE_WITH_KNOTS ( 'NONE', 3,
 ( #4205, #3702, #4991, #564 ),
 .UNSPECIFIED., .F., .F.,
 ( 4, 4 ),
 ( 1.393728320783280361E-14, 0.0006604866804192658031 ),
 .UNSPECIFIED. ) ;
#4753 = MECHANICAL_DESIGN_GEOMETRIC_PRESENTATION_REPRESENTATION (  '', ( #4080 ), #344 ) ;
#4754 = CARTESIAN_POINT ( 'NONE',  ( -4.949999997461470791, -5.130000003221649507, 2.509980091650092948 ) ) ;
#4755 = ORIENTED_EDGE ( 'NONE', *, *, #2537, .F. ) ;
#4756 = DIRECTION ( 'NONE',  ( 0.000000000000000000, 0.000000000000000000, 1.000000000000000000 ) ) ;
#4757 = CYLINDRICAL_SURFACE ( 'NONE', #4447, 0.2999999999999999334 ) ;
#4758 = FACE_OUTER_BOUND ( 'NONE', #4024, .T. ) ;
#4759 = VECTOR ( 'NONE', #4183, 1000.000000000000000 ) ;
#4760 = AXIS2_PLACEMENT_3D ( 'NONE', #1667, #2499, #1762 ) ;
#4761 = CARTESIAN_POINT ( 'NONE',  ( -2.899999999999999911, -10.13000000000000256, -2.750000000000000000 ) ) ;
#4762 = DIRECTION ( 'NONE',  ( 0.000000000000000000, -1.000000000000000000, -0.000000000000000000 ) ) ;
#4763 = ORIENTED_EDGE ( 'NONE', *, *, #4585, .T. ) ;
#4764 = ORIENTED_EDGE ( 'NONE', *, *, #1098, .T. ) ;
#4765 = UNCERTAINTY_MEASURE_WITH_UNIT (LENGTH_MEASURE( 1.000000000000000082E-05 ), #3712, 'distance_accuracy_value', 'NONE');
#4766 = DIRECTION ( 'NONE',  ( 0.000000000000000000, -1.000000000000000000, 0.000000000000000000 ) ) ;
#4767 = ORIENTED_EDGE ( 'NONE', *, *, #630, .T. ) ;
#4768 = ORIENTED_EDGE ( 'NONE', *, *, #2905, .T. ) ;
#4769 = LINE ( 'NONE', #1436, #4051 ) ;
#4770 = EDGE_CURVE ( 'NONE', #3799, #2426, #1196, .T. ) ;
#4771 = CARTESIAN_POINT ( 'NONE',  ( -1.207821209133616902, 0.5357590895494594996, 4.614474422505057127 ) ) ;
#4772 = CARTESIAN_POINT ( 'NONE',  ( -1.550000000000000266, 0.6699999999999993738, 4.147505085830999860 ) ) ;
#4773 = VECTOR ( 'NONE', #1834, 1000.000000000000000 ) ;
#4774 = CARTESIAN_POINT ( 'NONE',  ( 2.249999999999217959, -2.794780673669696736, 4.521061822183316536 ) ) ;
#4775 = CARTESIAN_POINT ( 'NONE',  ( 0.7178940572161801592, -4.280000000003335359, 5.452946737555181222 ) ) ;
#4776 = VERTEX_POINT ( 'NONE', #2862 ) ;
#4777 = CARTESIAN_POINT ( 'NONE',  ( 6.110987527745293517E-16, -4.280000000000000249, 4.990000000000000213 ) ) ;
#4778 = FACE_OUTER_BOUND ( 'NONE', #507, .T. ) ;
#4779 = B_SPLINE_CURVE_WITH_KNOTS ( 'NONE', 3,
 ( #545, #2908, #2161, #2526, #1374, #2135 ),
 .UNSPECIFIED., .F., .F.,
 ( 4, 2, 4 ),
 ( 1.678274926586774370E-10, 0.0003956651836559215937, 0.0007913301994843505074 ),
 .UNSPECIFIED. ) ;
#4780 = ORIENTED_EDGE ( 'NONE', *, *, #4689, .F. ) ;
#4781 = AXIS2_PLACEMENT_3D ( 'NONE', #1769, #2934, #1026 ) ;
#4782 = CARTESIAN_POINT ( 'NONE',  ( -1.550000000005009149, 0.6700000000024999292, 5.796335048975729265 ) ) ;
#4783 = DIRECTION ( 'NONE',  ( 0.000000000000000000, -1.000000000000000000, -0.000000000000000000 ) ) ;
#4784 = EDGE_CURVE ( 'NONE', #3324, #1228, #2953, .T. ) ;
#4785 = EDGE_CURVE ( 'NONE', #171, #355, #1274, .T. ) ;
#4786 = LINE ( 'NONE', #2615, #2694 ) ;
#4787 = DIRECTION ( 'NONE',  ( 0.000000000000000000, 0.000000000000000000, 1.000000000000000000 ) ) ;
#4788 = VECTOR ( 'NONE', #2338, 1000.000000000000000 ) ;
#4789 = DIRECTION ( 'NONE',  ( 0.000000000000000000, 0.000000000000000000, -1.000000000000000000 ) ) ;
#4790 = CARTESIAN_POINT ( 'NONE',  ( 0.000000000000000000, -4.280000000000000249, 0.000000000000000000 ) ) ;
#4791 = ORIENTED_EDGE ( 'NONE', *, *, #2147, .T. ) ;
#4792 = ORIENTED_EDGE ( 'NONE', *, *, #3064, .T. ) ;
#4793 = EDGE_CURVE ( 'NONE', #1222, #2441, #4734, .T. ) ;
#4794 = DIRECTION ( 'NONE',  ( -1.000000000000000000, 0.000000000000000000, 0.000000000000000000 ) ) ;
#4795 = VERTEX_POINT ( 'NONE', #389 ) ;
#4796 = ORIENTED_EDGE ( 'NONE', *, *, #337, .F. ) ;
#4797 = CARTESIAN_POINT ( 'NONE',  ( 0.000000000000000000, -5.130000000009999894, 3.700000000000000178 ) ) ;
#4798 = DIRECTION ( 'NONE',  ( -1.000000000000000000, 0.000000000000000000, 0.000000000000000000 ) ) ;
#4799 = VERTEX_POINT ( 'NONE', #3603 ) ;
#4800 = DIRECTION ( 'NONE',  ( 0.1305261922201009783, 0.000000000000000000, 0.9914448613738038318 ) ) ;
#4801 = CARTESIAN_POINT ( 'NONE',  ( 0.000000000000000000, -5.130000000065138011, 0.000000000000000000 ) ) ;
#4802 = CARTESIAN_POINT ( 'NONE',  ( -1.057596481332522487, 0.2568246277600931826, 4.805065671720680776 ) ) ;
#4803 = VERTEX_POINT ( 'NONE', #4052 ) ;
#4804 = DIRECTION ( 'NONE',  ( 0.000000000000000000, 0.000000000000000000, 1.000000000000000000 ) ) ;
#4805 = CARTESIAN_POINT ( 'NONE',  ( -1.482517668745484851, 7.669999999999999929, 4.142726119330889745 ) ) ;
#4806 = ORIENTED_EDGE ( 'NONE', *, *, #1874, .T. ) ;
#4807 = EDGE_CURVE ( 'NONE', #3845, #443, #784, .T. ) ;
#4808 = CARTESIAN_POINT ( 'NONE',  ( 2.500000000000000000, 0.000000000000000000, 2.250000000000000444 ) ) ;
#4809 = CARTESIAN_POINT ( 'NONE',  ( -3.200000000005000178, -2.580000000006669847, -3.906724971119415191 ) ) ;
#4810 = AXIS2_PLACEMENT_3D ( 'NONE', #2435, #3213, #1675 ) ;
#4811 = CARTESIAN_POINT ( 'NONE',  ( 0.000000000000000000, -4.079999983900961524, 0.000000000000000000 ) ) ;
#4812 = LINE ( 'NONE', #2828, #816 ) ;
#4813 = AXIS2_PLACEMENT_3D ( 'NONE', #5090, #1379, #5005 ) ;
#4814 = CARTESIAN_POINT ( 'NONE',  ( 3.200000000000000178, -2.580000000000000071, -5.075431016179808630 ) ) ;
#4815 = AXIS2_PLACEMENT_3D ( 'NONE', #1509, #3047, #5125 ) ;
#4816 = CARTESIAN_POINT ( 'NONE',  ( 6.019916217679034053E-16, -2.580000517241387570, 4.841269281253911316 ) ) ;
#4817 = ORIENTED_EDGE ( 'NONE', *, *, #4344, .T. ) ;
#4818 = ORIENTED_EDGE ( 'NONE', *, *, #2644, .T. ) ;
#4819 = EDGE_CURVE ( 'NONE', #1467, #3605, #34, .T. ) ;
#4820 = CIRCLE ( 'NONE', #236, 0.7499999999999997780 ) ;
#4821 = CARTESIAN_POINT ( 'NONE',  ( -0.03560964736132719854, -6.629999999999997229, -1.666776941989630334 ) ) ;
#4822 = EDGE_CURVE ( 'NONE', #5229, #2467, #4565, .T. ) ;
#4823 = UNCERTAINTY_MEASURE_WITH_UNIT (LENGTH_MEASURE( 1.000000000000000082E-05 ), #3411, 'distance_accuracy_value', 'NONE');
#4824 = DIRECTION ( 'NONE',  ( 1.000000000000000000, 0.000000000000000000, 0.000000000000000000 ) ) ;
#4825 = ORIENTED_EDGE ( 'NONE', *, *, #2450, .T. ) ;
#4826 = ORIENTED_EDGE ( 'NONE', *, *, #1741, .T. ) ;
#4827 = DIRECTION ( 'NONE',  ( 0.000000000000000000, -0.000000000000000000, -1.000000000000000000 ) ) ;
#4828 = CARTESIAN_POINT ( 'NONE',  ( -1.465339215860667954, 0.6700000000000002620, 4.269524124086713890 ) ) ;
#4829 = ORIENTED_EDGE ( 'NONE', *, *, #2196, .F. ) ;
#4830 = CARTESIAN_POINT ( 'NONE',  ( 0.000000000000000000, -0.4800000028239992389, 0.000000000000000000 ) ) ;
#4831 = CARTESIAN_POINT ( 'NONE',  ( 2.250000000000000444, -2.880000000003875016, 4.521061822185442836 ) ) ;
#4832 = CARTESIAN_POINT ( 'NONE',  ( -1.049999998513815758, -0.08000000000000000167, 5.907410600518723243 ) ) ;
#4833 = ORIENTED_EDGE ( 'NONE', *, *, #2906, .F. ) ;
#4834 = CARTESIAN_POINT ( 'NONE',  ( 0.6663287538733941862, -6.629999999999999005, -3.733239104283303522 ) ) ;
#4835 = CARTESIAN_POINT ( 'NONE',  ( 1.550000000006490408, 0.6700000000024999292, -5.796335048975333137 ) ) ;
#4836 = VERTEX_POINT ( 'NONE', #5203 ) ;
#4837 = CARTESIAN_POINT ( 'NONE',  ( -0.3465540093747710437, -6.629999999999999005, -4.236434954897411842 ) ) ;
#4838 = CARTESIAN_POINT ( 'NONE',  ( -1.050000000000000044, 0.1699954681026570324, -4.822401593559225041 ) ) ;
#4839 = DIRECTION ( 'NONE',  ( 1.000000000000000000, 0.000000000000000000, 0.000000000000000000 ) ) ;
#4840 = CIRCLE ( 'NONE', #2542, 0.1999999999999999833 ) ;
#4841 = CARTESIAN_POINT ( 'NONE',  ( 1.057596467991446243, 0.2568244764694400661, -4.805065701461902705 ) ) ;
#4842 = EDGE_CURVE ( 'NONE', #3781, #4427, #2021, .T. ) ;
#4843 = EDGE_CURVE ( 'NONE', #1403, #5238, #2454, .T. ) ;
#4844 = CARTESIAN_POINT ( 'NONE',  ( 3.120000000000000551, -5.129999999999999893, -0.5400000000066671468 ) ) ;
#4845 = CYLINDRICAL_SURFACE ( 'NONE', #458, 0.5000000000000000000 ) ;
#4846 = ORIENTED_EDGE ( 'NONE', *, *, #3027, .F. ) ;
#4847 = ORIENTED_EDGE ( 'NONE', *, *, #2450, .F. ) ;
#4848 = AXIS2_PLACEMENT_3D ( 'NONE', #518, #489, #3753 ) ;
#4849 = DIRECTION ( 'NONE',  ( -0.9701425001453378716, -0.2425356250363089605, 0.000000000000000000 ) ) ;
#4850 = DIRECTION ( 'NONE',  ( 0.000000000000000000, 0.000000000000000000, 1.000000000000000000 ) ) ;
#4851 = EDGE_LOOP ( 'NONE', ( #3806, #3659, #2677, #1510, #724, #2060 ) ) ;
#4852 = ORIENTED_EDGE ( 'NONE', *, *, #2031, .F. ) ;
#4853 = FACE_OUTER_BOUND ( 'NONE', #4583, .T. ) ;
#4854 = EDGE_CURVE ( 'NONE', #4427, #3992, #765, .T. ) ;
#4855 = EDGE_CURVE ( 'NONE', #1335, #2323, #4460, .T. ) ;
#4856 = CARTESIAN_POINT ( 'NONE',  ( -2.476786144312224547, -2.579999999998444427, -4.401729790142683285 ) ) ;
#4857 = ORIENTED_EDGE ( 'NONE', *, *, #5145, .T. ) ;
#4858 = DIRECTION ( 'NONE',  ( -0.000000000000000000, -1.000000000000000000, -0.000000000000000000 ) ) ;
#4859 = CARTESIAN_POINT ( 'NONE',  ( 2.275282818172960297, -4.617815344528597876, -4.509048576585018786 ) ) ;
#4860 = CARTESIAN_POINT ( 'NONE',  ( -2.900000000006670131, 0.000000000000000000, 2.250000000000000444 ) ) ;
#4861 = EDGE_CURVE ( 'NONE', #1357, #4862, #2521, .T. ) ;
#4862 = VERTEX_POINT ( 'NONE', #1251 ) ;
#4863 = DIRECTION ( 'NONE',  ( 0.000000000000000000, 1.000000000000000000, 0.000000000000000000 ) ) ;
#4864 = LINE ( 'NONE', #1235, #855 ) ;
#4865 = ORIENTED_EDGE ( 'NONE', *, *, #4457, .F. ) ;
#4866 = CARTESIAN_POINT ( 'NONE',  ( -0.6433320041540518952, -3.580000000002950156, -4.886591716398971386 ) ) ;
#4867 = CARTESIAN_POINT ( 'NONE',  ( 0.6433320041535988132, -3.580000000003360050, -4.886591716395529694 ) ) ;
#4868 = VECTOR ( 'NONE', #4783, 1000.000000000000000 ) ;
#4869 = FACE_OUTER_BOUND ( 'NONE', #4737, .T. ) ;
#4870 = DIRECTION ( 'NONE',  ( 0.000000000000000000, -1.000000000000000000, -0.000000000000000000 ) ) ;
#4871 = FACE_OUTER_BOUND ( 'NONE', #5174, .T. ) ;
#4872 = VERTEX_POINT ( 'NONE', #4878 ) ;
#4873 = ORIENTED_EDGE ( 'NONE', *, *, #2312, .T. ) ;
#4874 = CARTESIAN_POINT ( 'NONE',  ( 1.712867419936629165, 0.5068243367075523365, 4.565240689560261522 ) ) ;
#4875 = CIRCLE ( 'NONE', #1660, 1.750000000000000000 ) ;
#4876 = CARTESIAN_POINT ( 'NONE',  ( 0.000000000000000000, 0.2568244124350671509, -4.920077959474955520 ) ) ;
#4877 = ORIENTED_EDGE ( 'NONE', *, *, #5180, .F. ) ;
#4878 = CARTESIAN_POINT ( 'NONE',  ( 1.050000000000000044, -0.4800000486051412274, 4.939635605928308415 ) ) ;
#4879 = ORIENTED_EDGE ( 'NONE', *, *, #1679, .T. ) ;
#4880 = EDGE_CURVE ( 'NONE', #1209, #4902, #3249, .T. ) ;
#4881 = DIRECTION ( 'NONE',  ( -0.000000000000000000, -1.000000000000000000, -0.000000000000000000 ) ) ;
#4882 = CARTESIAN_POINT ( 'NONE',  ( -1.049999954242067490, 0.1991481916490771553, 4.817140902672185199 ) ) ;
#4883 = VECTOR ( 'NONE', #1907, 1000.000000000000000 ) ;
#4884 = ORIENTED_EDGE ( 'NONE', *, *, #3027, .T. ) ;
#4885 = DIRECTION ( 'NONE',  ( -0.000000000000000000, -1.000000000000000000, -0.000000000000000000 ) ) ;
#4886 = CARTESIAN_POINT ( 'NONE',  ( 1.550000000000000266, 0.1700000000000000122, 4.145714231942999817 ) ) ;
#4887 = EDGE_CURVE ( 'NONE', #2138, #4368, #4430, .T. ) ;
#4888 = ORIENTED_EDGE ( 'NONE', *, *, #1191, .F. ) ;
#4889 = CARTESIAN_POINT ( 'NONE',  ( -3.500000005196894914, -0.08000000000000000167, -4.873397168672150670 ) ) ;
#4890 = DIRECTION ( 'NONE',  ( 0.000000000000000000, -1.000000000000000000, 0.000000000000000000 ) ) ;
#4891 = CARTESIAN_POINT ( 'NONE',  ( -2.200000000000000178, -9.730000000000000426, 2.500000000000000000 ) ) ;
#4892 = DIRECTION ( 'NONE',  ( 0.000000000000000000, 0.000000000000000000, -1.000000000000000000 ) ) ;
#4893 = DIRECTION ( 'NONE',  ( -0.000000000000000000, 0.000000000000000000, 1.000000000000000000 ) ) ;
#4894 = EDGE_CURVE ( 'NONE', #452, #5058, #5259, .T. ) ;
#4895 = VERTEX_POINT ( 'NONE', #3234 ) ;
#4896 = CARTESIAN_POINT ( 'NONE',  ( 2.300000000004307932, -10.13000000000490886, -2.750000000005002665 ) ) ;
#4897 = DIRECTION ( 'NONE',  ( -0.000000000000000000, 1.000000000000000000, -0.000000000000000000 ) ) ;
#4898 =( GEOMETRIC_REPRESENTATION_CONTEXT ( 3 ) GLOBAL_UNCERTAINTY_ASSIGNED_CONTEXT ( ( #3598 ) ) GLOBAL_UNIT_ASSIGNED_CONTEXT ( ( #2626, #2760, #1492 ) ) REPRESENTATION_CONTEXT ( 'NONE', 'WORKASPACE' ) );
#4899 = SURFACE_STYLE_FILL_AREA ( #5200 ) ;
#4900 = ORIENTED_EDGE ( 'NONE', *, *, #618, .F. ) ;
#4901 = DIRECTION ( 'NONE',  ( -0.000000000000000000, 1.000000000000000000, -0.000000000000000000 ) ) ;
#4902 = VERTEX_POINT ( 'NONE', #3261 ) ;
#4903 = CARTESIAN_POINT ( 'NONE',  ( 0.000000000000000000, -4.280000000000000249, 0.000000000000000000 ) ) ;
#4904 = DIRECTION ( 'NONE',  ( 0.000000000000000000, -1.000000000000000000, -0.000000000000000000 ) ) ;
#4905 = ORIENTED_EDGE ( 'NONE', *, *, #3290, .T. ) ;
#4906 = CARTESIAN_POINT ( 'NONE',  ( -0.4119634183371764791, -6.547157287530735559, -2.932727244825000579 ) ) ;
#4907 = ADVANCED_FACE ( 'NONE', ( #4853 ), #1803, .F. ) ;
#4908 = DIRECTION ( 'NONE',  ( 0.000000000000000000, 0.000000000000000000, -1.000000000000000000 ) ) ;
#4909 = ORIENTED_EDGE ( 'NONE', *, *, #1746, .T. ) ;
#4910 = DIRECTION ( 'NONE',  ( 0.000000000000000000, -1.000000000000000000, -0.000000000000000000 ) ) ;
#4911 = CARTESIAN_POINT ( 'NONE',  ( -1.550000000010000045, 0.6700000000000000400, 0.000000000000000000 ) ) ;
#4912 = DIRECTION ( 'NONE',  ( 0.2425356250363089605, -0.9701425001453378716, 0.000000000000000000 ) ) ;
#4913 = CARTESIAN_POINT ( 'NONE',  ( 2.899999999999999911, -10.13000000000000256, 2.750000000000000000 ) ) ;
#4914 = DIRECTION ( 'NONE',  ( 0.000000000000000000, -1.000000000000000000, 0.000000000000000000 ) ) ;
#4915 = ORIENTED_EDGE ( 'NONE', *, *, #1288, .F. ) ;
#4916 = PLANE ( 'NONE',  #4594 ) ;
#4917 = VECTOR ( 'NONE', #2522, 1000.000000000000114 ) ;
#4918 = DIRECTION ( 'NONE',  ( -0.000000000000000000, -1.000000000000000000, -0.000000000000000000 ) ) ;
#4919 = CARTESIAN_POINT ( 'NONE',  ( 3.029999999999999805, -5.129999999999999893, -0.9200000000000000400 ) ) ;
#4920 = AXIS2_PLACEMENT_3D ( 'NONE', #3173, #4794, #1976 ) ;
#4921 = ORIENTED_EDGE ( 'NONE', *, *, #4203, .T. ) ;
#4922 = ORIENTED_EDGE ( 'NONE', *, *, #3450, .T. ) ;
#4923 = DIRECTION ( 'NONE',  ( 0.000000000000000000, -1.000000000000000000, -0.000000000000000000 ) ) ;
#4924 = VECTOR ( 'NONE', #870, 999.9999999999998863 ) ;
#4925 = ORIENTED_EDGE ( 'NONE', *, *, #4198, .T. ) ;
#4926 = DIRECTION ( 'NONE',  ( -0.000000000000000000, 1.000000000000000000, -0.000000000000000000 ) ) ;
#4927 = DIRECTION ( 'NONE',  ( -4.440892098500625373E-15, 0.000000000000000000, 1.000000000000000000 ) ) ;
#4928 = EDGE_CURVE ( 'NONE', #3917, #3479, #4189, .T. ) ;
#4929 = LINE ( 'NONE', #1411, #576 ) ;
#4930 = ORIENTED_EDGE ( 'NONE', *, *, #1774, .T. ) ;
#4931 = DIRECTION ( 'NONE',  ( 0.000000000000000000, -1.000000000000000000, -0.000000000000000000 ) ) ;
#4932 = CARTESIAN_POINT ( 'NONE',  ( -0.5775011336674812368, 0.6700000073433027836, -4.787196716363192550 ) ) ;
#4933 = EDGE_LOOP ( 'NONE', ( #4307, #763, #2065, #4709 ) ) ;
#4934 = CARTESIAN_POINT ( 'NONE',  ( -0.02222375129590833248, -6.629999999999999893, -4.249550821015070312 ) ) ;
#4935 = CARTESIAN_POINT ( 'NONE',  ( 0.000000000000000000, -4.280000003177519829, 0.000000000000000000 ) ) ;
#4936 = CIRCLE ( 'NONE', #1720, 5.049999999999999822 ) ;
#4937 = CARTESIAN_POINT ( 'NONE',  ( 3.500000000000000000, -2.879997733940450111, -4.873397172404000166 ) ) ;
#4938 = CARTESIAN_POINT ( 'NONE',  ( 2.143131898507868297E-16, -5.080000000000000071, -1.750000000000000000 ) ) ;
#4939 = EDGE_LOOP ( 'NONE', ( #872, #2241, #154, #4749 ) ) ;
#4940 = AXIS2_PLACEMENT_3D ( 'NONE', #5272, #833, #2051 ) ;
#4941 = ORIENTED_EDGE ( 'NONE', *, *, #3748, .T. ) ;
#4942 = EDGE_CURVE ( 'NONE', #1335, #2173, #3784, .T. ) ;
#4943 = ADVANCED_FACE ( 'NONE', ( #3412 ), #2967, .F. ) ;
#4944 = DIRECTION ( 'NONE',  ( 1.065814103640150121E-14, 0.000000000000000000, 1.000000000000000000 ) ) ;
#4945 = CARTESIAN_POINT ( 'NONE',  ( 5.510910596163089556E-16, 0.6700000000000000400, 4.500000000000000888 ) ) ;
#4946 = ORIENTED_EDGE ( 'NONE', *, *, #4855, .F. ) ;
#4947 = EDGE_CURVE ( 'NONE', #224, #3051, #2783, .T. ) ;
#4948 = ORIENTED_EDGE ( 'NONE', *, *, #3263, .F. ) ;
#4949 = AXIS2_PLACEMENT_3D ( 'NONE', #5223, #2, #3593 ) ;
#4950 = CARTESIAN_POINT ( 'NONE',  ( -1.050000000000000044, -4.280000000006668692, -5.907410600254999977 ) ) ;
#4951 = AXIS2_PLACEMENT_3D ( 'NONE', #4808, #2794, #777 ) ;
#4952 = ORIENTED_EDGE ( 'NONE', *, *, #4630, .F. ) ;
#4953 = DIRECTION ( 'NONE',  ( -0.000000000000000000, 1.000000000000000000, -0.000000000000000000 ) ) ;
#4954 = DIRECTION ( 'NONE',  ( 0.000000000000000000, 0.000000000000000000, 1.000000000000000000 ) ) ;
#4955 = CARTESIAN_POINT ( 'NONE',  ( -5.400000000000156675, -0.08000000000000000167, 2.615339366124080911 ) ) ;
#4956 = VERTEX_POINT ( 'NONE', #1776 ) ;
#4957 = CARTESIAN_POINT ( 'NONE',  ( 0.000000000000000000, -0.08000000000000000167, -6.000000000000000000 ) ) ;
#4958 = ORIENTED_EDGE ( 'NONE', *, *, #1537, .T. ) ;
#4959 = CARTESIAN_POINT ( 'NONE',  ( 2.250000000000000444, -4.589838732285295819, 4.521061822185443724 ) ) ;
#4960 = VECTOR ( 'NONE', #4318, 1000.000000000000000 ) ;
#4961 = ORIENTED_EDGE ( 'NONE', *, *, #1489, .T. ) ;
#4962 = LINE ( 'NONE', #4572, #4559 ) ;
#4963 = DIRECTION ( 'NONE',  ( 1.000000000000000000, 0.000000000000000000, 0.000000000000000000 ) ) ;
#4964 = CARTESIAN_POINT ( 'NONE',  ( 0.000000000000000000, -4.080000000010000072, -5.500000032314434684 ) ) ;
#4965 = ADVANCED_FACE ( 'NONE', ( #3358 ), #1717, .T. ) ;
#4966 = ORIENTED_EDGE ( 'NONE', *, *, #3829, .F. ) ;
#4967 = CARTESIAN_POINT ( 'NONE',  ( 2.100000000010000090, -9.330000000029960106, 2.750000000000000000 ) ) ;
#4968 = FACE_OUTER_BOUND ( 'NONE', #558, .T. ) ;
#4969 = CARTESIAN_POINT ( 'NONE',  ( 0.000000000000000000, -6.430000000009999717, 3.700000000000000178 ) ) ;
#4970 = ADVANCED_FACE ( 'NONE', ( #3333 ), #5034, .F. ) ;
#4971 = DIRECTION ( 'NONE',  ( -0.3369354995055868218, 0.000000000000000000, 0.9415277314943626408 ) ) ;
#4972 = CARTESIAN_POINT ( 'NONE',  ( 0.000000000000000000, -4.280000003177519829, -4.989999964280400491 ) ) ;
#4973 = EDGE_CURVE ( 'NONE', #3781, #3720, #1349, .T. ) ;
#4974 = ORIENTED_EDGE ( 'NONE', *, *, #2471, .F. ) ;
#4975 = ORIENTED_EDGE ( 'NONE', *, *, #1313, .T. ) ;
#4976 = EDGE_CURVE ( 'NONE', #3035, #1113, #1406, .T. ) ;
#4977 = DIRECTION ( 'NONE',  ( 0.000000000000000000, 0.000000000000000000, 1.000000000000000000 ) ) ;
#4978 = VERTEX_POINT ( 'NONE', #4586 ) ;
#4979 =( GEOMETRIC_REPRESENTATION_CONTEXT ( 3 ) GLOBAL_UNCERTAINTY_ASSIGNED_CONTEXT ( ( #3172 ) ) GLOBAL_UNIT_ASSIGNED_CONTEXT ( ( #3363, #926, #1332 ) ) REPRESENTATION_CONTEXT ( 'NONE', 'WORKASPACE' ) );
#4980 = CARTESIAN_POINT ( 'NONE',  ( -2.100000000010000534, 0.000000000000000000, -2.750000000000000000 ) ) ;
#4981 = CARTESIAN_POINT ( 'NONE',  ( 1.550000000009999379, 0.6699999999999998179, -4.147505116722029150 ) ) ;
#4982 = AXIS2_PLACEMENT_3D ( 'NONE', #3994, #360, #2813 ) ;
#4983 = ORIENTED_EDGE ( 'NONE', *, *, #3998, .T. ) ;
#4984 = CARTESIAN_POINT ( 'NONE',  ( 0.7490685850982471417, -6.547157287530735559, -3.737366493147252111 ) ) ;
#4985 = EDGE_CURVE ( 'NONE', #1254, #3115, #2269, .T. ) ;
#4986 = ORIENTED_EDGE ( 'NONE', *, *, #1256, .F. ) ;
#4987 = CARTESIAN_POINT ( 'NONE',  ( 1.567785774643853269, 0.6699999999999997069, -4.140814709461263732 ) ) ;
#4988 = EDGE_LOOP ( 'NONE', ( #3944, #2163, #1918, #2482 ) ) ;
#4989 = LINE ( 'NONE', #508, #2352 ) ;
#4990 = DIRECTION ( 'NONE',  ( 0.000000000000000000, 0.000000000000000000, 1.000000000000000000 ) ) ;
#4991 = CARTESIAN_POINT ( 'NONE',  ( 1.050000000000000044, -0.2633300892159799456, -4.900577251860550376 ) ) ;
#4992 = ORIENTED_EDGE ( 'NONE', *, *, #3865, .F. ) ;
#4993 = CARTESIAN_POINT ( 'NONE',  ( -3.200000000004956657, -2.580000000002499849, -5.075431016176683130 ) ) ;
#4994 = CARTESIAN_POINT ( 'NONE',  ( -4.349999999999999645, -2.580000000000000071, 0.000000000000000000 ) ) ;
#4995 = CARTESIAN_POINT ( 'NONE',  ( 0.4203746052252879117, -6.629999999999999893, 4.350702708073939995 ) ) ;
#4996 = EDGE_CURVE ( 'NONE', #2040, #4453, #4820, .T. ) ;
#4997 = ADVANCED_FACE ( 'NONE', ( #4642 ), #2480, .T. ) ;
#4998 = VECTOR ( 'NONE', #2438, 1000.000000000000000 ) ;
#4999 = DIRECTION ( 'NONE',  ( 0.9415277314943627518, 0.000000000000000000, 0.3369354995055870439 ) ) ;
#5000 = DIRECTION ( 'NONE',  ( -0.000000000000000000, 1.000000000000000000, -0.000000000000000000 ) ) ;
#5001 = VECTOR ( 'NONE', #1241, 1000.000000000000000 ) ;
#5002 = ORIENTED_EDGE ( 'NONE', *, *, #1608, .T. ) ;
#5003 = EDGE_LOOP ( 'NONE', ( #1905, #1642, #3704, #4020, #3168, #3735, #882, #2671 ) ) ;
#5004 = ADVANCED_FACE ( 'NONE', ( #2504 ), #2939, .F. ) ;
#5005 = DIRECTION ( 'NONE',  ( 0.000000000000000000, 0.000000000000000000, 1.000000000000000000 ) ) ;
#5006 = CARTESIAN_POINT ( 'NONE',  ( 0.000000000000000000, 0.7624999999999999556, 0.000000000000000000 ) ) ;
#5007 = AXIS2_PLACEMENT_3D ( 'NONE', #3446, #4222, #662 ) ;
#5008 = B_SPLINE_CURVE_WITH_KNOTS ( 'NONE', 3,
 ( #5161, #3931, #5186, #723 ),
 .UNSPECIFIED., .F., .F.,
 ( 4, 4 ),
 ( 8.122258001736601298E-13, 0.0007434702467232854467 ),
 .UNSPECIFIED. ) ;
#5009 = AXIS2_PLACEMENT_3D ( 'NONE', #4475, #2899, #4526 ) ;
#5010 = ORIENTED_EDGE ( 'NONE', *, *, #1250, .T. ) ;
#5011 =( NAMED_UNIT ( * ) PLANE_ANGLE_UNIT ( ) SI_UNIT ( $, .RADIAN. ) );
#5012 = DIRECTION ( 'NONE',  ( 0.000000000000000000, 0.000000000000000000, 1.000000000000000000 ) ) ;
#5013 = ADVANCED_FACE ( 'NONE', ( #1301 ), #950, .F. ) ;
#5014 = EDGE_CURVE ( 'NONE', #2309, #2883, #5253, .T. ) ;
#5015 = VECTOR ( 'NONE', #2084, 1000.000000000000000 ) ;
#5016 = CARTESIAN_POINT ( 'NONE',  ( -2.250000000000000444, -5.129999961360829808, -5.562148865322000368 ) ) ;
#5017 = AXIS2_PLACEMENT_3D ( 'NONE', #3361, #900, #4542 ) ;
#5018 = ORIENTED_EDGE ( 'NONE', *, *, #416, .F. ) ;
#5019 = DIRECTION ( 'NONE',  ( 0.2210526315784516471, 0.000000000000000000, 0.9752618797390992800 ) ) ;
#5020 = VERTEX_POINT ( 'NONE', #922 ) ;
#5021 = CARTESIAN_POINT ( 'NONE',  ( -3.461822383118380309, -6.430000000010000605, 1.824359007403764554 ) ) ;
#5022 = EDGE_LOOP ( 'NONE', ( #374, #3278 ) ) ;
#5023 = EDGE_CURVE ( 'NONE', #1437, #355, #2531, .T. ) ;
#5024 = SURFACE_SIDE_STYLE ('',( #3399 ) ) ;
#5025 = FACE_OUTER_BOUND ( 'NONE', #3773, .T. ) ;
#5026 = ORIENTED_EDGE ( 'NONE', *, *, #1599, .T. ) ;
#5027 = CARTESIAN_POINT ( 'NONE',  ( 0.6433320030728787442, -3.579999997359892827, -4.886591708182071336 ) ) ;
#5028 = CARTESIAN_POINT ( 'NONE',  ( 0.5654889490490216941, -6.629999999999999893, 3.996790145983574405 ) ) ;
#5029 = LINE ( 'NONE', #465, #5015 ) ;
#5030 = AXIS2_PLACEMENT_3D ( 'NONE', #3839, #1036, #3200 ) ;
#5031 = PLANE ( 'NONE',  #3006 ) ;
#5032 = EDGE_LOOP ( 'NONE', ( #2811, #1377, #3100, #4343, #2351 ) ) ;
#5033 = ORIENTED_EDGE ( 'NONE', *, *, #638, .F. ) ;
#5034 = CYLINDRICAL_SURFACE ( 'NONE', #1100, 5.049999999999999822 ) ;
#5035 = ORIENTED_EDGE ( 'NONE', *, *, #1061, .F. ) ;
#5036 = VECTOR ( 'NONE', #168, 1000.000000000000000 ) ;
#5037 = DIRECTION ( 'NONE',  ( 1.000000000000000000, 0.000000000000000000, 0.000000000000000000 ) ) ;
#5038 = CARTESIAN_POINT ( 'NONE',  ( 3.132399991701422248, -6.629999999999999005, 1.483431930393264597 ) ) ;
#5039 = CARTESIAN_POINT ( 'NONE',  ( 3.120000000000000551, -5.129999999999999893, -0.5400000000000000355 ) ) ;
#5040 = ORIENTED_EDGE ( 'NONE', *, *, #1654, .T. ) ;
#5041 = CIRCLE ( 'NONE', #30, 5.500000000000000888 ) ;
#5042 = CARTESIAN_POINT ( 'NONE',  ( 7.347880794884119736E-16, -5.129999999999999893, 6.000000000000000000 ) ) ;
#5043 = ORIENTED_EDGE ( 'NONE', *, *, #3332, .T. ) ;
#5044 = LINE ( 'NONE', #2599, #3906 ) ;
#5045 = VERTEX_POINT ( 'NONE', #350 ) ;
#5046 = ADVANCED_FACE ( 'NONE', ( #4733 ), #3980, .T. ) ;
#5047 = DIRECTION ( 'NONE',  ( -0.000000000000000000, 0.000000000000000000, 1.000000000000000000 ) ) ;
#5048 = CARTESIAN_POINT ( 'NONE',  ( 3.410000000000000142, -5.230000000000000426, -0.9200000000000000400 ) ) ;
#5049 = ADVANCED_FACE ( 'NONE', ( #5219 ), #301, .F. ) ;
#5050 = CARTESIAN_POINT ( 'NONE',  ( -0.9656940425748596901, 7.570000000010002061, -5.125049898749011845 ) ) ;
#5051 = VERTEX_POINT ( 'NONE', #3617 ) ;
#5052 = DIRECTION ( 'NONE',  ( 0.000000000000000000, -1.000000000000000000, 0.000000000000000000 ) ) ;
#5053 = FACE_OUTER_BOUND ( 'NONE', #3131, .T. ) ;
#5054 = AXIS2_PLACEMENT_3D ( 'NONE', #2444, #4418, #2420 ) ;
#5055 = EDGE_CURVE ( 'NONE', #4978, #3917, #1006, .T. ) ;
#5056 = DIRECTION ( 'NONE',  ( 0.000000000000000000, -1.000000000000000000, 0.000000000000000000 ) ) ;
#5057 = CARTESIAN_POINT ( 'NONE',  ( 1.057596554072427253, 0.2568251138873352546, 4.805065559354003035 ) ) ;
#5058 = VERTEX_POINT ( 'NONE', #3536 ) ;
#5059 = ORIENTED_EDGE ( 'NONE', *, *, #4976, .T. ) ;
#5060 = FILL_AREA_STYLE ('',( #2559 ) ) ;
#5061 = DIRECTION ( 'NONE',  ( -0.000000000000000000, -1.000000000000000000, -0.000000000000000000 ) ) ;
#5062 = CARTESIAN_POINT ( 'NONE',  ( 0.000000000000000000, -5.129999999999999893, -2.750000000006670220 ) ) ;
#5063 = VERTEX_POINT ( 'NONE', #1500 ) ;
#5064 = PLANE ( 'NONE',  #3870 ) ;
#5065 = CARTESIAN_POINT ( 'NONE',  ( 3.345563747121228282, -2.606619734168693192, 4.981160742288951226 ) ) ;
#5066 = CARTESIAN_POINT ( 'NONE',  ( 0.6041211023026848981, -6.629999999999999893, -2.628768141926037138 ) ) ;
#5067 = CONICAL_SURFACE ( 'NONE', #2015, 5.500000013910113950, 0.8518045478974137774 ) ;
#5068 = ORIENTED_EDGE ( 'NONE', *, *, #3625, .T. ) ;
#5069 = CARTESIAN_POINT ( 'NONE',  ( -3.200000000004956657, -2.580000000002499849, -5.075431016176683130 ) ) ;
#5070 = ADVANCED_FACE ( 'NONE', ( #4758 ), #3112, .T. ) ;
#5071 = AXIS2_PLACEMENT_3D ( 'NONE', #3055, #586, #213 ) ;
#5072 = ORIENTED_EDGE ( 'NONE', *, *, #2745, .T. ) ;
#5073 = LINE ( 'NONE', #4626, #3477 ) ;
#5074 = AXIS2_PLACEMENT_3D ( 'NONE', #142, #551, #2088 ) ;
#5075 = ORIENTED_EDGE ( 'NONE', *, *, #513, .F. ) ;
#5076 = EDGE_CURVE ( 'NONE', #3059, #3040, #1548, .T. ) ;
#5077 = DIRECTION ( 'NONE',  ( -0.000000000000000000, 1.000000000000000000, -0.000000000000000000 ) ) ;
#5078 = DIRECTION ( 'NONE',  ( 0.000000000000000000, -1.000000000000000000, 0.000000000000000000 ) ) ;
#5079 = B_SPLINE_CURVE_WITH_KNOTS ( 'NONE', 3,
 ( #1543, #746, #371, #319 ),
 .UNSPECIFIED., .F., .F.,
 ( 4, 4 ),
 ( 8.122270252915183223E-13, 0.0007434702470652365235 ),
 .UNSPECIFIED. ) ;
#5080 = EDGE_CURVE ( 'NONE', #4641, #2113, #779, .T. ) ;
#5081 = CYLINDRICAL_SURFACE ( 'NONE', #4076, 0.7499999999999997780 ) ;
#5082 = ORIENTED_EDGE ( 'NONE', *, *, #3939, .F. ) ;
#5083 = LINE ( 'NONE', #4283, #4363 ) ;
#5084 = CARTESIAN_POINT ( 'NONE',  ( 1.550000000009999379, 0.6699999999999998179, -4.147505116722029150 ) ) ;
#5085 = EDGE_CURVE ( 'NONE', #3756, #987, #3877, .T. ) ;
#5086 = LINE ( 'NONE', #1052, #3569 ) ;
#5087 = DIRECTION ( 'NONE',  ( 1.000000000000000000, 0.000000000000000000, -0.000000000000000000 ) ) ;
#5088 = ORIENTED_EDGE ( 'NONE', *, *, #1085, .T. ) ;
#5089 = ORIENTED_EDGE ( 'NONE', *, *, #4842, .T. ) ;
#5090 = CARTESIAN_POINT ( 'NONE',  ( 0.000000000000000000, -6.430000000009999717, -3.700000000000000178 ) ) ;
#5091 = VECTOR ( 'NONE', #1205, 1000.000000000000000 ) ;
#5092 = AXIS2_PLACEMENT_3D ( 'NONE', #426, #4116, #4063 ) ;
#5093 = CARTESIAN_POINT ( 'NONE',  ( 2.275018289639365587, -4.589838732266506405, 4.508524346369484626 ) ) ;
#5094 = VERTEX_POINT ( 'NONE', #3220 ) ;
#5095 = CARTESIAN_POINT ( 'NONE',  ( -2.834999999999999964, -5.129999999999999893, -0.5849999999999999645 ) ) ;
#5096 = CARTESIAN_POINT ( 'NONE',  ( 0.03737912633088891906, -6.547157287530735559, 1.749600754713554140 ) ) ;
#5097 = VECTOR ( 'NONE', #3925, 1000.000000000000000 ) ;
#5098 = FACE_OUTER_BOUND ( 'NONE', #1397, .T. ) ;
#5099 = ORIENTED_EDGE ( 'NONE', *, *, #5119, .F. ) ;
#5100 = CARTESIAN_POINT ( 'NONE',  ( 0.6546356968822016897, -6.629999999999999005, 3.285776717964056903 ) ) ;
#5101 = DIRECTION ( 'NONE',  ( -0.1305261922151462195, 0.000000000000000000, 0.9914448613744561989 ) ) ;
#5102 = CIRCLE ( 'NONE', #2815, 0.09999999999999982514 ) ;
#5103 = CARTESIAN_POINT ( 'NONE',  ( 3.998113539051078913, 7.570000000010001173, -3.348699684751296424 ) ) ;
#5104 = EDGE_LOOP ( 'NONE', ( #1497, #874, #2571, #1960 ) ) ;
#5105 = DIRECTION ( 'NONE',  ( 0.000000000000000000, 0.000000000000000000, 1.000000000000000000 ) ) ;
#5106 = CARTESIAN_POINT ( 'NONE',  ( -1.516209747775142613, 7.570000000010001173, 4.236874791724630995 ) ) ;
#5107 = B_SPLINE_CURVE_WITH_KNOTS ( 'NONE', 3,
 ( #3014, #999, #593, #2213 ),
 .UNSPECIFIED., .F., .F.,
 ( 4, 4 ),
 ( 1.178502500067139546E-11, 0.0007434711086368406231 ),
 .UNSPECIFIED. ) ;
#5108 = EDGE_LOOP ( 'NONE', ( #115, #5002, #575, #3541, #1216 ) ) ;
#5109 = CARTESIAN_POINT ( 'NONE',  ( 0.000000000000000000, -6.629999999999999893, 0.000000000000000000 ) ) ;
#5110 = CARTESIAN_POINT ( 'NONE',  ( -2.100000000000000089, -5.129999999999999893, 2.250000000000000444 ) ) ;
#5111 = CARTESIAN_POINT ( 'NONE',  ( -3.460004678445775639, -2.711391673699555138, 4.902366446676601264 ) ) ;
#5112 = ADVANCED_FACE ( 'NONE', ( #5166 ), #3590, .T. ) ;
#5113 = CYLINDRICAL_SURFACE ( 'NONE', #1981, 0.2999999999999999334 ) ;
#5114 = ORIENTED_EDGE ( 'NONE', *, *, #4894, .T. ) ;
#5115 = ORIENTED_EDGE ( 'NONE', *, *, #2190, .T. ) ;
#5116 = CARTESIAN_POINT ( 'NONE',  ( 0.000000000000000000, 0.6700000000000000400, 0.000000000000000000 ) ) ;
#5117 = AXIS2_PLACEMENT_3D ( 'NONE', #1305, #2509, #579 ) ;
#5118 = CARTESIAN_POINT ( 'NONE',  ( 0.000000000000000000, -0.08000000000000000167, 0.000000000000000000 ) ) ;
#5119 = EDGE_CURVE ( 'NONE', #1155, #2080, #2608, .T. ) ;
#5120 = B_SPLINE_CURVE_WITH_KNOTS ( 'NONE', 3,
 ( #4310, #271, #300, #2286 ),
 .UNSPECIFIED., .F., .F.,
 ( 4, 4 ),
 ( 2.414637673520008894E-10, 0.001729848111837670394 ),
 .UNSPECIFIED. ) ;
#5121 = ORIENTED_EDGE ( 'NONE', *, *, #1059, .F. ) ;
#5122 = PLANE ( 'NONE',  #4210 ) ;
#5123 = VECTOR ( 'NONE', #1920, 999.9999999999998863 ) ;
#5124 = CARTESIAN_POINT ( 'NONE',  ( -0.03310722618868117140, -6.629999999999999893, -1.549646382751270091 ) ) ;
#5125 = DIRECTION ( 'NONE',  ( -8.881784197001252323E-16, 0.000000000000000000, -1.000000000000000000 ) ) ;
#5126 = ORIENTED_EDGE ( 'NONE', *, *, #3282, .T. ) ;
#5127 = DIRECTION ( 'NONE',  ( 0.000000000000000000, 0.000000000000000000, 1.000000000000000000 ) ) ;
#5128 = CARTESIAN_POINT ( 'NONE',  ( -0.03560964735080454635, -6.629999999999997229, -1.666776941989855709 ) ) ;
#5129 = ADVANCED_FACE ( 'NONE', ( #3163 ), #5067, .T. ) ;
#5130 = CARTESIAN_POINT ( 'NONE',  ( 5.125049898868120124, 7.628578643768044287, -0.9656940425611149070 ) ) ;
#5131 = VECTOR ( 'NONE', #3544, 1000.000000000000227 ) ;
#5132 = ORIENTED_EDGE ( 'NONE', *, *, #8, .T. ) ;
#5133 = CYLINDRICAL_SURFACE ( 'NONE', #4071, 6.000000000000000000 ) ;
#5134 = CARTESIAN_POINT ( 'NONE',  ( -3.274284136013358548, 7.669999999999999929, -3.909266571519303124 ) ) ;
#5135 = ORIENTED_EDGE ( 'NONE', *, *, #4996, .F. ) ;
#5136 = LINE ( 'NONE', #323, #2924 ) ;
#5137 = CARTESIAN_POINT ( 'NONE',  ( -2.700000000007260592, -10.13000000000000256, -2.750000000000000000 ) ) ;
#5138 = EDGE_CURVE ( 'NONE', #3410, #3059, #1134, .T. ) ;
#5139 = CARTESIAN_POINT ( 'NONE',  ( -2.100000000000000089, -5.129999999999999893, 2.750000000001667555 ) ) ;
#5140 = FACE_OUTER_BOUND ( 'NONE', #2345, .T. ) ;
#5141 = ORIENTED_EDGE ( 'NONE', *, *, #3183, .T. ) ;
#5142 = ORIENTED_EDGE ( 'NONE', *, *, #905, .F. ) ;
#5144 = VECTOR ( 'NONE', #1707, 1000.000000000000000 ) ;
#5143 = APPLICATION_PROTOCOL_DEFINITION ( 'draft international standard', 'automotive_design', 1998, #53 ) ;
#5145 = EDGE_CURVE ( 'NONE', #1106, #3756, #164, .T. ) ;
#5146 = CARTESIAN_POINT ( 'NONE',  ( -4.349999744044740879, -3.712336042874652797, -2.343549741038786660 ) ) ;
#5147 = EDGE_CURVE ( 'NONE', #4427, #1412, #4786, .T. ) ;
#5148 = VERTEX_POINT ( 'NONE', #3834 ) ;
#5149 = DIRECTION ( 'NONE',  ( -0.000000000000000000, 1.000000000000000000, -0.000000000000000000 ) ) ;
#5150 = DIRECTION ( 'NONE',  ( 9.769962616701377556E-15, 0.000000000000000000, -1.000000000000000000 ) ) ;
#5151 = ORIENTED_EDGE ( 'NONE', *, *, #958, .F. ) ;
#5152 = CARTESIAN_POINT ( 'NONE',  ( -1.550000000000000266, 0.6699999999999993738, 4.147505085830999860 ) ) ;
#5153 = DIRECTION ( 'NONE',  ( 0.000000000000000000, -1.000000000000000000, 0.000000000000000000 ) ) ;
#5154 =( BOUNDED_SURFACE ( )  B_SPLINE_SURFACE ( 3, 3, ( 
 ( #1623, #446, #420, #3240 ),
 ( #4859, #2042, #5235, #3266 ),
 ( #2788, #393, #2013, #3636 ),
 ( #4377, #2759, #3691, #4000 ) ),
 .UNSPECIFIED., .F., .F., .F. ) 
 B_SPLINE_SURFACE_WITH_KNOTS ( ( 4, 4 ),
 ( 4, 4 ),
 ( 0.000000000000000000, 1.000000000000000000 ),
 ( 0.000000000000000000, 1.000000000000000000 ),
 .UNSPECIFIED. ) 
 GEOMETRIC_REPRESENTATION_ITEM ( )  RATIONAL_B_SPLINE_SURFACE ( (
 ( 1.000000000000000000, 0.9285180655272551320, 0.9285180655272551320, 1.000000000000000000),
 ( 0.9994128957392558466, 0.9279729286148061806, 0.9279729286148061806, 0.9994128957392558466),
 ( 0.9994128957392558466, 0.9279729286148061806, 0.9279729286148061806, 0.9994128957392558466),
 ( 1.000000000000000000, 0.9285180655272551320, 0.9285180655272551320, 1.000000000000000000) ) ) 
 REPRESENTATION_ITEM ( '' )  SURFACE ( )  );
#5155 = CARTESIAN_POINT ( 'NONE',  ( 4.142722018303744314, 7.670000000000000817, 1.482516198583138323 ) ) ;
#5156 = ADVANCED_FACE ( 'NONE', ( #2366 ), #199, .T. ) ;
#5157 = ADVANCED_FACE ( 'NONE', ( #4386 ), #752, .T. ) ;
#5158 = VERTEX_POINT ( 'NONE', #2419 ) ;
#5159 = DIRECTION ( 'NONE',  ( 0.000000000000000000, 0.000000000000000000, -1.000000000000000000 ) ) ;
#5160 = AXIS2_PLACEMENT_3D ( 'NONE', #5273, #4839, #806 ) ;
#5161 = CARTESIAN_POINT ( 'NONE',  ( 2.250070414217409720, -4.630801655815383278, 4.522504639445300789 ) ) ;
#5162 = ORIENTED_EDGE ( 'NONE', *, *, #1694, .T. ) ;
#5163 = CIRCLE ( 'NONE', #2019, 5.049999999999999822 ) ;
#5164 = FACE_OUTER_BOUND ( 'NONE', #2698, .T. ) ;
#5165 = CARTESIAN_POINT ( 'NONE',  ( 3.500000000000000000, -4.629999966265716971, 3.640398238910684370 ) ) ;
#5166 = FACE_OUTER_BOUND ( 'NONE', #3602, .T. ) ;
#5167 = CARTESIAN_POINT ( 'NONE',  ( -1.050000000000000044, -0.04666601784205907932, -4.861499944160093456 ) ) ;
#5168 = CARTESIAN_POINT ( 'NONE',  ( 1.158923108873966878, 0.4819443415887726401, 4.677354321102543011 ) ) ;
#5169 = ORIENTED_EDGE ( 'NONE', *, *, #2288, .F. ) ;
#5170 = ORIENTED_EDGE ( 'NONE', *, *, #4471, .T. ) ;
#5171 = EDGE_CURVE ( 'NONE', #1545, #2426, #404, .T. ) ;
#5172 = CARTESIAN_POINT ( 'NONE',  ( 0.8167201673655928307, -4.603833200579569684, 5.244387046676623143 ) ) ;
#5173 = ORIENTED_EDGE ( 'NONE', *, *, #566, .T. ) ;
#5174 = EDGE_LOOP ( 'NONE', ( #4650, #2002, #1618, #581, #2604 ) ) ;
#5175 = CARTESIAN_POINT ( 'NONE',  ( -0.5493346576097902778, -6.629999999999999893, -3.672597073785361044 ) ) ;
#5176 = DIRECTION ( 'NONE',  ( 0.000000000000000000, 0.000000000000000000, 1.000000000000000000 ) ) ;
#5177 = AXIS2_PLACEMENT_3D ( 'NONE', #3243, #2822, #397 ) ;
#5178 = CARTESIAN_POINT ( 'NONE',  ( 0.4945128250775568945, -6.629999999999999893, -4.826035996686520946 ) ) ;
#5179 = EDGE_CURVE ( 'NONE', #4367, #4092, #1749, .T. ) ;
#5180 = EDGE_CURVE ( 'NONE', #523, #4710, #1212, .T. ) ;
#5181 = AXIS2_PLACEMENT_3D ( 'NONE', #3555, #1597, #775 ) ;
#5182 = CARTESIAN_POINT ( 'NONE',  ( 0.000000000000000000, -4.280000000006669580, 0.000000000000000000 ) ) ;
#5183 = EDGE_LOOP ( 'NONE', ( #3993, #2841, #4686, #5173 ) ) ;
#5184 = DIRECTION ( 'NONE',  ( 1.000000000000000000, 0.000000000000000000, -0.000000000000000000 ) ) ;
#5185 =( BOUNDED_SURFACE ( )  B_SPLINE_SURFACE ( 3, 3, ( 
 ( #4522, #3744, #123, #906 ),
 ( #506, #856, #3315, #829 ),
 ( #1753, #4932, #3368, #2440 ),
 ( #451, #2465, #2125, #4987 ) ),
 .UNSPECIFIED., .F., .F., .T. ) 
 B_SPLINE_SURFACE_WITH_KNOTS ( ( 4, 4 ),
 ( 4, 4 ),
 ( 0.000000000000000000, 1.000000000000000000 ),
 ( 0.000000000000000000, 1.000000000000000000 ),
 .UNSPECIFIED. ) 
 GEOMETRIC_REPRESENTATION_ITEM ( )  RATIONAL_B_SPLINE_SURFACE ( (
 ( 1.000000000000000000, 0.9568081022443933881, 0.9568081022443933881, 1.000000000000000000),
 ( 0.8440297633586297810, 0.8075745161169549657, 0.8075745161169549657, 0.8440297633586297810),
 ( 0.8440297633586297810, 0.8075745161169549657, 0.8075745161169549657, 0.8440297633586297810),
 ( 1.000000000000000000, 0.9568081022443933881, 0.9568081022443933881, 1.000000000000000000) ) ) 
 REPRESENTATION_ITEM ( '' )  SURFACE ( )  );
#5186 = CARTESIAN_POINT ( 'NONE',  ( 2.250000000000000444, -4.962791166739328297, 4.890545943928716000 ) ) ;
#5187 = EDGE_CURVE ( 'NONE', #4803, #2883, #1932, .T. ) ;
#5188 = VERTEX_POINT ( 'NONE', #1828 ) ;
#5189 = CARTESIAN_POINT ( 'NONE',  ( 1.049999999669041451, 0.1699970021702500445, 5.907410600332998918 ) ) ;
#5190 = DIRECTION ( 'NONE',  ( 1.000000000000000000, 0.000000000000000000, -0.000000000000000000 ) ) ;
#5191 = CARTESIAN_POINT ( 'NONE',  ( 3.120000000000000551, -5.129999999999999893, -0.9200000000000000400 ) ) ;
#5192 = CONICAL_SURFACE ( 'NONE', #4514, 4.989999964280400491, 0.08726646260390812093 ) ;
#5193 = AXIS2_PLACEMENT_3D ( 'NONE', #3736, #3811, #471 ) ;
#5194 = CARTESIAN_POINT ( 'NONE',  ( -5.400000000000000355, -0.08000000000000000167, -2.615339366124000087 ) ) ;
#5195 = DIRECTION ( 'NONE',  ( 0.000000000000000000, 0.000000000000000000, -1.000000000000000000 ) ) ;
#5196 = CARTESIAN_POINT ( 'NONE',  ( 3.500000000000000000, -4.792495310450937573, -3.865813584833875716 ) ) ;
#5197 = ORIENTED_EDGE ( 'NONE', *, *, #1649, .F. ) ;
#5198 = ORIENTED_EDGE ( 'NONE', *, *, #4630, .T. ) ;
#5199 = UNCERTAINTY_MEASURE_WITH_UNIT (LENGTH_MEASURE( 1.000000000000000082E-05 ), #1019, 'distance_accuracy_value', 'NONE');
#5200 = FILL_AREA_STYLE ('',( #2400 ) ) ;
#5201 = ORIENTED_EDGE ( 'NONE', *, *, #2935, .F. ) ;
#5202 = ORIENTED_EDGE ( 'NONE', *, *, #2087, .T. ) ;
#5203 = CARTESIAN_POINT ( 'NONE',  ( -1.516209747775141503, 7.570000000010001173, 4.236874791724631883 ) ) ;
#5204 = CIRCLE ( 'NONE', #2653, 5.500000000000000888 ) ;
#5205 = CARTESIAN_POINT ( 'NONE',  ( -3.354999999999999982, -5.129999999999999893, -0.7349999999999999867 ) ) ;
#5206 = COLOUR_RGB ( '',0.8431372549019607865, 0.8156862745098039102, 0.7529411764705882248 ) ;
#5207 = LINE ( 'NONE', #2332, #3656 ) ;
#5208 = VECTOR ( 'NONE', #4101, 1000.000000000000000 ) ;
#5209 = PLANE ( 'NONE',  #1373 ) ;
#5210 = EDGE_CURVE ( 'NONE', #2589, #2324, #624, .T. ) ;
#5211 = ORIENTED_EDGE ( 'NONE', *, *, #1471, .T. ) ;
#5212 = CARTESIAN_POINT ( 'NONE',  ( 0.000000000000000000, -6.430000000009999717, 0.000000000000000000 ) ) ;
#5213 = DIRECTION ( 'NONE',  ( 0.000000000000000000, -0.000000000000000000, -1.000000000000000000 ) ) ;
#5214 = EDGE_CURVE ( 'NONE', #2497, #484, #1775, .T. ) ;
#5215 = VERTEX_POINT ( 'NONE', #3435 ) ;
#5216 = VECTOR ( 'NONE', #1032, 1000.000000000000000 ) ;
#5217 = DIRECTION ( 'NONE',  ( -0.04982199086339163252, 0.000000000000000000, -0.9987581134721300602 ) ) ;
#5218 = FACE_OUTER_BOUND ( 'NONE', #170, .T. ) ;
#5219 = FACE_OUTER_BOUND ( 'NONE', #3833, .T. ) ;
#5220 = FACE_BOUND ( 'NONE', #1169, .T. ) ;
#5221 = AXIS2_PLACEMENT_3D ( 'NONE', #3429, #5052, #104 ) ;
#5222 = CARTESIAN_POINT ( 'NONE',  ( 1.482516981376144072, 7.669999999999999929, -4.142724204553227096 ) ) ;
#5223 = CARTESIAN_POINT ( 'NONE',  ( 2.549999999999999822, -2.879999999999999893, -5.592500684506999775 ) ) ;
#5224 = ORIENTED_EDGE ( 'NONE', *, *, #2929, .T. ) ;
#5225 = VERTEX_POINT ( 'NONE', #2614 ) ;
#5226 = ADVANCED_FACE ( 'NONE', ( #1057 ), #4224, .F. ) ;
#5227 = CARTESIAN_POINT ( 'NONE',  ( 1.057596554072427253, 0.2568251138873352546, 4.805065559354003035 ) ) ;
#5228 = VERTEX_POINT ( 'NONE', #2590 ) ;
#5229 = VERTEX_POINT ( 'NONE', #3861 ) ;
#5230 = CARTESIAN_POINT ( 'NONE',  ( 3.451879924529974719, -2.711553743536136540, 3.686145949009595135 ) ) ;
#5231 = B_SPLINE_CURVE_WITH_KNOTS ( 'NONE', 3,
 ( #1, #3983, #1576, #2393 ),
 .UNSPECIFIED., .F., .F.,
 ( 4, 4 ),
 ( 0.000000000000000000, 0.0007176415564019391529 ),
 .UNSPECIFIED. ) ;
#5232 = CARTESIAN_POINT ( 'NONE',  ( -1.057596481332522487, 0.2568246277600931826, 4.805065671720680776 ) ) ;
#5233 = ORIENTED_EDGE ( 'NONE', *, *, #2355, .F. ) ;
#5234 = DIRECTION ( 'NONE',  ( 0.000000000000000000, 0.000000000000000000, 1.000000000000000000 ) ) ;
#5235 = CARTESIAN_POINT ( 'NONE',  ( -0.8168151317842520243, -4.617815344528598764, -5.244996839580685410 ) ) ;
#5236 = CARTESIAN_POINT ( 'NONE',  ( -2.900000000000000355, -9.330000000000000071, -2.750000000000000000 ) ) ;
#5237 = EDGE_CURVE ( 'NONE', #5158, #355, #3452, .T. ) ;
#5238 = VERTEX_POINT ( 'NONE', #1030 ) ;
#5239 = PLANE ( 'NONE',  #249 ) ;
#5240 = CARTESIAN_POINT ( 'NONE',  ( 0.7490685851040976839, -6.430000000009999717, 3.662633506852456478 ) ) ;
#5241 = ORIENTED_EDGE ( 'NONE', *, *, #2744, .F. ) ;
#5242 = DIRECTION ( 'NONE',  ( -0.09821706464088748867, -0.6586263428523180252, -0.7460326726855256441 ) ) ;
#5243 = CARTESIAN_POINT ( 'NONE',  ( 2.250000002088479611, -2.879999998535282657, -5.562148864476915477 ) ) ;
#5244 = VECTOR ( 'NONE', #1625, 1000.000000000000000 ) ;
#5245 = CARTESIAN_POINT ( 'NONE',  ( 0.000000000000000000, -5.129999999999999893, -0.9200000000066671513 ) ) ;
#5246 = CARTESIAN_POINT ( 'NONE',  ( 0.000000000000000000, 0.7624999999999999556, 0.000000000000000000 ) ) ;
#5247 = LINE ( 'NONE', #3166, #178 ) ;
#5248 = VECTOR ( 'NONE', #2539, 1000.000000000000000 ) ;
#5249 = DIRECTION ( 'NONE',  ( 0.000000000000000000, 0.000000000000000000, 1.000000000000000000 ) ) ;
#5250 = ORIENTED_EDGE ( 'NONE', *, *, #1386, .T. ) ;
#5251 = ORIENTED_EDGE ( 'NONE', *, *, #127, .F. ) ;
#5252 = ADVANCED_FACE ( 'NONE', ( #3491 ), #549, .T. ) ;
#5253 = CIRCLE ( 'NONE', #4311, 0.2000000000000000389 ) ;
#5254 = CARTESIAN_POINT ( 'NONE',  ( -4.349999785510575201, -4.279996470495606609, -2.444915403793316067 ) ) ;
#5255 = CARTESIAN_POINT ( 'NONE',  ( -3.354999999999999982, -5.129999999999999893, -0.5849999999999999645 ) ) ;
#5256 = VERTEX_POINT ( 'NONE', #141 ) ;
#5257 = ADVANCED_FACE ( 'NONE', ( #4612 ), #1480, .T. ) ;
#5258 = VERTEX_POINT ( 'NONE', #3069 ) ;
#5259 = LINE ( 'NONE', #11, #841 ) ;
#5260 = DIRECTION ( 'NONE',  ( -0.000000000000000000, 1.000000000000000000, -0.000000000000000000 ) ) ;
#5261 = VERTEX_POINT ( 'NONE', #3464 ) ;
#5262 = DIRECTION ( 'NONE',  ( 0.2425356250363089605, -0.9701425001453378716, 0.000000000000000000 ) ) ;
#5263 = LINE ( 'NONE', #2819, #600 ) ;
#5264 = CARTESIAN_POINT ( 'NONE',  ( -1.050000000005017586, -4.280000000003335359, -4.939635614092212634 ) ) ;
#5265 = VERTEX_POINT ( 'NONE', #949 ) ;
#5266 = CARTESIAN_POINT ( 'NONE',  ( 2.899999999999265832, -9.330000000021481554, 2.250000000005003109 ) ) ;
#5267 = VECTOR ( 'NONE', #2146, 1000.000000000000000 ) ;
#5268 = AXIS2_PLACEMENT_3D ( 'NONE', #398, #1568, #2823 ) ;
#5269 = DIRECTION ( 'NONE',  ( 1.000000000000000000, 0.000000000000000000, -0.000000000000000000 ) ) ;
#5270 = ORIENTED_EDGE ( 'NONE', *, *, #494, .F. ) ;
#5271 = LINE ( 'NONE', #4093, #380 ) ;
#5272 = CARTESIAN_POINT ( 'NONE',  ( 0.000000000000000000, 0.6700000000000000400, 0.000000000000000000 ) ) ;
#5273 = CARTESIAN_POINT ( 'NONE',  ( -2.100000000000000089, -10.13000000000000256, 2.250000000000000444 ) ) ;
#5274 = VECTOR ( 'NONE', #4800, 1000.000000000000114 ) ;
#5275 = CARTESIAN_POINT ( 'NONE',  ( 2.699999999998627942, -10.13000000000553058, -2.500000000000000000 ) ) ;
#5276 = VECTOR ( 'NONE', #1221, 1000.000000000000000 ) ;
ENDSEC;
END-ISO-10303-21;
