ISO-10303-21;
HEADER;
FILE_DESCRIPTION (( 'STEP AP214' ),
    '1' );
FILE_NAME ('1N4752A.STEP',
    '2025-11-29T18:27:03',
    ( 'LENOVO' ),
    ( '' ),
    'SwSTEP 2.0',
    'SolidWorks 2021',
    '' );
FILE_SCHEMA (( 'AUTOMOTIVE_DESIGN' ));
ENDSEC;

DATA;
#1 = FACE_OUTER_BOUND ( 'NONE', #437, .T. ) ;
#2 = CYLINDRICAL_SURFACE ( 'NONE', #943, 0.3924999999999996270 ) ;
#3 = CARTESIAN_POINT ( 'NONE',  ( 5.179999999999999716, -0.4533066040741526304, 0.3924999999999995159 ) ) ;
#4 = ADVANCED_FACE ( 'NONE', ( #591 ), #303, .T. ) ;
#5 =( NAMED_UNIT ( * ) PLANE_ANGLE_UNIT ( ) SI_UNIT ( $, .RADIAN. ) );
#6 = DIRECTION ( 'NONE',  ( -0.000000000000000000, -1.000000000000000000, -0.000000000000000000 ) ) ;
#7 = CARTESIAN_POINT ( 'NONE',  ( 4.173364674479767444, 0.4598081238848987229, -0.3924999999999993494 ) ) ;
#8 = SURFACE_SIDE_STYLE ('',( #748 ) ) ;
#9 = AXIS2_PLACEMENT_3D ( 'NONE', #1748, #1802, #69 ) ;
#10 = CARTESIAN_POINT ( 'NONE',  ( 4.394999999998426610, -14.50581133036936343, -0.3924999999999993494 ) ) ;
#11 = EDGE_CURVE ( 'NONE', #1212, #1662, #647, .T. ) ;
#12 = CARTESIAN_POINT ( 'NONE',  ( -3.820000000000000728, 0.5750000000000008438, -0.3924999999999993494 ) ) ;
#13 = CARTESIAN_POINT ( 'NONE',  ( -5.179999999999998828, -4.533066040741771552, -0.3924999999999995159 ) ) ;
#14 = FACE_OUTER_BOUND ( 'NONE', #1719, .T. ) ;
#15 = CARTESIAN_POINT ( 'NONE',  ( 5.179999999999999716, -0.4533066040741526304, 0.3924999999999995159 ) ) ;
#16 = CARTESIAN_POINT ( 'NONE',  ( 5.694187487556190419, 1.080466268431464316, 0.3924999999999995159 ) ) ;
#17 = CARTESIAN_POINT ( 'NONE',  ( -5.169099354311476269, 0.1775084690746082106, 0.3924999999999995159 ) ) ;
#18 =( LENGTH_UNIT ( ) NAMED_UNIT ( * ) SI_UNIT ( .MILLI., .METRE. ) );
#19 = CARTESIAN_POINT ( 'NONE',  ( 3.997508469074611881, 1.349099354311475985, -0.3924999999999995159 ) ) ;
#20 = CARTESIAN_POINT ( 'NONE',  ( -4.041562908929260622, 1.342568454417027546, 0.3924999999999995159 ) ) ;
#21 =( NAMED_UNIT ( * ) SI_UNIT ( $, .STERADIAN. ) SOLID_ANGLE_UNIT ( ) );
#22 = PRESENTATION_STYLE_ASSIGNMENT (( #874 ) ) ;
#23 = CARTESIAN_POINT ( 'NONE',  ( 3.997508469074611881, 1.349099354311475985, 0.3924999999999995159 ) ) ;
#24 = CARTESIAN_POINT ( 'NONE',  ( 3.851661363461959642, 0.5750000000000008438, -0.3924999999999993494 ) ) ;
#25 = CARTESIAN_POINT ( 'NONE',  ( -5.964999999999998970, -3.626452832593225040, -0.3924999999999996270 ) ) ;
#26 = CARTESIAN_POINT ( 'NONE',  ( 4.907546171275478208, 0.8357842735518541399, 0.3924999999999995159 ) ) ;
#27 = CARTESIAN_POINT ( 'NONE',  ( 5.138203872624117707, 1.715284218666190075, 0.3924999999999995159 ) ) ;
#28 = CIRCLE ( 'NONE', #1590, 1.159999999999999698 ) ;
#29 = CARTESIAN_POINT ( 'NONE',  ( -3.913675494584067049, 0.5676300450660209940, 0.3924999999999995159 ) ) ;
#30 = AXIS2_PLACEMENT_3D ( 'NONE', #240, #231, #98 ) ;
#31 = DIRECTION ( 'NONE',  ( -1.000000000000000000, -0.000000000000000000, -0.000000000000000000 ) ) ;
#32 = CARTESIAN_POINT ( 'NONE',  ( 5.964999999999996305, -21.75871699555894168, -0.3924999999999996270 ) ) ;
#33 = CARTESIAN_POINT ( 'NONE',  ( -4.395000000000000462, -3.626452832593225040, 0.3924999999999995159 ) ) ;
#34 = FACE_OUTER_BOUND ( 'NONE', #1117, .T. ) ;
#35 = ADVANCED_FACE ( 'NONE', ( #1794 ), #1836, .T. ) ;
#36 = EDGE_CURVE ( 'NONE', #394, #499, #1184, .T. ) ;
#37 = CIRCLE ( 'NONE', #1555, 1.159999999999999698 ) ;
#38 = CARTESIAN_POINT ( 'NONE',  ( -5.179999999999999716, -2.266533020370689044, -0.3924999999999995159 ) ) ;
#39 = CARTESIAN_POINT ( 'NONE',  ( -5.179999999999999716, -0.5666332550926783673, 0.3924999999999995159 ) ) ;
#40 = CARTESIAN_POINT ( 'NONE',  ( 5.008296029406241523, 0.6850508741570005000, 0.3924999999999995159 ) ) ;
#41 = CARTESIAN_POINT ( 'NONE',  ( 5.179999999999999716, -0.2266533020370644358, 0.3924999999999995159 ) ) ;
#42 = PLANE ( 'NONE',  #987 ) ;
#43 = FACE_OUTER_BOUND ( 'NONE', #1174, .T. ) ;
#44 = CARTESIAN_POINT ( 'NONE',  ( -4.395000000000000462, -1.813226416296551902, -0.3924999999999993494 ) ) ;
#45 = CARTESIAN_POINT ( 'NONE',  ( 5.179999999999999716, -0.2833166275463452899, -0.3924999999999995159 ) ) ;
#46 = CARTESIAN_POINT ( 'NONE',  ( -5.177814764182985030, 0.08897972033601221631, 0.3924999999999995159 ) ) ;
#47 = CARTESIAN_POINT ( 'NONE',  ( 2.314999999999999947, 1.359999999999999876, 0.000000000000000000 ) ) ;
#48 = CIRCLE ( 'NONE', #964, 1.359999999999999876 ) ;
#49 = CARTESIAN_POINT ( 'NONE',  ( 4.172497582010103123, 1.316535667174816515, 0.3924999999999995159 ) ) ;
#50 = CARTESIAN_POINT ( 'NONE',  ( 5.162568454417047370, 0.2215629089292469878, -0.3924999999999995159 ) ) ;
#51 = CYLINDRICAL_SURFACE ( 'NONE', #808, 1.359999999999999876 ) ;
#52 = AXIS2_PLACEMENT_3D ( 'NONE', #1881, #414, #442 ) ;
#53 = CARTESIAN_POINT ( 'NONE',  ( -5.179999999999999716, -0.2833166275463452899, 0.3924999999999995159 ) ) ;
#54 = FACE_OUTER_BOUND ( 'NONE', #1066, .T. ) ;
#55 = DIRECTION ( 'NONE',  ( 0.000000000000000000, 0.000000000000000000, 1.000000000000000000 ) ) ;
#56 = CARTESIAN_POINT ( 'NONE',  ( 5.162568454417047370, 0.2215629089292469878, 0.3924999999999995159 ) ) ;
#57 = CARTESIAN_POINT ( 'NONE',  ( -3.819999999999999840, 0.9675000000000005818, 4.806738686653355625E-17 ) ) ;
#58 = AXIS2_PLACEMENT_3D ( 'NONE', #518, #899, #1647 ) ;
#59 = CARTESIAN_POINT ( 'NONE',  ( -4.387630045066029716, 0.09367549458405682872, 0.3924999999999995159 ) ) ;
#60 = PLANE ( 'NONE',  #58 ) ;
#61 = CARTESIAN_POINT ( 'NONE',  ( 3.820000000000000728, 2.144999999999999130, -0.3924999999999996270 ) ) ;
#62 = CARTESIAN_POINT ( 'NONE',  ( -3.969033904158674630, 0.5566235357540635365, 0.3924999999999995159 ) ) ;
#63 = DIRECTION ( 'NONE',  ( 0.000000000000000000, 0.000000000000000000, 1.000000000000000000 ) ) ;
#64 = LINE ( 'NONE', #1385, #711 ) ;
#65 = CARTESIAN_POINT ( 'NONE',  ( -4.099967401591931626, 2.127807437498617560, -0.3924999999999996270 ) ) ;
#66 = CARTESIAN_POINT ( 'NONE',  ( 5.964999999999998970, -0.5666332550926782563, 0.3924999999999995159 ) ) ;
#67 = CARTESIAN_POINT ( 'NONE',  ( -4.041562908929260622, 1.342568454417027546, 0.3924999999999995159 ) ) ;
#68 = CARTESIAN_POINT ( 'NONE',  ( -5.896447798595513490, 0.5559612598615458756, 0.3924999999999995159 ) ) ;
#69 = DIRECTION ( 'NONE',  ( 0.000000000000000000, 0.000000000000000000, 1.000000000000000000 ) ) ;
#70 = CARTESIAN_POINT ( 'NONE',  ( 5.179999999999999716, -1.813226416296551902, 0.3924999999999995159 ) ) ;
#71 = FILL_AREA_STYLE ('',( #1521 ) ) ;
#72 = VECTOR ( 'NONE', #670, 1000.000000000000000 ) ;
#73 = CARTESIAN_POINT ( 'NONE',  ( 5.964999999999998970, -0.4533066040741526304, -0.3924999999999996270 ) ) ;
#74 = CARTESIAN_POINT ( 'NONE',  ( -4.279808123884768278, 0.3533646744796272166, 0.3924999999999995159 ) ) ;
#75 = CARTESIAN_POINT ( 'NONE',  ( 4.907546171275478208, 0.8357842735518541399, 0.3924999999999995159 ) ) ;
#76 = DIRECTION ( 'NONE',  ( 1.000000000000000000, 2.449184984618537811E-17, -0.000000000000000000 ) ) ;
#77 = COLOUR_RGB ( '',0.7921568627450980005, 0.8196078431372548767, 0.9333333333333333481 ) ;
#78 = CARTESIAN_POINT ( 'NONE',  ( -5.964999999999998970, -1.813226416296551902, 0.3924999999999995159 ) ) ;
#79 = CARTESIAN_POINT ( 'NONE',  ( 3.819999999999999840, 1.360000000000000098, -0.3924999999999995159 ) ) ;
#80 = FACE_OUTER_BOUND ( 'NONE', #410, .T. ) ;
#81 = CARTESIAN_POINT ( 'NONE',  ( -5.179999999999999716, -0.5666332550926783673, 0.3924999999999995159 ) ) ;
#82 = FACE_OUTER_BOUND ( 'NONE', #478, .T. ) ;
#83 = CARTESIAN_POINT ( 'NONE',  ( -3.908979720336012154, 1.357814764182985856, -0.3924999999999995159 ) ) ;
#84 = CARTESIAN_POINT ( 'NONE',  ( 5.180010415932360779, -0.05666316022408014741, -0.3924999999999995159 ) ) ;
#85 = CARTESIAN_POINT ( 'NONE',  ( 4.395000000000000462, -0.2833166275463452899, 0.3924999999999995159 ) ) ;
#86 = EDGE_CURVE ( 'NONE', #1098, #525, #1848, .T. ) ;
#87 = CYLINDRICAL_SURFACE ( 'NONE', #696, 0.3924999999999996270 ) ;
#88 = CARTESIAN_POINT ( 'NONE',  ( -2.314999999999999947, 1.360000000000000098, 0.000000000000000000 ) ) ;
#89 = CARTESIAN_POINT ( 'NONE',  ( 5.964999999999998970, -0.2833166275463452899, 0.3924999999999995159 ) ) ;
#90 = CARTESIAN_POINT ( 'NONE',  ( -5.169099354311476269, 0.1775084690746082106, -0.3924999999999995159 ) ) ;
#91 = CARTESIAN_POINT ( 'NONE',  ( 5.179991818863480368, 0.04450576610351886925, 0.3924999999999995159 ) ) ;
#92 = CARTESIAN_POINT ( 'NONE',  ( 4.395000000000000462, -1.813226416296551902, 0.3924999999999995159 ) ) ;
#93 = SURFACE_STYLE_FILL_AREA ( #71 ) ;
#94 = CARTESIAN_POINT ( 'NONE',  ( -5.694187487556190419, 1.080466268431464316, -0.3924999999999996270 ) ) ;
#95 = CARTESIAN_POINT ( 'NONE',  ( -2.314999999999999947, 1.359999999999999876, 0.000000000000000000 ) ) ;
#96 = VECTOR ( 'NONE', #1391, 1000.000000000000000 ) ;
#97 = CARTESIAN_POINT ( 'NONE',  ( -5.964999999999998970, -0.9066132081482746186, -0.3924999999999996270 ) ) ;
#98 = DIRECTION ( 'NONE',  ( 0.000000000000000000, 0.000000000000000000, 1.000000000000000000 ) ) ;
#99 = CARTESIAN_POINT ( 'NONE',  ( 5.180000000000784866, -9.066132081484534311, 0.3924999999999995159 ) ) ;
#100 = FACE_OUTER_BOUND ( 'NONE', #974, .T. ) ;
#101 = CARTESIAN_POINT ( 'NONE',  ( 5.964999999999998970, -0.1133266510185320097, 0.3924999999999995159 ) ) ;
#102 = CARTESIAN_POINT ( 'NONE',  ( -4.395000000000000462, -1.133266510185357179, -0.3924999999999993494 ) ) ;
#103 = CARTESIAN_POINT ( 'NONE',  ( 3.864505895925855139, 1.360000000000000098, 0.3924999999999995159 ) ) ;
#104 = CARTESIAN_POINT ( 'NONE',  ( 3.819999999999999840, 1.360000000000000098, 0.3924999999999995159 ) ) ;
#105 = COLOUR_RGB ( '',1.000000000000000000, 1.000000000000000000, 1.000000000000000000 ) ;
#106 = CARTESIAN_POINT ( 'NONE',  ( -5.937506863768064136, 0.3494503232744370358, 0.3924999999999995159 ) ) ;
#107 = CARTESIAN_POINT ( 'NONE',  ( 5.964999999999998970, -0.1133266510185320097, -0.3924999999999996270 ) ) ;
#108 = PRESENTATION_STYLE_ASSIGNMENT (( #515 ) ) ;
#109 = DIRECTION ( 'NONE',  ( -1.000000000000000000, -0.000000000000000000, -0.000000000000000000 ) ) ;
#110 = LINE ( 'NONE', #802, #72 ) ;
#111 = CARTESIAN_POINT ( 'NONE',  ( -5.138203872624117707, 1.715284218666190075, -0.3924999999999996270 ) ) ;
#112 = DIRECTION ( 'NONE',  ( 0.000000000000000000, 0.000000000000000000, -1.000000000000000000 ) ) ;
#113 = EDGE_CURVE ( 'NONE', #415, #1098, #1224, .T. ) ;
#114 = CARTESIAN_POINT ( 'NONE',  ( 3.969033904158674630, 0.5566235357540635365, -0.3924999999999993494 ) ) ;
#115 =( LENGTH_UNIT ( ) NAMED_UNIT ( * ) SI_UNIT ( .MILLI., .METRE. ) );
#116 = VECTOR ( 'NONE', #1451, 1000.000000000000000 ) ;
#117 = CARTESIAN_POINT ( 'NONE',  ( 5.964999999999998082, -4.533066040741771552, 0.3924999999999995159 ) ) ;
#118 = CARTESIAN_POINT ( 'NONE',  ( -5.180010415932360779, -0.05666316022408014741, -0.3924999999999995159 ) ) ;
#119 = CARTESIAN_POINT ( 'NONE',  ( 5.110566231619906752, 0.4381487649462767475, 0.3924999999999995159 ) ) ;
#120 = CIRCLE ( 'NONE', #1153, 0.3924999999999995159 ) ;
#121 = CARTESIAN_POINT ( 'NONE',  ( 5.964999999999998970, -2.266533020370688156, 0.3924999999999995159 ) ) ;
#122 = COLOUR_RGB ( '',0.7921568627450980005, 0.8196078431372548767, 0.9333333333333333481 ) ;
#123 = CARTESIAN_POINT ( 'NONE',  ( -5.179999999999997051, -18.13226416303135835, 0.3924999999999995159 ) ) ;
#124 = DIRECTION ( 'NONE',  ( -1.000000000000000000, -0.000000000000000000, -0.000000000000000000 ) ) ;
#125 = CARTESIAN_POINT ( 'NONE',  ( -3.819999999999999840, 1.752499999999999725, 0.000000000000000000 ) ) ;
#126 = DIRECTION ( 'NONE',  ( 0.000000000000000000, 1.000000000000000000, 0.000000000000000000 ) ) ;
#127 = CARTESIAN_POINT ( 'NONE',  ( -4.395000000000000462, -0.4533066040741526304, -0.3924999999999993494 ) ) ;
#128 = CARTESIAN_POINT ( 'NONE',  ( 4.395000000000000462, -0.9066132081482746186, 0.3924999999999995159 ) ) ;
#129 = PRESENTATION_LAYER_ASSIGNMENT (  '', '', ( #1009 ) ) ;
#130 = CARTESIAN_POINT ( 'NONE',  ( -3.913675494584067049, 0.5676300450660209940, -0.3924999999999993494 ) ) ;
#131 = CARTESIAN_POINT ( 'NONE',  ( 4.375961259861531616, 2.076447798595569161, 0.3924999999999995159 ) ) ;
#132 = CARTESIAN_POINT ( 'NONE',  ( 2.314999999999999947, 1.359999999999999876, 1.360000000000000098 ) ) ;
#133 = CARTESIAN_POINT ( 'NONE',  ( -5.179999999999999716, -1.813226416296551902, 0.3924999999999995159 ) ) ;
#134 = CARTESIAN_POINT ( 'NONE',  ( -2.314999999999999947, 1.360000000000000098, -1.360000000000000098 ) ) ;
#135 = CARTESIAN_POINT ( 'NONE',  ( 4.395000000000000462, -0.2266533020370644358, -0.3924999999999993494 ) ) ;
#136 = CARTESIAN_POINT ( 'NONE',  ( -5.179999999999999716, -1.133266510185357401, 0.3924999999999995159 ) ) ;
#137 = CARTESIAN_POINT ( 'NONE',  ( -4.258148764946227516, 1.290566231619903359, -0.3924999999999995159 ) ) ;
#138 = CARTESIAN_POINT ( 'NONE',  ( 4.387630045066029716, 0.09367549458405682872, 0.3924999999999995159 ) ) ;
#139 = CARTESIAN_POINT ( 'NONE',  ( -4.395000000000000462, -0.1133266510185320097, -0.3924999999999993494 ) ) ;
#140 = CARTESIAN_POINT ( 'NONE',  ( 3.877350428389751524, 2.144999999999999130, 0.3924999999999995159 ) ) ;
#141 = CARTESIAN_POINT ( 'NONE',  ( -5.179999999999999716, -0.4533066040741526304, 0.3924999999999995159 ) ) ;
#142 = CARTESIAN_POINT ( 'NONE',  ( -5.179999999999999716, -0.2833166275463452899, 0.3924999999999995159 ) ) ;
#143 = DIRECTION ( 'NONE',  ( -1.000000000000000000, -0.000000000000000000, -0.000000000000000000 ) ) ;
#144 = DIRECTION ( 'NONE',  ( -1.000000000000000000, -0.000000000000000000, -0.000000000000000000 ) ) ;
#145 = CARTESIAN_POINT ( 'NONE',  ( -5.964999999999998970, -0.2266533020370644358, -0.3924999999999996270 ) ) ;
#146 = CARTESIAN_POINT ( 'NONE',  ( 4.109635479882618014, 0.5024045712563289801, -0.3924999999999993494 ) ) ;
#147 = AXIS2_PLACEMENT_3D ( 'NONE', #994, #76, #458 ) ;
#148 = LINE ( 'NONE', #254, #153 ) ;
#149 = CARTESIAN_POINT ( 'NONE',  ( -5.179999999999997051, -18.13226416303135835, -0.3924999999999995159 ) ) ;
#150 = DIRECTION ( 'NONE',  ( -1.000000000000000000, 0.000000000000000000, -0.000000000000000000 ) ) ;
#151 = CARTESIAN_POINT ( 'NONE',  ( 4.511050809418868823, 2.035488652076986149, 0.3924999999999995159 ) ) ;
#152 = CARTESIAN_POINT ( 'NONE',  ( -5.179999999999999716, -1.813226416296551902, 0.3924999999999995159 ) ) ;
#153 = VECTOR ( 'NONE', #1564, 1000.000000000000000 ) ;
#154 = FILL_AREA_STYLE_COLOUR ( '', #662 ) ;
#155 = DIRECTION ( 'NONE',  ( 0.000000000000000000, 0.000000000000000000, 1.000000000000000000 ) ) ;
#156 = CARTESIAN_POINT ( 'NONE',  ( 4.005246720473584432, 0.5456438111628193477, -0.3924999999999993494 ) ) ;
#157 = CARTESIAN_POINT ( 'NONE',  ( 3.819999999999999840, 1.360000000000000098, 0.000000000000000000 ) ) ;
#158 = SURFACE_STYLE_USAGE ( .BOTH. , #8 ) ;
#159 = CARTESIAN_POINT ( 'NONE',  ( 3.864505895925855139, 1.360000000000000098, 0.3924999999999995159 ) ) ;
#160 = CARTESIAN_POINT ( 'NONE',  ( 4.395000000000000462, -0.2266533020370644358, -0.3924999999999993494 ) ) ;
#161 = CARTESIAN_POINT ( 'NONE',  ( -5.179999999999999716, -0.1133266510185320097, -0.3924999999999995159 ) ) ;
#162 = CARTESIAN_POINT ( 'NONE',  ( -5.179999999999998828, -7.252905665185662265, 0.3924999999999995159 ) ) ;
#163 =( NAMED_UNIT ( * ) PLANE_ANGLE_UNIT ( ) SI_UNIT ( $, .RADIAN. ) );
#164 = CARTESIAN_POINT ( 'NONE',  ( 5.964999999999998970, -1.133266510185357179, -0.3924999999999996270 ) ) ;
#165 = CARTESIAN_POINT ( 'NONE',  ( -4.395000000000000462, -0.2266533020370644358, 0.3924999999999995159 ) ) ;
#166 =( NAMED_UNIT ( * ) SI_UNIT ( $, .STERADIAN. ) SOLID_ANGLE_UNIT ( ) );
#167 = LINE ( 'NONE', #1312, #116 ) ;
#168 = CARTESIAN_POINT ( 'NONE',  ( 3.819999999999999840, 1.360000000000000098, 0.3924999999999995159 ) ) ;
#169 = CARTESIAN_POINT ( 'NONE',  ( 3.820000000000000728, 0.5750000000000008438, -0.3924999999999993494 ) ) ;
#170 = EDGE_CURVE ( 'NONE', #562, #1149, #572, .T. ) ;
#171 = CARTESIAN_POINT ( 'NONE',  ( -5.964999999999998970, -0.5666332550926782563, 0.3924999999999995159 ) ) ;
#172 = CARTESIAN_POINT ( 'NONE',  ( -2.314999999999999947, -1.750855167540618003E-16, 0.000000000000000000 ) ) ;
#173 = CARTESIAN_POINT ( 'NONE',  ( 4.655784273551941688, 1.087546171275544538, 0.3924999999999995159 ) ) ;
#174 = CARTESIAN_POINT ( 'NONE',  ( 3.960339338324088576, 2.141553433215072744, 0.3924999999999995159 ) ) ;
#175 = CARTESIAN_POINT ( 'NONE',  ( -3.820000000000000728, 0.5750000000000008438, 0.3924999999999995159 ) ) ;
#176 = DIRECTION ( 'NONE',  ( -1.000000000000000000, -0.000000000000000000, -0.000000000000000000 ) ) ;
#177 = CARTESIAN_POINT ( 'NONE',  ( 5.964999999999998970, -1.813226416296551902, -0.3924999999999996270 ) ) ;
#178 = CARTESIAN_POINT ( 'NONE',  ( -5.179999999999999716, -0.2266533020370644358, 0.3924999999999995159 ) ) ;
#179 = CARTESIAN_POINT ( 'NONE',  ( 4.394999999999997797, -18.13226416303135835, -0.3924999999999993494 ) ) ;
#180 = CARTESIAN_POINT ( 'NONE',  ( -5.179991818863480368, 0.04450576610351886925, -0.3924999999999995159 ) ) ;
#181 = CARTESIAN_POINT ( 'NONE',  ( -5.162568454417047370, 0.2215629089292469878, 0.3924999999999995159 ) ) ;
#182 = CARTESIAN_POINT ( 'NONE',  ( 3.997508469074611881, 1.349099354311475985, 0.3924999999999995159 ) ) ;
#183 = CARTESIAN_POINT ( 'NONE',  ( 4.395000000000784723, -9.066132081484532534, 0.3924999999999995159 ) ) ;
#184 = DIRECTION ( 'NONE',  ( -1.000000000000000000, -0.000000000000000000, -0.000000000000000000 ) ) ;
#185 = CARTESIAN_POINT ( 'NONE',  ( -4.109635479882618014, 0.5024045712563289801, 0.3924999999999995159 ) ) ;
#186 = AXIS2_PLACEMENT_3D ( 'NONE', #765, #31, #1508 ) ;
#187 = CARTESIAN_POINT ( 'NONE',  ( -1.591562499999999325, 0.2000000000000000111, 0.000000000000000000 ) ) ;
#188 = CARTESIAN_POINT ( 'NONE',  ( 5.008296029406241523, 0.6850508741570005000, -0.3924999999999995159 ) ) ;
#189 = CARTESIAN_POINT ( 'NONE',  ( -4.395000000000000462, -0.5666332550926782563, 0.3924999999999995159 ) ) ;
#190 = EDGE_CURVE ( 'NONE', #979, #1727, #483, .T. ) ;
#191 = CARTESIAN_POINT ( 'NONE',  ( -4.041562908929260622, 1.342568454417027546, -0.3924999999999995159 ) ) ;
#192 = CARTESIAN_POINT ( 'NONE',  ( 4.394999999999997797, -21.75871699555894168, -0.3924999999999993494 ) ) ;
#193 = CARTESIAN_POINT ( 'NONE',  ( -4.041562908929260622, 1.342568454417027546, -0.3924999999999995159 ) ) ;
#194 = CARTESIAN_POINT ( 'NONE',  ( -5.177814764182985030, 0.08897972033601221631, 0.3924999999999995159 ) ) ;
#195 = CARTESIAN_POINT ( 'NONE',  ( -2.314999999999999947, 1.359999999999999876, 0.000000000000000000 ) ) ;
#196 =( NAMED_UNIT ( * ) SI_UNIT ( $, .STERADIAN. ) SOLID_ANGLE_UNIT ( ) );
#197 = CARTESIAN_POINT ( 'NONE',  ( -4.376623535754044170, 0.1490339041586890567, 0.3924999999999995159 ) ) ;
#198 = ADVANCED_FACE ( 'NONE', ( #545 ), #578, .F. ) ;
#199 = DIRECTION ( 'NONE',  ( -1.000000000000000000, 1.440800229216616965E-16, 0.000000000000000000 ) ) ;
#200 = CARTESIAN_POINT ( 'NONE',  ( 4.169450323274453751, 2.117506863768034098, -0.3924999999999996270 ) ) ;
#201 = CARTESIAN_POINT ( 'NONE',  ( -3.895049536557292580, 0.5703912711243342981, 0.3924999999999995159 ) ) ;
#202 = CARTESIAN_POINT ( 'NONE',  ( 5.179999999998425864, -14.50581133036936166, 0.3924999999999995159 ) ) ;
#203 = CARTESIAN_POINT ( 'NONE',  ( 3.820000000000000284, 1.752499999999999725, 0.000000000000000000 ) ) ;
#204 = CARTESIAN_POINT ( 'NONE',  ( 5.937506863768064136, 0.3494503232744370358, -0.3924999999999996270 ) ) ;
#205 = PRODUCT_DEFINITION_FORMATION_WITH_SPECIFIED_SOURCE ( 'ANY', '', #1398, .NOT_KNOWN. ) ;
#206 = CARTESIAN_POINT ( 'NONE',  ( -3.908979720336012154, 1.357814764182985856, 0.3924999999999995159 ) ) ;
#207 = CARTESIAN_POINT ( 'NONE',  ( -5.964999999999998082, -7.252905665185662265, -0.3924999999999996270 ) ) ;
#208 = CARTESIAN_POINT ( 'NONE',  ( 4.394999999999998685, -4.533066040741771552, 0.3924999999999995159 ) ) ;
#209 = DIRECTION ( 'NONE',  ( -1.000000000000000000, -0.000000000000000000, -0.000000000000000000 ) ) ;
#210 = AXIS2_PLACEMENT_3D ( 'NONE', #937, #184, #305 ) ;
#211 = CARTESIAN_POINT ( 'NONE',  ( 3.819999999999999840, 0.9675000000000005818, -4.806738686653355625E-17 ) ) ;
#212 = CARTESIAN_POINT ( 'NONE',  ( 5.162568454417047370, 0.2215629089292469878, -0.3924999999999995159 ) ) ;
#213 = CARTESIAN_POINT ( 'NONE',  ( -4.394999999999997797, -21.75871699555894168, -0.3924999999999993494 ) ) ;
#214 = AXIS2_PLACEMENT_3D ( 'NONE', #666, #1786, #1542 ) ;
#215 = CARTESIAN_POINT ( 'NONE',  ( -5.964999999999998970, -0.1133266510185320097, 0.3924999999999995159 ) ) ;
#216 = CARTESIAN_POINT ( 'NONE',  ( 5.965000000000784119, -9.066132081484532534, -0.3924999999999996270 ) ) ;
#217 = CARTESIAN_POINT ( 'NONE',  ( -1.302187499999999609, 1.359999999999999876, 0.000000000000000000 ) ) ;
#218 = CARTESIAN_POINT ( 'NONE',  ( -5.964999999998425118, -14.50581133036936343, -0.3924999999999996270 ) ) ;
#219 = CARTESIAN_POINT ( 'NONE',  ( 3.997508469074611881, 1.349099354311475985, -0.3924999999999995159 ) ) ;
#220 = DIRECTION ( 'NONE',  ( 1.000000000000000000, 1.992948188320250669E-16, 0.000000000000000000 ) ) ;
#221 = DIRECTION ( 'NONE',  ( -1.000000000000000000, -0.000000000000000000, -0.000000000000000000 ) ) ;
#222 = DIRECTION ( 'NONE',  ( 1.000000000000000000, 2.449184984618537811E-17, 0.000000000000000000 ) ) ;
#223 = CARTESIAN_POINT ( 'NONE',  ( 5.964999999999998970, -0.2266533020370644358, 0.3924999999999995159 ) ) ;
#224 = CARTESIAN_POINT ( 'NONE',  ( -4.395000000000000462, -0.9066132081482746186, -0.3924999999999993494 ) ) ;
#225 = CARTESIAN_POINT ( 'NONE',  ( 4.258148764946227516, 1.290566231619903359, 0.3924999999999995159 ) ) ;
#226 = CARTESIAN_POINT ( 'NONE',  ( 4.907546171275478208, 0.8357842735518541399, 0.3924999999999995159 ) ) ;
#227 = CARTESIAN_POINT ( 'NONE',  ( -5.964999999999998082, -4.533066040741771552, 0.3924999999999995159 ) ) ;
#228 = CARTESIAN_POINT ( 'NONE',  ( 5.964999999999998970, -0.5666332550926782563, -0.3924999999999996270 ) ) ;
#229 = DIRECTION ( 'NONE',  ( 0.000000000000000000, 0.000000000000000000, 1.000000000000000000 ) ) ;
#230 = CARTESIAN_POINT ( 'NONE',  ( -3.997508469074611881, 1.349099354311475985, -0.3924999999999995159 ) ) ;
#231 = DIRECTION ( 'NONE',  ( -1.000000000000000000, -0.000000000000000000, -0.000000000000000000 ) ) ;
#232 = CARTESIAN_POINT ( 'NONE',  ( 3.864505895925855139, 1.360000000000000098, 0.3924999999999995159 ) ) ;
#233 = PRESENTATION_LAYER_ASSIGNMENT (  '', '', ( #1494 ) ) ;
#234 = MECHANICAL_DESIGN_GEOMETRIC_PRESENTATION_REPRESENTATION (  '', ( #1381 ), #1821 ) ;
#235 = CARTESIAN_POINT ( 'NONE',  ( -4.173364674479767444, 0.4598081238848987229, -0.3924999999999993494 ) ) ;
#236 = CARTESIAN_POINT ( 'NONE',  ( 4.395000000000000462, -0.5666332550926782563, 0.3924999999999995159 ) ) ;
#237 = CARTESIAN_POINT ( 'NONE',  ( 5.964999999999998082, -7.252905665185662265, -0.3924999999999996270 ) ) ;
#238 = CARTESIAN_POINT ( 'NONE',  ( -5.180000000000784866, -9.066132081484534311, 0.3924999999999995159 ) ) ;
#239 = CARTESIAN_POINT ( 'NONE',  ( -5.965016428069788823, -0.07301626721931357700, -0.3924999999999996270 ) ) ;
#240 = CARTESIAN_POINT ( 'NONE',  ( -1.302187499999999609, 1.359999999999999876, 0.000000000000000000 ) ) ;
#241 = CARTESIAN_POINT ( 'NONE',  ( 5.179999999999997051, -18.13226416303135835, -0.3924999999999995159 ) ) ;
#242 = CARTESIAN_POINT ( 'NONE',  ( 3.877350428389751524, 2.144999999999999130, 0.3924999999999995159 ) ) ;
#243 = CARTESIAN_POINT ( 'NONE',  ( -3.969033904158674630, 0.5566235357540635365, -0.3924999999999993494 ) ) ;
#244 = CARTESIAN_POINT ( 'NONE',  ( 4.394999999999997797, -21.75871699555894168, 0.3924999999999995159 ) ) ;
#245 = CARTESIAN_POINT ( 'NONE',  ( -5.179999999999999716, -0.2833166275463452899, -0.3924999999999995159 ) ) ;
#246 = CARTESIAN_POINT ( 'NONE',  ( -5.964999999999996305, -21.75871699555894168, 0.3924999999999995159 ) ) ;
#247 = AXIS2_PLACEMENT_3D ( 'NONE', #1449, #841, #832 ) ;
#248 = CARTESIAN_POINT ( 'NONE',  ( 5.964999999999998970, -1.133266510185357179, -0.3924999999999996270 ) ) ;
#249 = CARTESIAN_POINT ( 'NONE',  ( -5.179999999999999716, -0.1133266510185320097, 0.3924999999999995159 ) ) ;
#250 = CARTESIAN_POINT ( 'NONE',  ( -5.179999999999999716, -0.1133266510185320097, 0.3924999999999995159 ) ) ;
#251 = CARTESIAN_POINT ( 'NONE',  ( 5.162568454417047370, 0.2215629089292469878, -0.3924999999999995159 ) ) ;
#252 = EDGE_CURVE ( 'NONE', #1191, #562, #575, .T. ) ;
#253 = CARTESIAN_POINT ( 'NONE',  ( 4.109635479882618014, 0.5024045712563289801, -0.3924999999999993494 ) ) ;
#254 = CARTESIAN_POINT ( 'NONE',  ( -2.314999999999999947, 1.360000000000000098, -1.159999999999999698 ) ) ;
#255 = CARTESIAN_POINT ( 'NONE',  ( -4.005246720473584432, 0.5456438111628193477, -0.3924999999999993494 ) ) ;
#256 = CARTESIAN_POINT ( 'NONE',  ( 4.365643811162840393, 0.1852467204736192030, 0.3924999999999995159 ) ) ;
#257 = CARTESIAN_POINT ( 'NONE',  ( -5.179999999999999716, -1.133266510185357401, -0.3924999999999995159 ) ) ;
#258 = CARTESIAN_POINT ( 'NONE',  ( -5.179999999998425864, -14.50581133036936166, 0.3924999999999995159 ) ) ;
#259 = CARTESIAN_POINT ( 'NONE',  ( 5.179999999999999716, -0.2266533020370644358, -0.3924999999999995159 ) ) ;
#260 = CARTESIAN_POINT ( 'NONE',  ( 4.394076095150897920, 0.03762010234794613966, -0.3924999999999993494 ) ) ;
#261 = CARTESIAN_POINT ( 'NONE',  ( -5.179999999999999716, -0.9066132081482746186, 0.3924999999999995159 ) ) ;
#262 = DIRECTION ( 'NONE',  ( 0.000000000000000000, 0.000000000000000000, 1.000000000000000000 ) ) ;
#263 = CARTESIAN_POINT ( 'NONE',  ( -4.172497582010103123, 1.316535667174816515, -0.3924999999999995159 ) ) ;
#264 = CARTESIAN_POINT ( 'NONE',  ( 4.395000000000000462, -0.4533066040741526304, 0.3924999999999995159 ) ) ;
#265 = AXIS2_PLACEMENT_3D ( 'NONE', #1856, #1326, #1867 ) ;
#266 = CARTESIAN_POINT ( 'NONE',  ( -5.110566231619906752, 0.4381487649462767475, -0.3924999999999995159 ) ) ;
#267 = EDGE_CURVE ( 'NONE', #342, #443, #1851, .T. ) ;
#268 = CARTESIAN_POINT ( 'NONE',  ( -5.179999999999997051, -21.75871699555894168, 0.3924999999999995159 ) ) ;
#269 = CARTESIAN_POINT ( 'NONE',  ( -5.179999999999999716, -0.4533066040741526304, 0.3924999999999995159 ) ) ;
#270 = CARTESIAN_POINT ( 'NONE',  ( 3.820000000000000284, 0.9675000000000005818, -4.806738686653356858E-17 ) ) ;
#271 = CARTESIAN_POINT ( 'NONE',  ( 4.173364674479767444, 0.4598081238848987229, 0.3924999999999995159 ) ) ;
#272 = CARTESIAN_POINT ( 'NONE',  ( -5.964999999999998970, -0.1133266510185320097, -0.3924999999999996270 ) ) ;
#273 = CARTESIAN_POINT ( 'NONE',  ( 5.179999999999998828, -4.533066040741771552, -0.3924999999999995159 ) ) ;
#274 = CARTESIAN_POINT ( 'NONE',  ( -5.179999999999999716, -0.2266533020370644358, -0.3924999999999995159 ) ) ;
#275 = CARTESIAN_POINT ( 'NONE',  ( -5.179999999999997051, -18.13226416303135835, -0.3924999999999995159 ) ) ;
#276 = CARTESIAN_POINT ( 'NONE',  ( 4.099967401591931626, 2.127807437498617560, 0.3924999999999995159 ) ) ;
#277 = CARTESIAN_POINT ( 'NONE',  ( -2.314999999999999947, 1.359999999999999876, 0.000000000000000000 ) ) ;
#278 = CARTESIAN_POINT ( 'NONE',  ( -1.591562499999999325, 1.360000000000000098, -1.359999999999999876 ) ) ;
#279 = CARTESIAN_POINT ( 'NONE',  ( 3.820000000000000728, 0.5750000000000008438, -0.3924999999999993494 ) ) ;
#280 = CARTESIAN_POINT ( 'NONE',  ( -1.302187499999999609, 1.360000000000000098, -1.359999999999999876 ) ) ;
#281 = AXIS2_PLACEMENT_3D ( 'NONE', #1689, #1606, #1342 ) ;
#282 = CARTESIAN_POINT ( 'NONE',  ( -5.947807437498617844, 0.2799674015919373371, -0.3924999999999996270 ) ) ;
#283 = CARTESIAN_POINT ( 'NONE',  ( 4.394076095150897920, 0.03762010234794613966, -0.3924999999999993494 ) ) ;
#284 = PRESENTATION_LAYER_ASSIGNMENT (  '', '', ( #347 ) ) ;
#285 = CARTESIAN_POINT ( 'NONE',  ( -5.110566231619906752, 0.4381487649462767475, -0.3924999999999995159 ) ) ;
#286 = CARTESIAN_POINT ( 'NONE',  ( 5.179999999998425864, -14.50581133036936166, 0.3924999999999995159 ) ) ;
#287 = EDGE_CURVE ( 'NONE', #1149, #467, #1219, .T. ) ;
#288 = ORIENTED_EDGE ( 'NONE', *, *, #927, .F. ) ;
#289 = DIRECTION ( 'NONE',  ( -1.000000000000000000, -0.000000000000000000, -0.000000000000000000 ) ) ;
#290 = CARTESIAN_POINT ( 'NONE',  ( -4.655784273551941688, 1.087546171275544538, 0.3924999999999995159 ) ) ;
#291 = CARTESIAN_POINT ( 'NONE',  ( -4.395000000000000462, -0.9066132081482746186, 0.3924999999999995159 ) ) ;
#292 = DIRECTION ( 'NONE',  ( 0.000000000000000000, 0.000000000000000000, 1.000000000000000000 ) ) ;
#293 = CARTESIAN_POINT ( 'NONE',  ( 5.179999999999997051, -21.75871699555894168, -0.3924999999999995159 ) ) ;
#294 = CARTESIAN_POINT ( 'NONE',  ( -5.947807437498617844, 0.2799674015919373371, 0.3924999999999995159 ) ) ;
#295 = DIRECTION ( 'NONE',  ( -0.000000000000000000, 0.000000000000000000, 1.000000000000000000 ) ) ;
#296 = CARTESIAN_POINT ( 'NONE',  ( -4.395000000000000462, -3.626452832593225040, -0.3924999999999993494 ) ) ;
#297 = CARTESIAN_POINT ( 'NONE',  ( 3.864505895925855139, 1.360000000000000098, -0.3924999999999995159 ) ) ;
#298 = CARTESIAN_POINT ( 'NONE',  ( -5.179999999999999716, -0.2833166275463452899, 0.3924999999999995159 ) ) ;
#299 = CARTESIAN_POINT ( 'NONE',  ( -1.591562499999999325, 1.359999999999999876, 1.359999999999999876 ) ) ;
#300 = CARTESIAN_POINT ( 'NONE',  ( -1.302187499999999609, 0.2000000000000000111, 0.000000000000000000 ) ) ;
#301 = CARTESIAN_POINT ( 'NONE',  ( 4.395000000000784723, -9.066132081484532534, -0.3924999999999993494 ) ) ;
#302 = AXIS2_PLACEMENT_3D ( 'NONE', #217, #109, #955 ) ;
#303 = PLANE ( 'NONE',  #1519 ) ;
#304 = CARTESIAN_POINT ( 'NONE',  ( 5.179999999999998828, -4.533066040741771552, 0.3924999999999995159 ) ) ;
#305 = DIRECTION ( 'NONE',  ( 0.000000000000000000, 0.000000000000000000, 1.000000000000000000 ) ) ;
#306 = CARTESIAN_POINT ( 'NONE',  ( -4.394996541063603601, 0.03166130857383836483, 0.3924999999999995159 ) ) ;
#307 = CARTESIAN_POINT ( 'NONE',  ( 5.964987096663357136, 0.05735022363319933203, -0.3924999999999996270 ) ) ;
#308 = CARTESIAN_POINT ( 'NONE',  ( -5.179999999999999716, -0.4533066040741526304, 0.3924999999999995159 ) ) ;
#309 = CARTESIAN_POINT ( 'NONE',  ( 5.179999999999999716, -0.5666332550926783673, 0.3924999999999995159 ) ) ;
#310 = DIRECTION ( 'NONE',  ( 0.000000000000000000, 0.000000000000000000, 1.000000000000000000 ) ) ;
#311 = CARTESIAN_POINT ( 'NONE',  ( 5.136535667174777942, 0.3524975820101176049, -0.3924999999999995159 ) ) ;
#312 = DIRECTION ( 'NONE',  ( -1.000000000000000000, -0.000000000000000000, -0.000000000000000000 ) ) ;
#313 = CARTESIAN_POINT ( 'NONE',  ( -5.179999999999999716, -0.9066132081482746186, 0.3924999999999995159 ) ) ;
#314 = DIRECTION ( 'NONE',  ( -1.000000000000000000, -0.000000000000000000, -0.000000000000000000 ) ) ;
#315 = CARTESIAN_POINT ( 'NONE',  ( 5.179999999999999716, -0.5666332550926783673, 0.3924999999999995159 ) ) ;
#316 = CARTESIAN_POINT ( 'NONE',  ( -4.394999999998426610, -14.50581133036936343, -0.3924999999999993494 ) ) ;
#317 = AXIS2_PLACEMENT_3D ( 'NONE', #1223, #1787, #55 ) ;
#318 = CARTESIAN_POINT ( 'NONE',  ( 5.180010415932360779, -0.05666316022408014741, -0.3924999999999995159 ) ) ;
#319 = CARTESIAN_POINT ( 'NONE',  ( -3.851661363461959642, 0.5750000000000008438, 0.3924999999999995159 ) ) ;
#320 = CARTESIAN_POINT ( 'NONE',  ( -1.302187499999999609, 1.360000000000000098, -1.159999999999999698 ) ) ;
#321 = ORIENTED_EDGE ( 'NONE', *, *, #252, .T. ) ;
#322 = PRODUCT_DEFINITION_CONTEXT ( 'detailed design', #888, 'design' ) ;
#323 = EDGE_CURVE ( 'NONE', #499, #1618, #600, .T. ) ;
#324 = CARTESIAN_POINT ( 'NONE',  ( -5.964999999998425118, -14.50581133036936343, 0.3924999999999995159 ) ) ;
#325 = CARTESIAN_POINT ( 'NONE',  ( 5.964999999999998970, -0.4533066040741526304, 0.3924999999999995159 ) ) ;
#326 = ORIENTED_EDGE ( 'NONE', *, *, #506, .T. ) ;
#327 = CARTESIAN_POINT ( 'NONE',  ( -5.179999999999998828, -7.252905665185662265, 0.3924999999999995159 ) ) ;
#328 = CARTESIAN_POINT ( 'NONE',  ( -5.964999999999996305, -18.13226416303135835, 0.3924999999999995159 ) ) ;
#329 = CARTESIAN_POINT ( 'NONE',  ( -1.302187499999999609, 1.359999999999999876, 0.000000000000000000 ) ) ;
#330 = CARTESIAN_POINT ( 'NONE',  ( 4.395000000000000462, -3.626452832593225040, 0.3924999999999995159 ) ) ;
#331 = DIRECTION ( 'NONE',  ( 0.000000000000000000, 0.000000000000000000, 1.000000000000000000 ) ) ;
#332 =( BOUNDED_SURFACE ( )  B_SPLINE_SURFACE ( 3, 3, ( 
 ( #779, #1878, #1870, #975, #1667, #963, #1434, #1538, #1706, #1114, #1558, #1695, #1718, #709, #352, #856, #846, #1844, #376, #1548, #952, #1819, #119, #1155, #226, #1444, #1143, #1315, #826, #1453, #688, #1575, #521, #104 ),
 ( #244, #549, #574, #1423, #1301, #723, #1565, #1834, #92, #1859, #128, #236, #264, #676, #699, #816, #1681, #835, #404, #364, #138, #986, #256, #1262, #941, #1279, #536, #1128, #390, #1290, #560, #417, #1745, #1608 ),
 ( #192, #179, #10, #301, #612, #1731, #1493, #461, #1380, #878, #1597, #622, #1883, #1329, #160, #1029, #1474, #909, #283, #1483, #1186, #1355, #737, #867, #1785, #903, #146, #891, #1761, #1464, #1617, #999, #24, #169 ),
 ( #293, #1013, #772, #476, #1170, #273, #637, #1048, #1201, #758, #445, #1503, #1345, #432, #586, #1210, #1369, #1220, #781, #1626, #50, #311, #1414, #1541, #380, #1251, #1118, #552, #817, #1654, #1797, #1550, #1685, #79 ),
 ( #1083, #1822, #1809, #216, #237, #932, #339, #1670, #920, #248, #366, #228, #540, #355, #524, #107, #1236, #509, #1514, #1405, #204, #1099, #1528, #796, #680, #651, #664, #1281, #702, #944, #1427, #1837, #690, #838 ),
 ( #829, #1293, #954, #1133, #1436, #1697, #1850, #121, #1065, #1393, #1640, #66, #325, #493, #1467, #614, #1160, #1003, #762, #739, #1580, #1862, #1477, #16, #1874, #27, #1148, #151, #131, #1319, #276, #174, #140, #604 ),
 ( #1456, #967, #286, #1736, #421, #393, #712, #1447, #858, #849, #978, #1721, #3, #577, #727, #590, #872, #990, #1335, #1360, #436, #1192, #1349, #750, #882, #1487, #1772, #1502, #49, #1344, #23, #1759, #159, #168 ) ),
 .UNSPECIFIED., .T., .F., .F. ) 
 B_SPLINE_SURFACE_WITH_KNOTS ( ( 4, 3, 4 ),
 ( 4, 2, 2, 2, 2, 2, 2, 2, 2, 2, 2, 2, 2, 2, 2, 2, 4 ),
 ( 0.000000000000000000, 0.5000000000000000000, 1.000000000000000000 ),
 ( 0.000000000000000000, 0.4283212006999791988, 0.6424818010499687704, 0.7495621012249635839, 0.8031022513124610462, 0.8298723263562097774, 0.8432573638780840319, 0.8499498826390212702, 0.8566424013999583975, 0.8618990032809650259, 0.8671556051619715433, 0.8776688089239845780, 0.8986952164480106475, 0.9197216239720368280, 0.9302348277340499738, 0.9354914296150564912, 0.9407480314960630086 ),
 .UNSPECIFIED. ) 
 GEOMETRIC_REPRESENTATION_ITEM ( )  RATIONAL_B_SPLINE_SURFACE ( (
 ( 1.000000000000000000, 1.000000000000000000, 1.000000000000000000, 1.000000000000000000, 1.000000000000000000, 1.000000000000000000, 1.000000000000000000, 1.000000000000000000, 1.000000000000000000, 1.000000000000000000, 1.000000000000000000, 1.000000000000000000, 1.000000000000000000, 1.000000000000000000, 1.000000000000000000, 1.000000000000000000, 1.000000000000000000, 1.000000000000000000, 1.000000000000000000, 1.000000000000000000, 1.000000000000000000, 1.000000000000000000, 1.000000000000000000, 1.000000000000000000, 1.000000000000000000, 1.000000000000000000, 1.000000000000000000, 1.000000000000000000, 1.000000000000000000, 1.000000000000000000, 1.000000000000000000, 1.000000000000000000, 1.000000000000000000, 1.000000000000000000),
 ( 0.3333333333333333703, 0.3333333333333333703, 0.3333333333333333703, 0.3333333333333333703, 0.3333333333333333703, 0.3333333333333333703, 0.3333333333333333703, 0.3333333333333333703, 0.3333333333333333703, 0.3333333333333333703, 0.3333333333333333703, 0.3333333333333333703, 0.3333333333333333703, 0.3333333333333333703, 0.3333333333333333703, 0.3333333333333333703, 0.3333333333333333703, 0.3333333333333333703, 0.3333333333333333703, 0.3333333333333333703, 0.3333333333333333703, 0.3333333333333333703, 0.3333333333333333703, 0.3333333333333333703, 0.3333333333333333703, 0.3333333333333333703, 0.3333333333333333703, 0.3333333333333333703, 0.3333333333333333703, 0.3333333333333333703, 0.3333333333333333703, 0.3333333333333333703, 0.3333333333333333703, 0.3333333333333333703),
 ( 0.3333333333333333703, 0.3333333333333333703, 0.3333333333333333703, 0.3333333333333333703, 0.3333333333333333703, 0.3333333333333333703, 0.3333333333333333703, 0.3333333333333333703, 0.3333333333333333703, 0.3333333333333333703, 0.3333333333333333703, 0.3333333333333333703, 0.3333333333333333703, 0.3333333333333333703, 0.3333333333333333703, 0.3333333333333333703, 0.3333333333333333703, 0.3333333333333333703, 0.3333333333333333703, 0.3333333333333333703, 0.3333333333333333703, 0.3333333333333333703, 0.3333333333333333703, 0.3333333333333333703, 0.3333333333333333703, 0.3333333333333333703, 0.3333333333333333703, 0.3333333333333333703, 0.3333333333333333703, 0.3333333333333333703, 0.3333333333333333703, 0.3333333333333333703, 0.3333333333333333703, 0.3333333333333333703),
 ( 1.000000000000000000, 1.000000000000000000, 1.000000000000000000, 1.000000000000000000, 1.000000000000000000, 1.000000000000000000, 1.000000000000000000, 1.000000000000000000, 1.000000000000000000, 1.000000000000000000, 1.000000000000000000, 1.000000000000000000, 1.000000000000000000, 1.000000000000000000, 1.000000000000000000, 1.000000000000000000, 1.000000000000000000, 1.000000000000000000, 1.000000000000000000, 1.000000000000000000, 1.000000000000000000, 1.000000000000000000, 1.000000000000000000, 1.000000000000000000, 1.000000000000000000, 1.000000000000000000, 1.000000000000000000, 1.000000000000000000, 1.000000000000000000, 1.000000000000000000, 1.000000000000000000, 1.000000000000000000, 1.000000000000000000, 1.000000000000000000),
 ( 0.3333333333333333703, 0.3333333333333333703, 0.3333333333333333703, 0.3333333333333333703, 0.3333333333333333703, 0.3333333333333333703, 0.3333333333333333703, 0.3333333333333333703, 0.3333333333333333703, 0.3333333333333333703, 0.3333333333333333703, 0.3333333333333333703, 0.3333333333333333703, 0.3333333333333333703, 0.3333333333333333703, 0.3333333333333333703, 0.3333333333333333703, 0.3333333333333333703, 0.3333333333333333703, 0.3333333333333333703, 0.3333333333333333703, 0.3333333333333333703, 0.3333333333333333703, 0.3333333333333333703, 0.3333333333333333703, 0.3333333333333333703, 0.3333333333333333703, 0.3333333333333333703, 0.3333333333333333703, 0.3333333333333333703, 0.3333333333333333703, 0.3333333333333333703, 0.3333333333333333703, 0.3333333333333333703),
 ( 0.3333333333333333703, 0.3333333333333333703, 0.3333333333333333703, 0.3333333333333333703, 0.3333333333333333703, 0.3333333333333333703, 0.3333333333333333703, 0.3333333333333333703, 0.3333333333333333703, 0.3333333333333333703, 0.3333333333333333703, 0.3333333333333333703, 0.3333333333333333703, 0.3333333333333333703, 0.3333333333333333703, 0.3333333333333333703, 0.3333333333333333703, 0.3333333333333333703, 0.3333333333333333703, 0.3333333333333333703, 0.3333333333333333703, 0.3333333333333333703, 0.3333333333333333703, 0.3333333333333333703, 0.3333333333333333703, 0.3333333333333333703, 0.3333333333333333703, 0.3333333333333333703, 0.3333333333333333703, 0.3333333333333333703, 0.3333333333333333703, 0.3333333333333333703, 0.3333333333333333703, 0.3333333333333333703),
 ( 1.000000000000000000, 1.000000000000000000, 1.000000000000000000, 1.000000000000000000, 1.000000000000000000, 1.000000000000000000, 1.000000000000000000, 1.000000000000000000, 1.000000000000000000, 1.000000000000000000, 1.000000000000000000, 1.000000000000000000, 1.000000000000000000, 1.000000000000000000, 1.000000000000000000, 1.000000000000000000, 1.000000000000000000, 1.000000000000000000, 1.000000000000000000, 1.000000000000000000, 1.000000000000000000, 1.000000000000000000, 1.000000000000000000, 1.000000000000000000, 1.000000000000000000, 1.000000000000000000, 1.000000000000000000, 1.000000000000000000, 1.000000000000000000, 1.000000000000000000, 1.000000000000000000, 1.000000000000000000, 1.000000000000000000, 1.000000000000000000) ) ) 
 REPRESENTATION_ITEM ( '' )  SURFACE ( )  );
#333 = CLOSED_SHELL ( 'NONE', ( #770, #1208, #1728, #860, #1242, #915, #1465, #584, #4, #35 ) ) ;
#334 = CARTESIAN_POINT ( 'NONE',  ( -2.314999999999999947, 1.359999999999999876, 1.359999999999999876 ) ) ;
#335 = CARTESIAN_POINT ( 'NONE',  ( 4.505050874157126906, 1.188296029406237020, -0.3924999999999995159 ) ) ;
#336 = CARTESIAN_POINT ( 'NONE',  ( -4.394999999999997797, -18.13226416303135835, -0.3924999999999993494 ) ) ;
#337 = CARTESIAN_POINT ( 'NONE',  ( -1.591562499999999325, 1.359999999999999876, 1.159999999999999698 ) ) ;
#338 = CARTESIAN_POINT ( 'NONE',  ( -5.947807437498617844, 0.2799674015919373371, 0.3924999999999995159 ) ) ;
#339 = CARTESIAN_POINT ( 'NONE',  ( 5.964999999999998970, -3.626452832593225040, -0.3924999999999996270 ) ) ;
#340 = VERTEX_POINT ( 'NONE', #1567 ) ;
#341 = CARTESIAN_POINT ( 'NONE',  ( -5.136535667174777942, 0.3524975820101176049, 0.3924999999999995159 ) ) ;
#342 = VERTEX_POINT ( 'NONE', #1723 ) ;
#343 = CARTESIAN_POINT ( 'NONE',  ( -5.964999999999998970, -2.266533020370688156, -0.3924999999999996270 ) ) ;
#344 = CARTESIAN_POINT ( 'NONE',  ( -5.179999999999997051, -21.75871699555894168, 0.3924999999999995159 ) ) ;
#345 = CARTESIAN_POINT ( 'NONE',  ( 5.179999999999998828, -7.252905665185662265, 0.3924999999999995159 ) ) ;
#346 = SURFACE_SIDE_STYLE ('',( #93 ) ) ;
#347 = STYLED_ITEM ( 'NONE', ( #1336 ), #1549 ) ;
#348 = ORIENTED_EDGE ( 'NONE', *, *, #927, .T. ) ;
#349 = CARTESIAN_POINT ( 'NONE',  ( 5.535284218666188139, 1.318203872624080564, 0.3924999999999995159 ) ) ;
#350 = CARTESIAN_POINT ( 'NONE',  ( -4.394996541063603601, 0.03166130857383836483, -0.3924999999999993494 ) ) ;
#351 = CARTESIAN_POINT ( 'NONE',  ( 4.172497582010103123, 1.316535667174816515, 0.3924999999999995159 ) ) ;
#352 = CARTESIAN_POINT ( 'NONE',  ( 5.179999999999999716, -0.2266533020370644358, 0.3924999999999995159 ) ) ;
#353 = EDGE_CURVE ( 'NONE', #340, #1047, #1199, .T. ) ;
#354 = CARTESIAN_POINT ( 'NONE',  ( -5.964999999999998970, -3.626452832593225040, 0.3924999999999995159 ) ) ;
#355 = CARTESIAN_POINT ( 'NONE',  ( 5.964999999999998970, -0.2833166275463452899, -0.3924999999999996270 ) ) ;
#356 = ORIENTED_EDGE ( 'NONE', *, *, #170, .T. ) ;
#357 = CARTESIAN_POINT ( 'NONE',  ( -5.179999999999999716, -2.266533020370689044, 0.3924999999999995159 ) ) ;
#358 = CARTESIAN_POINT ( 'NONE',  ( -5.937506863768064136, 0.3494503232744370358, -0.3924999999999996270 ) ) ;
#359 = DIRECTION ( 'NONE',  ( 1.000000000000000000, 0.000000000000000000, 0.000000000000000000 ) ) ;
#360 = EDGE_LOOP ( 'NONE', ( #1119, #1115 ) ) ;
#361 = CARTESIAN_POINT ( 'NONE',  ( 5.965000000000784119, -9.066132081484532534, 0.3924999999999995159 ) ) ;
#362 = CARTESIAN_POINT ( 'NONE',  ( -4.395000000000000462, -0.2833166275463452899, -0.3924999999999993494 ) ) ;
#363 = CARTESIAN_POINT ( 'NONE',  ( 5.179999999999999716, -1.133266510185357401, 0.3924999999999995159 ) ) ;
#364 = CARTESIAN_POINT ( 'NONE',  ( 4.390391271124333805, 0.07504953655727909789, 0.3924999999999995159 ) ) ;
#365 = CARTESIAN_POINT ( 'NONE',  ( -4.900466268431635797, 1.874187487556144172, 0.3924999999999995159 ) ) ;
#366 = CARTESIAN_POINT ( 'NONE',  ( 5.964999999999998970, -0.9066132081482746186, -0.3924999999999996270 ) ) ;
#367 = ORIENTED_EDGE ( 'NONE', *, *, #1014, .T. ) ;
#368 = CARTESIAN_POINT ( 'NONE',  ( -2.314999999999999947, 1.359999999999999876, 1.360000000000000098 ) ) ;
#369 = CARTESIAN_POINT ( 'NONE',  ( -5.855488652076973111, 0.6910508094189341532, -0.3924999999999996270 ) ) ;
#370 = CARTESIAN_POINT ( 'NONE',  ( 5.179999999999999716, -0.5666332550926783673, -0.3924999999999995159 ) ) ;
#371 = CARTESIAN_POINT ( 'NONE',  ( 5.179999999998425864, -14.50581133036936166, -0.3924999999999995159 ) ) ;
#372 = AXIS2_PLACEMENT_3D ( 'NONE', #881, #1069, #1239 ) ;
#373 = ORIENTED_EDGE ( 'NONE', *, *, #323, .T. ) ;
#374 = CARTESIAN_POINT ( 'NONE',  ( 5.180000000000784866, -9.066132081484534311, 0.3924999999999995159 ) ) ;
#375 = CARTESIAN_POINT ( 'NONE',  ( -5.179991818863480368, 0.04450576610351886925, -0.3924999999999995159 ) ) ;
#376 = CARTESIAN_POINT ( 'NONE',  ( 5.177814764182985030, 0.08897972033601221631, 0.3924999999999995159 ) ) ;
#377 = ORIENTED_EDGE ( 'NONE', *, *, #1632, .F. ) ;
#378 = CARTESIAN_POINT ( 'NONE',  ( -4.394996541063603601, 0.03166130857383836483, -0.3924999999999993494 ) ) ;
#379 = CARTESIAN_POINT ( 'NONE',  ( -4.375961259861531616, 2.076447798595569161, 0.3924999999999995159 ) ) ;
#380 = CARTESIAN_POINT ( 'NONE',  ( 4.907546171275478208, 0.8357842735518541399, -0.3924999999999995159 ) ) ;
#381 = EDGE_LOOP ( 'NONE', ( #1703, #1639, #522, #1004, #1722 ) ) ;
#382 = CARTESIAN_POINT ( 'NONE',  ( 2.314999999999999947, 1.360000000000000098, 0.000000000000000000 ) ) ;
#383 = EDGE_LOOP ( 'NONE', ( #1616, #1646, #1693, #422, #1743 ) ) ;
#384 = CARTESIAN_POINT ( 'NONE',  ( -5.110566231619906752, 0.4381487649462767475, 0.3924999999999995159 ) ) ;
#385 = CARTESIAN_POINT ( 'NONE',  ( 4.258148764946227516, 1.290566231619903359, -0.3924999999999995159 ) ) ;
#386 = CARTESIAN_POINT ( 'NONE',  ( 4.387630045066029716, 0.09367549458405682872, 0.3924999999999995159 ) ) ;
#387 = CARTESIAN_POINT ( 'NONE',  ( -5.179999999999997051, -21.75871699555894168, 0.3924999999999995159 ) ) ;
#388 = ORIENTED_EDGE ( 'NONE', *, *, #724, .F. ) ;
#389 = CARTESIAN_POINT ( 'NONE',  ( -4.279808123884768278, 0.3533646744796272166, -0.3924999999999993494 ) ) ;
#390 = CARTESIAN_POINT ( 'NONE',  ( 3.969033904158674630, 0.5566235357540635365, 0.3924999999999995159 ) ) ;
#391 = ORIENTED_EDGE ( 'NONE', *, *, #1211, .T. ) ;
#392 = AXIS2_PLACEMENT_3D ( 'NONE', #596, #1182, #1430 ) ;
#393 = CARTESIAN_POINT ( 'NONE',  ( 5.179999999999998828, -4.533066040741771552, 0.3924999999999995159 ) ) ;
#394 = VERTEX_POINT ( 'NONE', #132 ) ;
#395 = CARTESIAN_POINT ( 'NONE',  ( -5.179999999999998828, -4.533066040741771552, 0.3924999999999995159 ) ) ;
#396 = ORIENTED_EDGE ( 'NONE', *, *, #86, .T. ) ;
#397 = CARTESIAN_POINT ( 'NONE',  ( -5.180010415932360779, -0.05666316022408014741, 0.3924999999999995159 ) ) ;
#398 = CARTESIAN_POINT ( 'NONE',  ( 5.008296029406241523, 0.6850508741570005000, -0.3924999999999995159 ) ) ;
#399 = MANIFOLD_SOLID_BREP ( 'Mirror1', #1841 ) ;
#400 = CARTESIAN_POINT ( 'NONE',  ( 5.179999999999999716, -1.813226416296551902, -0.3924999999999995159 ) ) ;
#401 =( LENGTH_UNIT ( ) NAMED_UNIT ( * ) SI_UNIT ( .MILLI., .METRE. ) );
#402 = ORIENTED_EDGE ( 'NONE', *, *, #452, .F. ) ;
#403 = CARTESIAN_POINT ( 'NONE',  ( -4.395000000000000462, -0.2266533020370644358, -0.3924999999999993494 ) ) ;
#404 = CARTESIAN_POINT ( 'NONE',  ( 4.394076095150897920, 0.03762010234794613966, 0.3924999999999995159 ) ) ;
#405 = ORIENTED_EDGE ( 'NONE', *, *, #1707, .T. ) ;
#406 = CARTESIAN_POINT ( 'NONE',  ( -4.395000000000000462, -0.2266533020370644358, -0.3924999999999993494 ) ) ;
#407 = ORIENTED_EDGE ( 'NONE', *, *, #1337, .F. ) ;
#408 = ADVANCED_FACE ( 'NONE', ( #1845 ), #1234, .F. ) ;
#409 = CARTESIAN_POINT ( 'NONE',  ( 3.820000000000000284, 1.360000000000000098, -0.3924999999999995159 ) ) ;
#410 = EDGE_LOOP ( 'NONE', ( #962, #1082, #1631, #491 ) ) ;
#411 = CARTESIAN_POINT ( 'NONE',  ( -3.820000000000000728, 2.144999999999999130, 0.3924999999999995159 ) ) ;
#412 = DIRECTION ( 'NONE',  ( 0.000000000000000000, 0.000000000000000000, 1.000000000000000000 ) ) ;
#413 = CARTESIAN_POINT ( 'NONE',  ( 3.969033904158674630, 0.5566235357540635365, 0.3924999999999995159 ) ) ;
#414 = DIRECTION ( 'NONE',  ( 0.000000000000000000, 0.000000000000000000, 1.000000000000000000 ) ) ;
#415 = VERTEX_POINT ( 'NONE', #409 ) ;
#416 = CARTESIAN_POINT ( 'NONE',  ( -5.965016428069788823, -0.07301626721931357700, -0.3924999999999996270 ) ) ;
#417 = CARTESIAN_POINT ( 'NONE',  ( 3.857620102347936175, 0.5740760951508994125, 0.3924999999999995159 ) ) ;
#418 = ORIENTED_EDGE ( 'NONE', *, *, #1080, .T. ) ;
#419 = AXIS2_PLACEMENT_3D ( 'NONE', #1063, #1596, #1607 ) ;
#420 = CARTESIAN_POINT ( 'NONE',  ( -5.180010415932360779, -0.05666316022408014741, -0.3924999999999995159 ) ) ;
#421 = CARTESIAN_POINT ( 'NONE',  ( 5.179999999999998828, -7.252905665185662265, 0.3924999999999995159 ) ) ;
#422 = ORIENTED_EDGE ( 'NONE', *, *, #1576, .F. ) ;
#423 = EDGE_CURVE ( 'NONE', #1098, #340, #1249, .T. ) ;
#424 = CARTESIAN_POINT ( 'NONE',  ( -3.997508469074611881, 1.349099354311475985, 0.3924999999999995159 ) ) ;
#425 = ORIENTED_EDGE ( 'NONE', *, *, #605, .T. ) ;
#426 = ADVANCED_FACE ( 'NONE', ( #538 ), #1274, .T. ) ;
#427 = FILL_AREA_STYLE ('',( #154 ) ) ;
#428 = CARTESIAN_POINT ( 'NONE',  ( 3.895049536557292580, 0.5703912711243342981, 0.3924999999999995159 ) ) ;
#429 = DIRECTION ( 'NONE',  ( -1.000000000000000000, 1.440800229216616965E-16, 0.000000000000000000 ) ) ;
#430 = ORIENTED_EDGE ( 'NONE', *, *, #267, .F. ) ;
#431 = CARTESIAN_POINT ( 'NONE',  ( -3.997508469074611881, 1.349099354311475985, -0.3924999999999995159 ) ) ;
#432 = CARTESIAN_POINT ( 'NONE',  ( 5.179999999999999716, -0.2833166275463452899, -0.3924999999999995159 ) ) ;
#433 = VERTEX_POINT ( 'NONE', #1752 ) ;
#434 = CARTESIAN_POINT ( 'NONE',  ( -4.005246720473584432, 0.5456438111628193477, -0.3924999999999993494 ) ) ;
#435 = CARTESIAN_POINT ( 'NONE',  ( 4.041562908929260622, 1.342568454417027546, 0.3924999999999995159 ) ) ;
#436 = CARTESIAN_POINT ( 'NONE',  ( 5.162568454417047370, 0.2215629089292469878, 0.3924999999999995159 ) ) ;
#437 = EDGE_LOOP ( 'NONE', ( #1668, #1152 ) ) ;
#438 = ORIENTED_EDGE ( 'NONE', *, *, #537, .T. ) ;
#439 = CARTESIAN_POINT ( 'NONE',  ( -3.960339338324088576, 2.141553433215072744, 0.3924999999999995159 ) ) ;
#440 = CARTESIAN_POINT ( 'NONE',  ( 5.937506863768064136, 0.3494503232744370358, -0.3924999999999996270 ) ) ;
#441 = CARTESIAN_POINT ( 'NONE',  ( -4.376623535754044170, 0.1490339041586890567, 0.3924999999999995159 ) ) ;
#442 = DIRECTION ( 'NONE',  ( 1.000000000000000000, 0.000000000000000000, 0.000000000000000000 ) ) ;
#443 = VERTEX_POINT ( 'NONE', #278 ) ;
#444 = DIRECTION ( 'NONE',  ( 1.000000000000000000, 0.000000000000000000, 0.000000000000000000 ) ) ;
#445 = CARTESIAN_POINT ( 'NONE',  ( 5.179999999999999716, -0.9066132081482746186, -0.3924999999999995159 ) ) ;
#446 = AXIS2_PLACEMENT_3D ( 'NONE', #1400, #176, #938 ) ;
#447 = VERTEX_POINT ( 'NONE', #731 ) ;
#448 = CARTESIAN_POINT ( 'NONE',  ( -5.937506863768064136, 0.3494503232744370358, 0.3924999999999995159 ) ) ;
#449 = CARTESIAN_POINT ( 'NONE',  ( -5.179999999999999716, -1.133266510185357401, -0.3924999999999995159 ) ) ;
#450 = CARTESIAN_POINT ( 'NONE',  ( 4.505050874157126906, 1.188296029406237020, 0.3924999999999995159 ) ) ;
#451 = ORIENTED_EDGE ( 'NONE', *, *, #787, .T. ) ;
#452 = EDGE_CURVE ( 'NONE', #443, #342, #1871, .T. ) ;
#453 = CARTESIAN_POINT ( 'NONE',  ( -4.395000000000000462, -0.1133266510185320097, 0.3924999999999995159 ) ) ;
#454 = ORIENTED_EDGE ( 'NONE', *, *, #170, .F. ) ;
#455 = CARTESIAN_POINT ( 'NONE',  ( 5.896447798595513490, 0.5559612598615458756, -0.3924999999999996270 ) ) ;
#456 = CARTESIAN_POINT ( 'NONE',  ( -5.179991818863480368, 0.04450576610351886925, 0.3924999999999995159 ) ) ;
#457 = CARTESIAN_POINT ( 'NONE',  ( -3.864505895925855139, 1.360000000000000098, 0.3924999999999995159 ) ) ;
#458 = DIRECTION ( 'NONE',  ( 0.000000000000000000, 0.000000000000000000, 1.000000000000000000 ) ) ;
#459 = EDGE_LOOP ( 'NONE', ( #373, #326 ) ) ;
#460 = CARTESIAN_POINT ( 'NONE',  ( -5.965000000000784119, -9.066132081484532534, -0.3924999999999996270 ) ) ;
#461 = CARTESIAN_POINT ( 'NONE',  ( 4.395000000000000462, -2.266533020370688156, -0.3924999999999993494 ) ) ;
#462 = VERTEX_POINT ( 'NONE', #607 ) ;
#463 = CARTESIAN_POINT ( 'NONE',  ( -5.136535667174777942, 0.3524975820101176049, -0.3924999999999995159 ) ) ;
#464 = CARTESIAN_POINT ( 'NONE',  ( 3.908979720336012154, 1.357814764182985856, 0.3924999999999995159 ) ) ;
#465 = CARTESIAN_POINT ( 'NONE',  ( 5.169099354311476269, 0.1775084690746082106, 0.3924999999999995159 ) ) ;
#466 = FILL_AREA_STYLE_COLOUR ( '', #105 ) ;
#467 = VERTEX_POINT ( 'NONE', #1178 ) ;
#468 = CARTESIAN_POINT ( 'NONE',  ( -4.005246720473584432, 0.5456438111628193477, 0.3924999999999995159 ) ) ;
#469 = EDGE_LOOP ( 'NONE', ( #1162, #1079 ) ) ;
#470 = CARTESIAN_POINT ( 'NONE',  ( -2.314999999999999947, 1.359999999999999876, 1.360000000000000098 ) ) ;
#471 = CARTESIAN_POINT ( 'NONE',  ( 5.138203872624117707, 1.715284218666190075, -0.3924999999999996270 ) ) ;
#472 = CARTESIAN_POINT ( 'NONE',  ( -5.110566231619906752, 0.4381487649462767475, 0.3924999999999995159 ) ) ;
#473 = CARTESIAN_POINT ( 'NONE',  ( 5.179999999999997051, -18.13226416303135835, 0.3924999999999995159 ) ) ;
#474 = CARTESIAN_POINT ( 'NONE',  ( -1.302187499999999609, 1.359999999999999876, 1.159999999999999698 ) ) ;
#475 = EDGE_LOOP ( 'NONE', ( #991, #1704, #348, #405 ) ) ;
#476 = CARTESIAN_POINT ( 'NONE',  ( 5.180000000000784866, -9.066132081484534311, -0.3924999999999995159 ) ) ;
#477 = MANIFOLD_SOLID_BREP ( 'Cut-Revolve1', #333 ) ;
#478 = EDGE_LOOP ( 'NONE', ( #1144, #321, #356, #1686 ) ) ;
#479 = CARTESIAN_POINT ( 'NONE',  ( -5.179999999999997051, -21.75871699555894168, 0.3924999999999995159 ) ) ;
#480 = CARTESIAN_POINT ( 'NONE',  ( -5.110566231619906752, 0.4381487649462767475, 0.3924999999999995159 ) ) ;
#481 = CARTESIAN_POINT ( 'NONE',  ( 4.505050874157126906, 1.188296029406237020, 0.3924999999999995159 ) ) ;
#482 = DIRECTION ( 'NONE',  ( -1.000000000000000000, -0.000000000000000000, -0.000000000000000000 ) ) ;
#483 = B_SPLINE_CURVE_WITH_KNOTS ( 'NONE', 3,
 ( #479, #1516, #511, #238, #327, #818, #1120, #357, #1394, #692, #1672, #81, #809, #53, #639, #830, #1253, #541, #1406, #1067, #910, #341, #933, #1529, #1382, #1283, #945, #1267, #1237, #67, #1811, #206, #1824, #1428 ),
 .UNSPECIFIED., .F., .F.,
 ( 4, 2, 2, 2, 2, 2, 2, 2, 2, 2, 2, 2, 2, 2, 2, 2, 4 ),
 ( 0.000000000000000000, 0.4283212006999791988, 0.6424818010499687704, 0.7495621012249635839, 0.8031022513124610462, 0.8298723263562097774, 0.8432573638780840319, 0.8499498826390212702, 0.8566424013999583975, 0.8618990032809650259, 0.8671556051619715433, 0.8776688089239845780, 0.8986952164480106475, 0.9197216239720368280, 0.9302348277340499738, 0.9354914296150564912, 0.9407480314960630086 ),
 .UNSPECIFIED. ) ;
#484 = ORIENTED_EDGE ( 'NONE', *, *, #353, .F. ) ;
#485 = CARTESIAN_POINT ( 'NONE',  ( -4.395000000000000462, -0.2833166275463452899, 0.3924999999999995159 ) ) ;
#486 = ORIENTED_EDGE ( 'NONE', *, *, #423, .T. ) ;
#487 = CARTESIAN_POINT ( 'NONE',  ( 5.965016428069788823, -0.07301626721931357700, -0.3924999999999996270 ) ) ;
#488 = CARTESIAN_POINT ( 'NONE',  ( -4.505050874157126906, 1.188296029406237020, 0.3924999999999995159 ) ) ;
#489 = CARTESIAN_POINT ( 'NONE',  ( 5.179999999999999716, -0.9066132081482746186, 0.3924999999999995159 ) ) ;
#490 = CARTESIAN_POINT ( 'NONE',  ( 2.314999999999999947, -3.252606517456513302E-16, 0.000000000000000000 ) ) ;
#491 = ORIENTED_EDGE ( 'NONE', *, *, #1827, .F. ) ;
#492 = CARTESIAN_POINT ( 'NONE',  ( -4.169450323274453751, 2.117506863768034098, -0.3924999999999996270 ) ) ;
#493 = CARTESIAN_POINT ( 'NONE',  ( 5.964999999999998970, -0.2833166275463452899, 0.3924999999999995159 ) ) ;
#494 = EDGE_LOOP ( 'NONE', ( #1159, #1061 ) ) ;
#495 = CARTESIAN_POINT ( 'NONE',  ( -1.591562499999999325, 1.359999999999999876, 0.000000000000000000 ) ) ;
#496 = CARTESIAN_POINT ( 'NONE',  ( -3.864505895925855139, 1.360000000000000098, -0.3924999999999995159 ) ) ;
#497 = CARTESIAN_POINT ( 'NONE',  ( 3.864505895925855139, 1.360000000000000098, 0.3924999999999995159 ) ) ;
#498 = CARTESIAN_POINT ( 'NONE',  ( 5.177814764182985030, 0.08897972033601221631, 0.3924999999999995159 ) ) ;
#499 = VERTEX_POINT ( 'NONE', #1245 ) ;
#500 = VERTEX_POINT ( 'NONE', #470 ) ;
#501 = CARTESIAN_POINT ( 'NONE',  ( 5.964999999998425118, -14.50581133036936343, -0.3924999999999996270 ) ) ;
#502 = CARTESIAN_POINT ( 'NONE',  ( -4.395000000000000462, -0.2833166275463452899, 0.3924999999999995159 ) ) ;
#503 = CARTESIAN_POINT ( 'NONE',  ( 5.179999999999997051, -21.75871699555894168, 0.3924999999999995159 ) ) ;
#504 = DIRECTION ( 'NONE',  ( 0.000000000000000000, 1.000000000000000000, 0.000000000000000000 ) ) ;
#505 = ORIENTED_EDGE ( 'NONE', *, *, #1539, .T. ) ;
#506 = EDGE_CURVE ( 'NONE', #1618, #499, #1256, .T. ) ;
#507 = UNCERTAINTY_MEASURE_WITH_UNIT (LENGTH_MEASURE( 1.000000000000000082E-05 ), #18, 'distance_accuracy_value', 'NONE');
#508 = CARTESIAN_POINT ( 'NONE',  ( -5.964999999999998970, -1.133266510185357179, 0.3924999999999995159 ) ) ;
#509 = CARTESIAN_POINT ( 'NONE',  ( 5.964987096663357136, 0.05735022363319933203, -0.3924999999999996270 ) ) ;
#510 = ORIENTED_EDGE ( 'NONE', *, *, #1707, .F. ) ;
#511 = CARTESIAN_POINT ( 'NONE',  ( -5.179999999998425864, -14.50581133036936166, 0.3924999999999995159 ) ) ;
#512 = CARTESIAN_POINT ( 'NONE',  ( -5.694187487556190419, 1.080466268431464316, 0.3924999999999995159 ) ) ;
#513 = CARTESIAN_POINT ( 'NONE',  ( -1.591562499999999325, 1.360000000000000098, -1.159999999999999698 ) ) ;
#514 = CARTESIAN_POINT ( 'NONE',  ( 5.179999999999999716, -3.626452832593224596, 0.3924999999999995159 ) ) ;
#515 = SURFACE_STYLE_USAGE ( .BOTH. , #346 ) ;
#516 = ORIENTED_EDGE ( 'NONE', *, *, #746, .T. ) ;
#517 = ORIENTED_EDGE ( 'NONE', *, *, #287, .T. ) ;
#518 = CARTESIAN_POINT ( 'NONE',  ( -1.591562499999999325, 0.2000000000000000111, 0.000000000000000000 ) ) ;
#519 = CARTESIAN_POINT ( 'NONE',  ( 5.947807437498617844, 0.2799674015919373371, 0.3924999999999995159 ) ) ;
#520 = CARTESIAN_POINT ( 'NONE',  ( -3.895049536557292580, 0.5703912711243342981, -0.3924999999999993494 ) ) ;
#521 = CARTESIAN_POINT ( 'NONE',  ( 3.864505895925855139, 1.360000000000000098, 0.3924999999999995159 ) ) ;
#522 = ORIENTED_EDGE ( 'NONE', *, *, #1757, .F. ) ;
#523 = CARTESIAN_POINT ( 'NONE',  ( -5.535284218666188139, 1.318203872624080564, 0.3924999999999995159 ) ) ;
#524 = CARTESIAN_POINT ( 'NONE',  ( 5.964999999999998970, -0.2266533020370644358, -0.3924999999999996270 ) ) ;
#525 = VERTEX_POINT ( 'NONE', #1634 ) ;
#526 = CARTESIAN_POINT ( 'NONE',  ( -1.591562499999999325, 1.359999999999999876, 0.000000000000000000 ) ) ;
#527 = CARTESIAN_POINT ( 'NONE',  ( -4.099967401591931626, 2.127807437498617560, -0.3924999999999996270 ) ) ;
#528 = CARTESIAN_POINT ( 'NONE',  ( -5.008296029406241523, 0.6850508741570005000, 0.3924999999999995159 ) ) ;
#529 = CARTESIAN_POINT ( 'NONE',  ( 5.179999999999998828, -7.252905665185662265, -0.3924999999999995159 ) ) ;
#530 = CARTESIAN_POINT ( 'NONE',  ( 2.314999999999999947, 1.360000000000000098, 0.000000000000000000 ) ) ;
#531 = ORIENTED_EDGE ( 'NONE', *, *, #113, .T. ) ;
#532 = AXIS2_PLACEMENT_3D ( 'NONE', #1740, #1501, #1179 ) ;
#533 = EDGE_LOOP ( 'NONE', ( #1073, #1698, #1156, #1012 ) ) ;
#534 = CARTESIAN_POINT ( 'NONE',  ( 4.169450323274453751, 2.117506863768034098, 0.3924999999999995159 ) ) ;
#535 = CARTESIAN_POINT ( 'NONE',  ( -4.376623535754044170, 0.1490339041586890567, -0.3924999999999993494 ) ) ;
#536 = CARTESIAN_POINT ( 'NONE',  ( 4.109635479882618014, 0.5024045712563289801, 0.3924999999999995159 ) ) ;
#537 = EDGE_CURVE ( 'NONE', #500, #931, #658, .T. ) ;
#538 = FACE_OUTER_BOUND ( 'NONE', #1090, .T. ) ;
#539 = CARTESIAN_POINT ( 'NONE',  ( -5.896447798595513490, 0.5559612598615458756, -0.3924999999999996270 ) ) ;
#540 = CARTESIAN_POINT ( 'NONE',  ( 5.964999999999998970, -0.4533066040741526304, -0.3924999999999996270 ) ) ;
#541 = CARTESIAN_POINT ( 'NONE',  ( -5.179991818863480368, 0.04450576610351886925, 0.3924999999999995159 ) ) ;
#542 = CARTESIAN_POINT ( 'NONE',  ( -5.964999999999998970, -2.266533020370688156, 0.3924999999999995159 ) ) ;
#543 = CARTESIAN_POINT ( 'NONE',  ( 5.179999999999998828, -7.252905665185662265, -0.3924999999999995159 ) ) ;
#544 = CARTESIAN_POINT ( 'NONE',  ( -1.302187499999999609, 1.359999999999999876, 0.000000000000000000 ) ) ;
#545 = FACE_OUTER_BOUND ( 'NONE', #475, .T. ) ;
#546 = VECTOR ( 'NONE', #1838, 1000.000000000000000 ) ;
#547 = CARTESIAN_POINT ( 'NONE',  ( 5.179999999999998828, -7.252905665185662265, 0.3924999999999995159 ) ) ;
#548 = CARTESIAN_POINT ( 'NONE',  ( -4.395004403794931847, -0.04031005322884669007, -0.3924999999999993494 ) ) ;
#549 = CARTESIAN_POINT ( 'NONE',  ( 4.394999999999997797, -18.13226416303135835, 0.3924999999999995159 ) ) ;
#550 = ORIENTED_EDGE ( 'NONE', *, *, #1852, .F. ) ;
#551 = CARTESIAN_POINT ( 'NONE',  ( -4.279808123884768278, 0.3533646744796272166, -0.3924999999999993494 ) ) ;
#552 = CARTESIAN_POINT ( 'NONE',  ( 4.258148764946227516, 1.290566231619903359, -0.3924999999999995159 ) ) ;
#553 = ORIENTED_EDGE ( 'NONE', *, *, #1872, .T. ) ;
#554 = CARTESIAN_POINT ( 'NONE',  ( -5.162568454417047370, 0.2215629089292469878, 0.3924999999999995159 ) ) ;
#555 = CARTESIAN_POINT ( 'NONE',  ( -4.900466268431635797, 1.874187487556144172, 0.3924999999999995159 ) ) ;
#556 = CARTESIAN_POINT ( 'NONE',  ( 3.864505895925855139, 1.360000000000000098, -0.3924999999999995159 ) ) ;
#557 = CARTESIAN_POINT ( 'NONE',  ( 4.395004403794931847, -0.04031005322884669007, -0.3924999999999993494 ) ) ;
#558 = AXIS2_PLACEMENT_3D ( 'NONE', #668, #359, #112 ) ;
#559 = CARTESIAN_POINT ( 'NONE',  ( -5.179999999999999716, -2.266533020370689044, -0.3924999999999995159 ) ) ;
#560 = CARTESIAN_POINT ( 'NONE',  ( 3.895049536557292580, 0.5703912711243342981, 0.3924999999999995159 ) ) ;
#561 = AXIS2_PLACEMENT_3D ( 'NONE', #95, #1551, #653 ) ;
#562 = VERTEX_POINT ( 'NONE', #1522 ) ;
#563 = CARTESIAN_POINT ( 'NONE',  ( -4.394076095150897920, 0.03762010234794613966, -0.3924999999999993494 ) ) ;
#564 = VERTEX_POINT ( 'NONE', #644 ) ;
#565 = CARTESIAN_POINT ( 'NONE',  ( -5.179999999999999716, -1.133266510185357401, 0.3924999999999995159 ) ) ;
#566 = CARTESIAN_POINT ( 'NONE',  ( -4.907546171275478208, 0.8357842735518541399, 0.3924999999999995159 ) ) ;
#567 = CARTESIAN_POINT ( 'NONE',  ( -5.179999999999997051, -21.75871699555894168, 0.000000000000000000 ) ) ;
#568 = CARTESIAN_POINT ( 'NONE',  ( 4.394999999999997797, -18.13226416303135835, -0.3924999999999993494 ) ) ;
#569 = DIRECTION ( 'NONE',  ( -1.000000000000000000, -0.000000000000000000, -0.000000000000000000 ) ) ;
#570 = EDGE_LOOP ( 'NONE', ( #517, #505 ) ) ;
#571 =( NAMED_UNIT ( * ) PLANE_ANGLE_UNIT ( ) SI_UNIT ( $, .RADIAN. ) );
#572 = LINE ( 'NONE', #782, #546 ) ;
#573 = CARTESIAN_POINT ( 'NONE',  ( -4.387630045066029716, 0.09367549458405684260, -0.3924999999999993494 ) ) ;
#574 = CARTESIAN_POINT ( 'NONE',  ( 4.394999999998426610, -14.50581133036936343, 0.3924999999999995159 ) ) ;
#575 = CIRCLE ( 'NONE', #302, 1.159999999999999698 ) ;
#576 = CARTESIAN_POINT ( 'NONE',  ( -5.179999999999999716, -3.626452832593224596, -0.3924999999999995159 ) ) ;
#577 = CARTESIAN_POINT ( 'NONE',  ( 5.179999999999999716, -0.2833166275463452899, 0.3924999999999995159 ) ) ;
#578 = CYLINDRICAL_SURFACE ( 'NONE', #561, 1.159999999999999698 ) ;
#579 = CARTESIAN_POINT ( 'NONE',  ( -5.180000000000784866, -9.066132081484534311, 0.3924999999999995159 ) ) ;
#580 = AXIS2_PLACEMENT_3D ( 'NONE', #490, #1095, #1638 ) ;
#581 = CARTESIAN_POINT ( 'NONE',  ( -2.314999999999999947, 1.360000000000000098, -1.360000000000000098 ) ) ;
#582 = CARTESIAN_POINT ( 'NONE',  ( 4.109635479882618014, 0.5024045712563289801, 0.3924999999999995159 ) ) ;
#583 = APPLICATION_CONTEXT ( 'automotive_design' ) ;
#584 = ADVANCED_FACE ( 'NONE', ( #34, #629 ), #60, .F. ) ;
#585 = COLOUR_RGB ( '',0.7921568627450980005, 0.8196078431372548767, 0.9333333333333333481 ) ;
#586 = CARTESIAN_POINT ( 'NONE',  ( 5.179999999999999716, -0.2266533020370644358, -0.3924999999999995159 ) ) ;
#587 = CARTESIAN_POINT ( 'NONE',  ( -4.041562908929260622, 1.342568454417027546, -0.3924999999999995159 ) ) ;
#588 = CARTESIAN_POINT ( 'NONE',  ( -4.907546171275478208, 0.8357842735518541399, -0.3924999999999995159 ) ) ;
#589 = CARTESIAN_POINT ( 'NONE',  ( -5.179999999999997051, -18.13226416303135835, 0.3924999999999995159 ) ) ;
#590 = CARTESIAN_POINT ( 'NONE',  ( 5.179999999999999716, -0.1133266510185320097, 0.3924999999999995159 ) ) ;
#591 = FACE_OUTER_BOUND ( 'NONE', #1737, .T. ) ;
#592 = CARTESIAN_POINT ( 'NONE',  ( -4.041562908929260622, 1.342568454417027546, 0.3924999999999995159 ) ) ;
#593 = SURFACE_SIDE_STYLE ('',( #624 ) ) ;
#594 = CARTESIAN_POINT ( 'NONE',  ( 4.395000000000000462, -0.5666332550926782563, -0.3924999999999993494 ) ) ;
#595 = VECTOR ( 'NONE', #312, 1000.000000000000000 ) ;
#596 = CARTESIAN_POINT ( 'NONE',  ( -5.179999999999997051, -21.75871699555894168, 0.000000000000000000 ) ) ;
#597 = EDGE_LOOP ( 'NONE', ( #960, #1716 ) ) ;
#598 = CARTESIAN_POINT ( 'NONE',  ( -5.937506863768064136, 0.3494503232744370358, -0.3924999999999996270 ) ) ;
#599 = ADVANCED_FACE ( 'NONE', ( #1, #660 ), #1790, .T. ) ;
#600 = CIRCLE ( 'NONE', #1778, 1.359999999999999876 ) ;
#601 = CARTESIAN_POINT ( 'NONE',  ( -5.179999999999998828, -4.533066040741771552, -0.3924999999999995159 ) ) ;
#602 = CARTESIAN_POINT ( 'NONE',  ( -5.179999999999999716, -3.626452832593224596, 0.3924999999999995159 ) ) ;
#603 = CARTESIAN_POINT ( 'NONE',  ( 5.179999999999999716, -0.2266533020370644358, 0.3924999999999995159 ) ) ;
#604 = CARTESIAN_POINT ( 'NONE',  ( 3.820000000000000728, 2.144999999999999130, 0.3924999999999995159 ) ) ;
#605 = EDGE_CURVE ( 'NONE', #1026, #1047, #610, .T. ) ;
#606 = CARTESIAN_POINT ( 'NONE',  ( -5.179999999999999716, -0.9066132081482746186, 0.3924999999999995159 ) ) ;
#607 = CARTESIAN_POINT ( 'NONE',  ( -1.591562499999999325, 1.359999999999999876, 1.159999999999999698 ) ) ;
#608 = CARTESIAN_POINT ( 'NONE',  ( 3.819999999999999840, 1.360000000000000098, -0.3924999999999995159 ) ) ;
#609 = CYLINDRICAL_SURFACE ( 'NONE', #247, 0.3924999999999996270 ) ;
#610 = LINE ( 'NONE', #211, #1309 ) ;
#611 = DIRECTION ( 'NONE',  ( 0.000000000000000000, 0.000000000000000000, -1.000000000000000000 ) ) ;
#612 = CARTESIAN_POINT ( 'NONE',  ( 4.394999999999998685, -7.252905665185662265, -0.3924999999999993494 ) ) ;
#613 = CARTESIAN_POINT ( 'NONE',  ( -5.964999999999998970, -3.626452832593225040, 0.3924999999999995159 ) ) ;
#614 = CARTESIAN_POINT ( 'NONE',  ( 5.964999999999998970, -0.1133266510185320097, 0.3924999999999995159 ) ) ;
#615 = ADVANCED_FACE ( 'NONE', ( #1266 ), #2, .T. ) ;
#616 = CIRCLE ( 'NONE', #1258, 0.3924999999999995159 ) ;
#617 = CARTESIAN_POINT ( 'NONE',  ( -4.322404571256292627, 0.2896354798825361287, 0.3924999999999995159 ) ) ;
#618 = CARTESIAN_POINT ( 'NONE',  ( 4.258148764946227516, 1.290566231619903359, -0.3924999999999995159 ) ) ;
#619 = CARTESIAN_POINT ( 'NONE',  ( -4.394999999999997797, -18.13226416303135835, 0.3924999999999995159 ) ) ;
#620 = DIRECTION ( 'NONE',  ( -1.000000000000000000, -0.000000000000000000, -0.000000000000000000 ) ) ;
#621 = CARTESIAN_POINT ( 'NONE',  ( -5.964999999999998970, -0.9066132081482746186, -0.3924999999999996270 ) ) ;
#622 = CARTESIAN_POINT ( 'NONE',  ( 4.395000000000000462, -0.5666332550926782563, -0.3924999999999993494 ) ) ;
#623 = AXIS2_PLACEMENT_3D ( 'NONE', #300, #444, #611 ) ;
#624 = SURFACE_STYLE_FILL_AREA ( #427 ) ;
#625 = CARTESIAN_POINT ( 'NONE',  ( -4.655784273551941688, 1.087546171275544538, -0.3924999999999995159 ) ) ;
#626 = CARTESIAN_POINT ( 'NONE',  ( 5.179999999999999716, -1.813226416296551902, 0.3924999999999995159 ) ) ;
#627 = CARTESIAN_POINT ( 'NONE',  ( 5.179991818863480368, 0.04450576610351886925, 0.3924999999999995159 ) ) ;
#628 =( LENGTH_UNIT ( ) NAMED_UNIT ( * ) SI_UNIT ( .MILLI., .METRE. ) );
#629 = FACE_BOUND ( 'NONE', #570, .T. ) ;
#630 = EDGE_CURVE ( 'NONE', #1049, #1132, #1320, .T. ) ;
#631 = CARTESIAN_POINT ( 'NONE',  ( -4.395000000000000462, -2.266533020370688156, 0.3924999999999995159 ) ) ;
#632 = DIRECTION ( 'NONE',  ( -1.000000000000000000, 0.000000000000000000, -0.000000000000000000 ) ) ;
#633 = CARTESIAN_POINT ( 'NONE',  ( 4.900466268431635797, 1.874187487556144172, -0.3924999999999996270 ) ) ;
#634 = CARTESIAN_POINT ( 'NONE',  ( -4.655784273551941688, 1.087546171275544538, 0.3924999999999995159 ) ) ;
#635 = CARTESIAN_POINT ( 'NONE',  ( 5.179999999999999716, -0.1133266510185320097, 0.3924999999999995159 ) ) ;
#636 = CARTESIAN_POINT ( 'NONE',  ( -1.591562499999999325, 1.359999999999999876, 0.000000000000000000 ) ) ;
#637 = CARTESIAN_POINT ( 'NONE',  ( 5.179999999999999716, -3.626452832593224596, -0.3924999999999995159 ) ) ;
#638 = LINE ( 'NONE', #947, #1875 ) ;
#639 = CARTESIAN_POINT ( 'NONE',  ( -5.179999999999999716, -0.2266533020370644358, 0.3924999999999995159 ) ) ;
#640 = CARTESIAN_POINT ( 'NONE',  ( 5.179999999999999716, -1.133266510185357401, 0.3924999999999995159 ) ) ;
#641 = CARTESIAN_POINT ( 'NONE',  ( 4.172497582010103123, 1.316535667174816515, 0.3924999999999995159 ) ) ;
#642 = DIRECTION ( 'NONE',  ( 1.000000000000000000, 1.440800229216616965E-16, -0.000000000000000000 ) ) ;
#643 = CARTESIAN_POINT ( 'NONE',  ( -4.394999999999998685, -4.533066040741771552, -0.3924999999999993494 ) ) ;
#644 = CARTESIAN_POINT ( 'NONE',  ( -3.820000000000000284, 0.9675000000000005818, 4.806738686653356858E-17 ) ) ;
#645 = CARTESIAN_POINT ( 'NONE',  ( 5.179991818863480368, 0.04450576610351886925, -0.3924999999999995159 ) ) ;
#646 = CARTESIAN_POINT ( 'NONE',  ( -5.179999999999999716, -0.1133266510185320097, 0.3924999999999995159 ) ) ;
#647 = B_SPLINE_CURVE_WITH_KNOTS ( 'NONE', 3,
 ( #1031, #275, #893, #1371, #1050, #13, #1599, #38, #1318, #449, #1495, #1333, #1735, #870, #1619, #161, #420, #180, #738, #1002, #1190, #463, #285, #880, #588, #625, #1455, #774, #1579, #193, #1415, #1102, #681, #798 ),
 .UNSPECIFIED., .F., .F.,
 ( 4, 2, 2, 2, 2, 2, 2, 2, 2, 2, 2, 2, 2, 2, 2, 2, 4 ),
 ( 0.000000000000000000, 0.4283212006999791988, 0.6424818010499687704, 0.7495621012249635839, 0.8031022513124610462, 0.8298723263562097774, 0.8432573638780840319, 0.8499498826390212702, 0.8566424013999583975, 0.8618990032809650259, 0.8671556051619715433, 0.8776688089239845780, 0.8986952164480106475, 0.9197216239720368280, 0.9302348277340499738, 0.9354914296150564912, 0.9407480314960630086 ),
 .UNSPECIFIED. ) ;
#648 = CIRCLE ( 'NONE', #884, 1.359999999999999876 ) ;
#649 = CARTESIAN_POINT ( 'NONE',  ( -5.964999999999998970, -0.4533066040741526304, 0.3924999999999995159 ) ) ;
#650 = MECHANICAL_DESIGN_GEOMETRIC_PRESENTATION_REPRESENTATION (  '', ( #1494 ), #1751 ) ;
#651 = CARTESIAN_POINT ( 'NONE',  ( 5.138203872624117707, 1.715284218666190075, -0.3924999999999996270 ) ) ;
#652 = FACE_OUTER_BOUND ( 'NONE', #1715, .T. ) ;
#653 = DIRECTION ( 'NONE',  ( 0.000000000000000000, 0.000000000000000000, 1.000000000000000000 ) ) ;
#654 = CARTESIAN_POINT ( 'NONE',  ( -5.961553433215073028, 0.1403393383240781334, -0.3924999999999996270 ) ) ;
#655 = AXIS2_PLACEMENT_3D ( 'NONE', #1627, #1642, #229 ) ;
#656 = CARTESIAN_POINT ( 'NONE',  ( 4.394999999999997797, -18.13226416303135835, 0.3924999999999995159 ) ) ;
#657 = CARTESIAN_POINT ( 'NONE',  ( -3.820000000000000284, 1.360000000000000098, 0.000000000000000000 ) ) ;
#658 = CIRCLE ( 'NONE', #446, 1.360000000000000098 ) ;
#659 = CARTESIAN_POINT ( 'NONE',  ( -5.162568454417047370, 0.2215629089292469878, 0.3924999999999995159 ) ) ;
#660 = FACE_BOUND ( 'NONE', #1655, .T. ) ;
#661 = CARTESIAN_POINT ( 'NONE',  ( 5.169099354311476269, 0.1775084690746082106, 0.3924999999999995159 ) ) ;
#662 = COLOUR_RGB ( '',0.2509803921568627416, 0.2509803921568627416, 0.2509803921568627416 ) ;
#663 = CARTESIAN_POINT ( 'NONE',  ( -5.896447798595513490, 0.5559612598615458756, 0.3924999999999995159 ) ) ;
#664 = CARTESIAN_POINT ( 'NONE',  ( 4.900466268431635797, 1.874187487556144172, -0.3924999999999996270 ) ) ;
#665 = CIRCLE ( 'NONE', #372, 0.3924999999999995159 ) ;
#666 = CARTESIAN_POINT ( 'NONE',  ( 3.820000000000000284, 1.360000000000000098, 0.000000000000000000 ) ) ;
#667 = CARTESIAN_POINT ( 'NONE',  ( -5.535284218666188139, 1.318203872624080564, 0.3924999999999995159 ) ) ;
#668 = CARTESIAN_POINT ( 'NONE',  ( -1.302187499999999609, 0.2000000000000000111, 0.000000000000000000 ) ) ;
#669 = CARTESIAN_POINT ( 'NONE',  ( 4.394999999999997797, -21.75871699555894168, 0.3924999999999995159 ) ) ;
#670 = DIRECTION ( 'NONE',  ( -1.000000000000000000, -0.000000000000000000, -0.000000000000000000 ) ) ;
#671 = FACE_OUTER_BOUND ( 'NONE', #459, .T. ) ;
#672 = CARTESIAN_POINT ( 'NONE',  ( 5.964999999999998970, -2.266533020370688156, 0.3924999999999995159 ) ) ;
#673 = CARTESIAN_POINT ( 'NONE',  ( -3.857620102347936175, 0.5740760951508994125, -0.3924999999999993494 ) ) ;
#674 = VECTOR ( 'NONE', #642, 1000.000000000000000 ) ;
#675 = CARTESIAN_POINT ( 'NONE',  ( 5.177814764182985030, 0.08897972033601221631, 0.3924999999999995159 ) ) ;
#676 = CARTESIAN_POINT ( 'NONE',  ( 4.395000000000000462, -0.2833166275463452899, 0.3924999999999995159 ) ) ;
#677 = SURFACE_STYLE_FILL_AREA ( #1534 ) ;
#678 = AXIS2_PLACEMENT_3D ( 'NONE', #526, #921, #1687 ) ;
#679 = CARTESIAN_POINT ( 'NONE',  ( -5.138203872624117707, 1.715284218666190075, 0.3924999999999995159 ) ) ;
#680 = CARTESIAN_POINT ( 'NONE',  ( 5.535284218666188139, 1.318203872624080564, -0.3924999999999996270 ) ) ;
#681 = CARTESIAN_POINT ( 'NONE',  ( -3.864505895925855139, 1.360000000000000098, -0.3924999999999995159 ) ) ;
#682 = CARTESIAN_POINT ( 'NONE',  ( -3.819999999999999840, 1.360000000000000098, -0.3924999999999995159 ) ) ;
#683 = CARTESIAN_POINT ( 'NONE',  ( -4.041562908929260622, 1.342568454417027546, 0.3924999999999995159 ) ) ;
#684 = CARTESIAN_POINT ( 'NONE',  ( 5.179999999999999716, -1.813226416296551902, -0.3924999999999995159 ) ) ;
#685 = FACE_BOUND ( 'NONE', #469, .T. ) ;
#686 = CARTESIAN_POINT ( 'NONE',  ( 3.820000000000000728, 2.144999999999999130, 0.3924999999999995159 ) ) ;
#687 = CARTESIAN_POINT ( 'NONE',  ( -5.179999999999999716, -3.626452832593224596, -0.3924999999999995159 ) ) ;
#688 = CARTESIAN_POINT ( 'NONE',  ( 3.997508469074611881, 1.349099354311475985, 0.3924999999999995159 ) ) ;
#689 = CARTESIAN_POINT ( 'NONE',  ( -4.375961259861531616, 2.076447798595569161, -0.3924999999999996270 ) ) ;
#690 = CARTESIAN_POINT ( 'NONE',  ( 3.877350428389751524, 2.144999999999999130, -0.3924999999999996270 ) ) ;
#691 = CIRCLE ( 'NONE', #1228, 1.360000000000000098 ) ;
#692 = CARTESIAN_POINT ( 'NONE',  ( -5.179999999999999716, -1.133266510185357401, 0.3924999999999995159 ) ) ;
#693 = CARTESIAN_POINT ( 'NONE',  ( -5.964999999999998970, -1.813226416296551902, 0.3924999999999995159 ) ) ;
#694 = CARTESIAN_POINT ( 'NONE',  ( 5.177814764182985030, 0.08897972033601221631, -0.3924999999999995159 ) ) ;
#695 = CARTESIAN_POINT ( 'NONE',  ( 4.394999999999998685, -4.533066040741771552, -0.3924999999999993494 ) ) ;
#696 = AXIS2_PLACEMENT_3D ( 'NONE', #786, #913, #1071 ) ;
#697 = CARTESIAN_POINT ( 'NONE',  ( 5.964999999999998970, -0.4533066040741526304, 0.3924999999999995159 ) ) ;
#698 = CYLINDRICAL_SURFACE ( 'NONE', #1131, 1.159999999999999698 ) ;
#699 = CARTESIAN_POINT ( 'NONE',  ( 4.395000000000000462, -0.2266533020370644358, 0.3924999999999995159 ) ) ;
#700 = EDGE_CURVE ( 'NONE', #447, #1729, #1252, .T. ) ;
#701 = CARTESIAN_POINT ( 'NONE',  ( -4.395000000000000462, -0.2833166275463452899, -0.3924999999999993494 ) ) ;
#702 = CARTESIAN_POINT ( 'NONE',  ( 4.375961259861531616, 2.076447798595569161, -0.3924999999999996270 ) ) ;
#703 = CARTESIAN_POINT ( 'NONE',  ( -4.394999999999998685, -7.252905665185662265, 0.3924999999999995159 ) ) ;
#704 = CARTESIAN_POINT ( 'NONE',  ( -3.877350428389751524, 2.144999999999999130, 0.3924999999999995159 ) ) ;
#705 = CARTESIAN_POINT ( 'NONE',  ( 5.179999999999997051, -18.13226416303135835, -0.3924999999999995159 ) ) ;
#706 = CARTESIAN_POINT ( 'NONE',  ( 4.376623535754044170, 0.1490339041586890567, 0.3924999999999995159 ) ) ;
#707 = CARTESIAN_POINT ( 'NONE',  ( -5.179999999999998828, -7.252905665185662265, 0.3924999999999995159 ) ) ;
#708 = CARTESIAN_POINT ( 'NONE',  ( -5.162568454417047370, 0.2215629089292469878, -0.3924999999999995159 ) ) ;
#709 = CARTESIAN_POINT ( 'NONE',  ( 5.179999999999999716, -0.2833166275463452899, 0.3924999999999995159 ) ) ;
#710 = CARTESIAN_POINT ( 'NONE',  ( -5.008296029406241523, 0.6850508741570005000, -0.3924999999999995159 ) ) ;
#711 = VECTOR ( 'NONE', #221, 1000.000000000000000 ) ;
#712 = CARTESIAN_POINT ( 'NONE',  ( 5.179999999999999716, -3.626452832593224596, 0.3924999999999995159 ) ) ;
#713 = CIRCLE ( 'NONE', #1475, 0.3924999999999995159 ) ;
#714 =( LENGTH_UNIT ( ) NAMED_UNIT ( * ) SI_UNIT ( .MILLI., .METRE. ) );
#715 = CARTESIAN_POINT ( 'NONE',  ( -4.258148764946227516, 1.290566231619903359, 0.3924999999999995159 ) ) ;
#716 = CARTESIAN_POINT ( 'NONE',  ( 4.172497582010103123, 1.316535667174816515, -0.3924999999999995159 ) ) ;
#717 = CARTESIAN_POINT ( 'NONE',  ( 4.365643811162840393, 0.1852467204736192030, -0.3924999999999993494 ) ) ;
#718 = CARTESIAN_POINT ( 'NONE',  ( -2.314999999999999947, 0.9675000000000005818, 4.806738686653356858E-17 ) ) ;
#719 = AXIS2_PLACEMENT_3D ( 'NONE', #544, #144, #864 ) ;
#720 = CIRCLE ( 'NONE', #1286, 1.360000000000000098 ) ;
#721 = CARTESIAN_POINT ( 'NONE',  ( -4.394999999999998685, -7.252905665185662265, -0.3924999999999993494 ) ) ;
#722 = VECTOR ( 'NONE', #1233, 1000.000000000000000 ) ;
#723 = CARTESIAN_POINT ( 'NONE',  ( 4.394999999999998685, -4.533066040741771552, 0.3924999999999995159 ) ) ;
#724 = EDGE_CURVE ( 'NONE', #1758, #1676, #1868, .T. ) ;
#725 = CARTESIAN_POINT ( 'NONE',  ( -5.179999999999999716, -1.813226416296551902, -0.3924999999999995159 ) ) ;
#726 = FACE_OUTER_BOUND ( 'NONE', #494, .T. ) ;
#727 = CARTESIAN_POINT ( 'NONE',  ( 5.179999999999999716, -0.2266533020370644358, 0.3924999999999995159 ) ) ;
#728 = UNCERTAINTY_MEASURE_WITH_UNIT (LENGTH_MEASURE( 1.000000000000000082E-05 ), #628, 'distance_accuracy_value', 'NONE');
#729 = FACE_OUTER_BOUND ( 'NONE', #360, .T. ) ;
#730 = CARTESIAN_POINT ( 'NONE',  ( -5.179999999999999716, -0.2833166275463452899, 0.3924999999999995159 ) ) ;
#731 = CARTESIAN_POINT ( 'NONE',  ( 5.179999999999997051, -21.75871699555894168, 0.3924999999999995159 ) ) ;
#732 = CARTESIAN_POINT ( 'NONE',  ( 3.913675494584067049, 0.5676300450660209940, 0.3924999999999995159 ) ) ;
#733 =( NAMED_UNIT ( * ) SI_UNIT ( $, .STERADIAN. ) SOLID_ANGLE_UNIT ( ) );
#734 = APPLICATION_PROTOCOL_DEFINITION ( 'draft international standard', 'automotive_design', 1998, #583 ) ;
#735 = CARTESIAN_POINT ( 'NONE',  ( -5.964999999999998970, -3.626452832593225040, -0.3924999999999996270 ) ) ;
#736 = LINE ( 'NONE', #581, #96 ) ;
#737 = CARTESIAN_POINT ( 'NONE',  ( 4.365643811162840393, 0.1852467204736192030, -0.3924999999999993494 ) ) ;
#738 = CARTESIAN_POINT ( 'NONE',  ( -5.177814764182985030, 0.08897972033601221631, -0.3924999999999995159 ) ) ;
#739 = CARTESIAN_POINT ( 'NONE',  ( 5.947807437498617844, 0.2799674015919373371, 0.3924999999999995159 ) ) ;
#740 = CARTESIAN_POINT ( 'NONE',  ( -5.179999999999999716, -3.626452832593224596, 0.3924999999999995159 ) ) ;
#741 = MECHANICAL_DESIGN_GEOMETRIC_PRESENTATION_REPRESENTATION (  '', ( #1009 ), #865 ) ;
#742 = CARTESIAN_POINT ( 'NONE',  ( -5.179991818863480368, 0.04450576610351886925, 0.3924999999999995159 ) ) ;
#743 = CARTESIAN_POINT ( 'NONE',  ( 5.964999999999998970, -2.266533020370688156, -0.3924999999999996270 ) ) ;
#744 = DIRECTION ( 'NONE',  ( -1.000000000000000000, -0.000000000000000000, -0.000000000000000000 ) ) ;
#745 = CIRCLE ( 'NONE', #844, 1.359999999999999876 ) ;
#746 = EDGE_CURVE ( 'NONE', #564, #1662, #616, .T. ) ;
#747 = CARTESIAN_POINT ( 'NONE',  ( -3.819999999999999840, 1.360000000000000098, -0.3924999999999995159 ) ) ;
#748 = SURFACE_STYLE_FILL_AREA ( #1463 ) ;
#749 = CARTESIAN_POINT ( 'NONE',  ( 3.819999999999999840, 1.360000000000000098, 0.3924999999999995159 ) ) ;
#750 = CARTESIAN_POINT ( 'NONE',  ( 5.008296029406241523, 0.6850508741570005000, 0.3924999999999995159 ) ) ;
#751 =( NAMED_UNIT ( * ) SI_UNIT ( $, .STERADIAN. ) SOLID_ANGLE_UNIT ( ) );
#752 = ADVANCED_FACE ( 'NONE', ( #652 ), #1682, .F. ) ;
#753 = CARTESIAN_POINT ( 'NONE',  ( -5.179999999999999716, -0.2266533020370644358, 0.3924999999999995159 ) ) ;
#754 = CARTESIAN_POINT ( 'NONE',  ( 5.964999999999998082, -7.252905665185662265, -0.3924999999999996270 ) ) ;
#755 = PRODUCT_CONTEXT ( 'NONE', #583, 'mechanical' ) ;
#756 = CIRCLE ( 'NONE', #719, 1.159999999999999698 ) ;
#757 = FACE_OUTER_BOUND ( 'NONE', #383, .T. ) ;
#758 = CARTESIAN_POINT ( 'NONE',  ( 5.179999999999999716, -1.133266510185357401, -0.3924999999999995159 ) ) ;
#759 = MECHANICAL_DESIGN_GEOMETRIC_PRESENTATION_REPRESENTATION (  '', ( #1677 ), #1304 ) ;
#760 = CARTESIAN_POINT ( 'NONE',  ( -5.964999999999998970, -1.133266510185357179, -0.3924999999999996270 ) ) ;
#761 = CARTESIAN_POINT ( 'NONE',  ( 5.179999999999999716, -0.5666332550926783673, 0.3924999999999995159 ) ) ;
#762 = CARTESIAN_POINT ( 'NONE',  ( 5.961553433215073028, 0.1403393383240781334, 0.3924999999999995159 ) ) ;
#763 = EDGE_CURVE ( 'NONE', #1125, #1727, #1860, .T. ) ;
#764 = CARTESIAN_POINT ( 'NONE',  ( -4.395000000000000462, -0.5666332550926782563, -0.3924999999999993494 ) ) ;
#765 = CARTESIAN_POINT ( 'NONE',  ( -1.302187499999999609, 1.359999999999999876, 0.000000000000000000 ) ) ;
#766 = CARTESIAN_POINT ( 'NONE',  ( 5.855488652076973111, 0.6910508094189341532, -0.3924999999999996270 ) ) ;
#767 = CARTESIAN_POINT ( 'NONE',  ( -4.172497582010103123, 1.316535667174816515, 0.3924999999999995159 ) ) ;
#768 =( LENGTH_UNIT ( ) NAMED_UNIT ( * ) SI_UNIT ( .MILLI., .METRE. ) );
#769 = CARTESIAN_POINT ( 'NONE',  ( -2.314999999999999947, 1.359999999999999876, 0.000000000000000000 ) ) ;
#770 = ADVANCED_FACE ( 'NONE', ( #1271 ), #1282, .T. ) ;
#771 = DIRECTION ( 'NONE',  ( -1.000000000000000000, -0.000000000000000000, -0.000000000000000000 ) ) ;
#772 = CARTESIAN_POINT ( 'NONE',  ( 5.179999999998425864, -14.50581133036936166, -0.3924999999999995159 ) ) ;
#773 = CIRCLE ( 'NONE', #392, 0.3924999999999995159 ) ;
#774 = CARTESIAN_POINT ( 'NONE',  ( -4.258148764946227516, 1.290566231619903359, -0.3924999999999995159 ) ) ;
#775 = CARTESIAN_POINT ( 'NONE',  ( -4.394999999999998685, -7.252905665185662265, -0.3924999999999993494 ) ) ;
#776 = DIRECTION ( 'NONE',  ( 0.000000000000000000, 1.000000000000000000, 0.000000000000000000 ) ) ;
#777 = CARTESIAN_POINT ( 'NONE',  ( 5.964999999999996305, -18.13226416303135835, -0.3924999999999996270 ) ) ;
#778 = CARTESIAN_POINT ( 'NONE',  ( -4.395000000000000462, -0.4533066040741526304, 0.3924999999999995159 ) ) ;
#779 = CARTESIAN_POINT ( 'NONE',  ( 5.179999999999997051, -21.75871699555894168, 0.3924999999999995159 ) ) ;
#780 = CYLINDRICAL_SURFACE ( 'NONE', #1588, 0.3924999999999996270 ) ;
#781 = CARTESIAN_POINT ( 'NONE',  ( 5.177814764182985030, 0.08897972033601221631, -0.3924999999999995159 ) ) ;
#782 = CARTESIAN_POINT ( 'NONE',  ( -2.314999999999999947, 1.359999999999999876, 1.159999999999999698 ) ) ;
#783 = CARTESIAN_POINT ( 'NONE',  ( -4.907546171275478208, 0.8357842735518541399, 0.3924999999999995159 ) ) ;
#784 = DIRECTION ( 'NONE',  ( 0.000000000000000000, 0.000000000000000000, 1.000000000000000000 ) ) ;
#785 = CARTESIAN_POINT ( 'NONE',  ( 5.179999999999999716, -0.1133266510185320097, 0.3924999999999995159 ) ) ;
#786 = CARTESIAN_POINT ( 'NONE',  ( -3.819999999999999840, 1.360000000000000098, 0.000000000000000000 ) ) ;
#787 = EDGE_CURVE ( 'NONE', #1026, #415, #665, .T. ) ;
#788 = CIRCLE ( 'NONE', #265, 0.3924999999999995159 ) ;
#789 = CARTESIAN_POINT ( 'NONE',  ( -4.395000000000000462, -1.133266510185357179, 0.3924999999999995159 ) ) ;
#790 = DIRECTION ( 'NONE',  ( 1.000000000000000000, 1.440800229216616965E-16, -0.000000000000000000 ) ) ;
#791 = CARTESIAN_POINT ( 'NONE',  ( 3.877350428389751524, 2.144999999999999130, -0.3924999999999996270 ) ) ;
#792 = CARTESIAN_POINT ( 'NONE',  ( -5.136535667174777942, 0.3524975820101176049, 0.3924999999999995159 ) ) ;
#793 = CARTESIAN_POINT ( 'NONE',  ( 5.136535667174777942, 0.3524975820101176049, 0.3924999999999995159 ) ) ;
#794 = CARTESIAN_POINT ( 'NONE',  ( 2.314999999999999947, 0.9675000000000005818, -4.806738686653356858E-17 ) ) ;
#795 = SHAPE_DEFINITION_REPRESENTATION ( #1025, #1527 ) ;
#796 = CARTESIAN_POINT ( 'NONE',  ( 5.694187487556190419, 1.080466268431464316, -0.3924999999999996270 ) ) ;
#797 = CIRCLE ( 'NONE', #1037, 1.159999999999999698 ) ;
#798 = CARTESIAN_POINT ( 'NONE',  ( -3.820000000000000284, 1.360000000000000098, -0.3924999999999995159 ) ) ;
#799 = CARTESIAN_POINT ( 'NONE',  ( -5.964999999999998082, -4.533066040741771552, 0.3924999999999995159 ) ) ;
#800 = DIRECTION ( 'NONE',  ( -1.000000000000000000, -0.000000000000000000, -0.000000000000000000 ) ) ;
#801 = CARTESIAN_POINT ( 'NONE',  ( 4.395000000000000462, -2.266533020370688156, 0.3924999999999995159 ) ) ;
#802 = CARTESIAN_POINT ( 'NONE',  ( -2.314999999999999947, 1.360000000000000098, -1.359999999999999876 ) ) ;
#803 = FACE_OUTER_BOUND ( 'NONE', #1573, .T. ) ;
#804 = CARTESIAN_POINT ( 'NONE',  ( 5.961553433215073028, 0.1403393383240781334, 0.3924999999999995159 ) ) ;
#805 = CARTESIAN_POINT ( 'NONE',  ( -4.387630045066029716, 0.09367549458405682872, 0.3924999999999995159 ) ) ;
#806 = CARTESIAN_POINT ( 'NONE',  ( 2.314999999999999947, 1.360000000000000098, -1.360000000000000098 ) ) ;
#807 = CARTESIAN_POINT ( 'NONE',  ( -3.960339338324088576, 2.141553433215072744, -0.3924999999999996270 ) ) ;
#808 = AXIS2_PLACEMENT_3D ( 'NONE', #1054, #482, #331 ) ;
#809 = CARTESIAN_POINT ( 'NONE',  ( -5.179999999999999716, -0.4533066040741526304, 0.3924999999999995159 ) ) ;
#810 = CARTESIAN_POINT ( 'NONE',  ( -5.138203872624117707, 1.715284218666190075, 0.3924999999999995159 ) ) ;
#811 = EDGE_CURVE ( 'NONE', #1016, #462, #1302, .T. ) ;
#812 = CARTESIAN_POINT ( 'NONE',  ( -3.820000000000000284, 1.360000000000000098, 0.000000000000000000 ) ) ;
#813 =( NAMED_UNIT ( * ) PLANE_ANGLE_UNIT ( ) SI_UNIT ( $, .RADIAN. ) );
#814 = CARTESIAN_POINT ( 'NONE',  ( 5.964999999999998970, -0.5666332550926782563, 0.3924999999999995159 ) ) ;
#815 = CARTESIAN_POINT ( 'NONE',  ( -5.179999999999997051, -21.75871699555894168, -0.3924999999999995159 ) ) ;
#816 = CARTESIAN_POINT ( 'NONE',  ( 4.395000000000000462, -0.1133266510185320097, 0.3924999999999995159 ) ) ;
#817 = CARTESIAN_POINT ( 'NONE',  ( 4.172497582010103123, 1.316535667174816515, -0.3924999999999995159 ) ) ;
#818 = CARTESIAN_POINT ( 'NONE',  ( -5.179999999999998828, -4.533066040741771552, 0.3924999999999995159 ) ) ;
#819 = CARTESIAN_POINT ( 'NONE',  ( -5.896447798595513490, 0.5559612598615458756, -0.3924999999999996270 ) ) ;
#820 = CARTESIAN_POINT ( 'NONE',  ( -5.179999999999999716, -1.133266510185357401, 0.3924999999999995159 ) ) ;
#821 = DIRECTION ( 'NONE',  ( 0.000000000000000000, 0.000000000000000000, 1.000000000000000000 ) ) ;
#822 = CARTESIAN_POINT ( 'NONE',  ( 3.895049536557292580, 0.5703912711243342981, -0.3924999999999993494 ) ) ;
#823 =( GEOMETRIC_REPRESENTATION_CONTEXT ( 3 ) GLOBAL_UNCERTAINTY_ASSIGNED_CONTEXT ( ( #897 ) ) GLOBAL_UNIT_ASSIGNED_CONTEXT ( ( #401, #571, #21 ) ) REPRESENTATION_CONTEXT ( 'NONE', 'WORKASPACE' ) );
#824 = CARTESIAN_POINT ( 'NONE',  ( 5.937506863768064136, 0.3494503232744370358, 0.3924999999999995159 ) ) ;
#825 = CARTESIAN_POINT ( 'NONE',  ( -5.179999999999999716, -0.5666332550926783673, -0.3924999999999995159 ) ) ;
#826 = CARTESIAN_POINT ( 'NONE',  ( 4.172497582010103123, 1.316535667174816515, 0.3924999999999995159 ) ) ;
#827 = AXIS2_PLACEMENT_3D ( 'NONE', #1218, #6, #155 ) ;
#828 = CARTESIAN_POINT ( 'NONE',  ( -5.964999999999996305, -18.13226416303135835, 0.3924999999999995159 ) ) ;
#829 = CARTESIAN_POINT ( 'NONE',  ( 5.964999999999996305, -21.75871699555894168, 0.3924999999999995159 ) ) ;
#830 = CARTESIAN_POINT ( 'NONE',  ( -5.179999999999999716, -0.1133266510185320097, 0.3924999999999995159 ) ) ;
#831 = CARTESIAN_POINT ( 'NONE',  ( -5.964999999999998970, -0.9066132081482746186, 0.3924999999999995159 ) ) ;
#832 = DIRECTION ( 'NONE',  ( 0.000000000000000000, 1.000000000000000000, 0.000000000000000000 ) ) ;
#833 = CARTESIAN_POINT ( 'NONE',  ( 5.179999999999998828, -4.533066040741771552, -0.3924999999999995159 ) ) ;
#834 = CARTESIAN_POINT ( 'NONE',  ( -2.314999999999999947, 1.359999999999999876, 0.000000000000000000 ) ) ;
#835 = CARTESIAN_POINT ( 'NONE',  ( 4.394996541063603601, 0.03166130857383836483, 0.3924999999999995159 ) ) ;
#836 = CARTESIAN_POINT ( 'NONE',  ( -4.173364674479767444, 0.4598081238848987229, -0.3924999999999993494 ) ) ;
#837 = CARTESIAN_POINT ( 'NONE',  ( -5.855488652076973111, 0.6910508094189341532, -0.3924999999999996270 ) ) ;
#838 = CARTESIAN_POINT ( 'NONE',  ( 3.820000000000000728, 2.144999999999999130, -0.3924999999999996270 ) ) ;
#839 = SURFACE_STYLE_USAGE ( .BOTH. , #1457 ) ;
#840 = CARTESIAN_POINT ( 'NONE',  ( -4.511050809418868823, 2.035488652076986149, 0.3924999999999995159 ) ) ;
#841 = DIRECTION ( 'NONE',  ( -1.000000000000000000, 1.440800229216616965E-16, 0.000000000000000000 ) ) ;
#842 = CARTESIAN_POINT ( 'NONE',  ( 4.279808123884768278, 0.3533646744796272166, -0.3924999999999993494 ) ) ;
#843 = CARTESIAN_POINT ( 'NONE',  ( -5.179999999999998828, -4.533066040741771552, 0.3924999999999995159 ) ) ;
#844 = AXIS2_PLACEMENT_3D ( 'NONE', #1327, #1595, #262 ) ;
#845 = CARTESIAN_POINT ( 'NONE',  ( -5.136535667174777942, 0.3524975820101176049, -0.3924999999999995159 ) ) ;
#846 = CARTESIAN_POINT ( 'NONE',  ( 5.180010415932360779, -0.05666316022408014741, 0.3924999999999995159 ) ) ;
#847 = CARTESIAN_POINT ( 'NONE',  ( -5.179991818863480368, 0.04450576610351886925, -0.3924999999999995159 ) ) ;
#848 = CARTESIAN_POINT ( 'NONE',  ( -5.179999999999998828, -7.252905665185662265, 0.3924999999999995159 ) ) ;
#849 = CARTESIAN_POINT ( 'NONE',  ( 5.179999999999999716, -1.133266510185357401, 0.3924999999999995159 ) ) ;
#850 = CARTESIAN_POINT ( 'NONE',  ( -5.110566231619906752, 0.4381487649462767475, 0.3924999999999995159 ) ) ;
#851 = CARTESIAN_POINT ( 'NONE',  ( -5.179999999998425864, -14.50581133036936166, 0.3924999999999995159 ) ) ;
#852 = CARTESIAN_POINT ( 'NONE',  ( 4.907546171275478208, 0.8357842735518541399, -0.3924999999999995159 ) ) ;
#853 = CARTESIAN_POINT ( 'NONE',  ( 5.179999999999997051, -21.75871699555894168, -0.3924999999999995159 ) ) ;
#854 = CARTESIAN_POINT ( 'NONE',  ( -5.179999999999999716, -0.5666332550926783673, 0.3924999999999995159 ) ) ;
#855 = CARTESIAN_POINT ( 'NONE',  ( -4.395000000000000462, -2.266533020370688156, -0.3924999999999993494 ) ) ;
#856 = CARTESIAN_POINT ( 'NONE',  ( 5.179999999999999716, -0.1133266510185320097, 0.3924999999999995159 ) ) ;
#857 = CARTESIAN_POINT ( 'NONE',  ( -5.136535667174777942, 0.3524975820101176049, -0.3924999999999995159 ) ) ;
#858 = CARTESIAN_POINT ( 'NONE',  ( 5.179999999999999716, -1.813226416296551902, 0.3924999999999995159 ) ) ;
#859 = CARTESIAN_POINT ( 'NONE',  ( -5.179991818863480368, 0.04450576610351886925, 0.3924999999999995159 ) ) ;
#860 = ADVANCED_FACE ( 'NONE', ( #1305 ), #1313, .T. ) ;
#861 = CARTESIAN_POINT ( 'NONE',  ( -1.591562499999999325, 1.359999999999999876, 0.000000000000000000 ) ) ;
#862 = PLANE ( 'NONE',  #147 ) ;
#863 = CARTESIAN_POINT ( 'NONE',  ( 4.395000000000000462, -1.133266510185357179, -0.3924999999999993494 ) ) ;
#864 = DIRECTION ( 'NONE',  ( 0.000000000000000000, 0.000000000000000000, 1.000000000000000000 ) ) ;
#865 =( GEOMETRIC_REPRESENTATION_CONTEXT ( 3 ) GLOBAL_UNCERTAINTY_ASSIGNED_CONTEXT ( ( #507 ) ) GLOBAL_UNIT_ASSIGNED_CONTEXT ( ( #18, #163, #1039 ) ) REPRESENTATION_CONTEXT ( 'NONE', 'WORKASPACE' ) );
#866 = CARTESIAN_POINT ( 'NONE',  ( -5.964987096663357136, 0.05735022363319933203, -0.3924999999999996270 ) ) ;
#867 = CARTESIAN_POINT ( 'NONE',  ( 4.322404571256292627, 0.2896354798825359622, -0.3924999999999993494 ) ) ;
#868 = EDGE_CURVE ( 'NONE', #1096, #1733, #28, .T. ) ;
#869 = CARTESIAN_POINT ( 'NONE',  ( -4.390391271124333805, 0.07504953655727909789, -0.3924999999999993494 ) ) ;
#870 = CARTESIAN_POINT ( 'NONE',  ( -5.179999999999999716, -0.2833166275463452899, -0.3924999999999995159 ) ) ;
#871 = CARTESIAN_POINT ( 'NONE',  ( -3.877350428389751524, 2.144999999999999130, 0.3924999999999995159 ) ) ;
#872 = CARTESIAN_POINT ( 'NONE',  ( 5.180010415932360779, -0.05666316022408014741, 0.3924999999999995159 ) ) ;
#873 = CARTESIAN_POINT ( 'NONE',  ( -3.864505895925855139, 1.360000000000000098, 0.3924999999999995159 ) ) ;
#874 = SURFACE_STYLE_USAGE ( .BOTH. , #593 ) ;
#875 = CARTESIAN_POINT ( 'NONE',  ( 5.179999999999999716, -1.133266510185357401, -0.3924999999999995159 ) ) ;
#876 = CARTESIAN_POINT ( 'NONE',  ( -5.179999999999997051, -18.13226416303135835, 0.3924999999999995159 ) ) ;
#877 = PLANE ( 'NONE',  #623 ) ;
#878 = CARTESIAN_POINT ( 'NONE',  ( 4.395000000000000462, -1.133266510185357179, -0.3924999999999993494 ) ) ;
#879 = CARTESIAN_POINT ( 'NONE',  ( -4.395004403794931847, -0.04031005322884669007, -0.3924999999999993494 ) ) ;
#880 = CARTESIAN_POINT ( 'NONE',  ( -5.008296029406241523, 0.6850508741570005000, -0.3924999999999995159 ) ) ;
#881 = CARTESIAN_POINT ( 'NONE',  ( 3.820000000000000284, 1.360000000000000098, 0.000000000000000000 ) ) ;
#882 = CARTESIAN_POINT ( 'NONE',  ( 4.907546171275478208, 0.8357842735518541399, 0.3924999999999995159 ) ) ;
#883 = CARTESIAN_POINT ( 'NONE',  ( -5.180010415932360779, -0.05666316022408014741, 0.3924999999999995159 ) ) ;
#884 = AXIS2_PLACEMENT_3D ( 'NONE', #636, #143, #412 ) ;
#885 = CARTESIAN_POINT ( 'NONE',  ( -4.099967401591931626, 2.127807437498617560, 0.3924999999999995159 ) ) ;
#886 = CARTESIAN_POINT ( 'NONE',  ( 5.169099354311476269, 0.1775084690746082106, -0.3924999999999995159 ) ) ;
#887 = CARTESIAN_POINT ( 'NONE',  ( -3.908979720336012154, 1.357814764182985856, 0.3924999999999995159 ) ) ;
#888 = APPLICATION_CONTEXT ( 'automotive_design' ) ;
#889 = EDGE_CURVE ( 'NONE', #1001, #1049, #1275, .T. ) ;
#890 = CARTESIAN_POINT ( 'NONE',  ( -5.964999999999996305, -21.75871699555894168, -0.3924999999999996270 ) ) ;
#891 = CARTESIAN_POINT ( 'NONE',  ( 4.005246720473584432, 0.5456438111628193477, -0.3924999999999993494 ) ) ;
#892 = CARTESIAN_POINT ( 'NONE',  ( -5.964987096663357136, 0.05735022363319933203, -0.3924999999999996270 ) ) ;
#893 = CARTESIAN_POINT ( 'NONE',  ( -5.179999999998425864, -14.50581133036936166, -0.3924999999999995159 ) ) ;
#894 = CARTESIAN_POINT ( 'NONE',  ( -4.169450323274453751, 2.117506863768034098, 0.3924999999999995159 ) ) ;
#895 = CARTESIAN_POINT ( 'NONE',  ( 5.162568454417047370, 0.2215629089292469878, 0.3924999999999995159 ) ) ;
#896 = CARTESIAN_POINT ( 'NONE',  ( 5.110566231619906752, 0.4381487649462767475, 0.3924999999999995159 ) ) ;
#897 = UNCERTAINTY_MEASURE_WITH_UNIT (LENGTH_MEASURE( 1.000000000000000082E-05 ), #401, 'distance_accuracy_value', 'NONE');
#898 = CARTESIAN_POINT ( 'NONE',  ( -4.390391271124333805, 0.07504953655727909789, 0.3924999999999995159 ) ) ;
#899 = DIRECTION ( 'NONE',  ( -1.000000000000000000, 0.000000000000000000, -0.000000000000000000 ) ) ;
#900 = CARTESIAN_POINT ( 'NONE',  ( 5.965000000000784119, -9.066132081484532534, -0.3924999999999996270 ) ) ;
#901 = CARTESIAN_POINT ( 'NONE',  ( -4.395000000000000462, -2.266533020370688156, 0.3924999999999995159 ) ) ;
#902 = CARTESIAN_POINT ( 'NONE',  ( -5.179999999999997051, -21.75871699555894168, -0.3924999999999995159 ) ) ;
#903 = CARTESIAN_POINT ( 'NONE',  ( 4.173364674479767444, 0.4598081238848987229, -0.3924999999999993494 ) ) ;
#904 = ADVANCED_FACE ( 'NONE', ( #1287 ), #609, .T. ) ;
#905 = AXIS2_PLACEMENT_3D ( 'NONE', #88, #222, #1388 ) ;
#906 = CARTESIAN_POINT ( 'NONE',  ( -4.395000000000000462, -1.133266510185357179, -0.3924999999999993494 ) ) ;
#907 = CARTESIAN_POINT ( 'NONE',  ( 4.511050809418868823, 2.035488652076986149, -0.3924999999999996270 ) ) ;
#908 = CARTESIAN_POINT ( 'NONE',  ( -4.395000000000000462, -0.1133266510185320097, 0.3924999999999995159 ) ) ;
#909 = CARTESIAN_POINT ( 'NONE',  ( 4.394996541063603601, 0.03166130857383836483, -0.3924999999999993494 ) ) ;
#910 = CARTESIAN_POINT ( 'NONE',  ( -5.162568454417047370, 0.2215629089292469878, 0.3924999999999995159 ) ) ;
#911 = CARTESIAN_POINT ( 'NONE',  ( 5.179999999999999716, -3.626452832593224596, 0.3924999999999995159 ) ) ;
#912 = CARTESIAN_POINT ( 'NONE',  ( 4.394999999999998685, -7.252905665185662265, 0.3924999999999995159 ) ) ;
#913 = DIRECTION ( 'NONE',  ( 1.000000000000000000, 1.440800229216616965E-16, -0.000000000000000000 ) ) ;
#914 = CARTESIAN_POINT ( 'NONE',  ( -4.394076095150897920, 0.03762010234794613966, 0.3924999999999995159 ) ) ;
#915 = ADVANCED_FACE ( 'NONE', ( #1316, #671 ), #1105, .F. ) ;
#916 = CARTESIAN_POINT ( 'NONE',  ( 5.964999999999996305, -21.75871699555894168, 0.3924999999999995159 ) ) ;
#917 = CARTESIAN_POINT ( 'NONE',  ( -5.008296029406241523, 0.6850508741570005000, 0.3924999999999995159 ) ) ;
#918 = CARTESIAN_POINT ( 'NONE',  ( 5.008296029406241523, 0.6850508741570005000, 0.3924999999999995159 ) ) ;
#919 = CARTESIAN_POINT ( 'NONE',  ( -3.820000000000000284, 1.752499999999999725, 0.000000000000000000 ) ) ;
#920 = CARTESIAN_POINT ( 'NONE',  ( 5.964999999999998970, -1.813226416296551902, -0.3924999999999996270 ) ) ;
#921 = DIRECTION ( 'NONE',  ( -1.000000000000000000, -0.000000000000000000, -0.000000000000000000 ) ) ;
#922 = CARTESIAN_POINT ( 'NONE',  ( -5.964999999999998970, -1.133266510185357179, 0.3924999999999995159 ) ) ;
#923 = CARTESIAN_POINT ( 'NONE',  ( -5.179999999999999716, -0.2833166275463452899, 0.3924999999999995159 ) ) ;
#924 = CARTESIAN_POINT ( 'NONE',  ( 4.258148764946227516, 1.290566231619903359, 0.3924999999999995159 ) ) ;
#925 = CARTESIAN_POINT ( 'NONE',  ( 5.136535667174777942, 0.3524975820101176049, 0.3924999999999995159 ) ) ;
#926 = DIRECTION ( 'NONE',  ( 1.000000000000000000, 1.992948188320250669E-16, 0.000000000000000000 ) ) ;
#927 = EDGE_CURVE ( 'NONE', #1096, #462, #638, .T. ) ;
#928 = CARTESIAN_POINT ( 'NONE',  ( -4.395000000000000462, -1.813226416296551902, 0.3924999999999995159 ) ) ;
#929 = CARTESIAN_POINT ( 'NONE',  ( 5.180000000000784866, -9.066132081484534311, 0.3924999999999995159 ) ) ;
#930 = DIRECTION ( 'NONE',  ( 0.000000000000000000, 0.000000000000000000, 1.000000000000000000 ) ) ;
#931 = VERTEX_POINT ( 'NONE', #134 ) ;
#932 = CARTESIAN_POINT ( 'NONE',  ( 5.964999999999998082, -4.533066040741771552, -0.3924999999999996270 ) ) ;
#933 = CARTESIAN_POINT ( 'NONE',  ( -5.110566231619906752, 0.4381487649462767475, 0.3924999999999995159 ) ) ;
#934 = CARTESIAN_POINT ( 'NONE',  ( -5.965000000000784119, -9.066132081484532534, -0.3924999999999996270 ) ) ;
#935 = CARTESIAN_POINT ( 'NONE',  ( 5.179999999999999716, -0.4533066040741526304, -0.3924999999999995159 ) ) ;
#936 = CARTESIAN_POINT ( 'NONE',  ( 4.395000000000000462, -0.2266533020370644358, 0.3924999999999995159 ) ) ;
#937 = CARTESIAN_POINT ( 'NONE',  ( -1.591562499999999325, 1.359999999999999876, 0.000000000000000000 ) ) ;
#938 = DIRECTION ( 'NONE',  ( 0.000000000000000000, 0.000000000000000000, 1.000000000000000000 ) ) ;
#939 = CARTESIAN_POINT ( 'NONE',  ( 5.694187487556190419, 1.080466268431464316, 0.3924999999999995159 ) ) ;
#940 = CARTESIAN_POINT ( 'NONE',  ( -5.179999999999998828, -4.533066040741771552, -0.3924999999999995159 ) ) ;
#941 = CARTESIAN_POINT ( 'NONE',  ( 4.279808123884768278, 0.3533646744796272166, 0.3924999999999995159 ) ) ;
#942 = CARTESIAN_POINT ( 'NONE',  ( -4.511050809418868823, 2.035488652076986149, -0.3924999999999996270 ) ) ;
#943 = AXIS2_PLACEMENT_3D ( 'NONE', #1110, #790, #776 ) ;
#944 = CARTESIAN_POINT ( 'NONE',  ( 4.169450323274453751, 2.117506863768034098, -0.3924999999999996270 ) ) ;
#945 = CARTESIAN_POINT ( 'NONE',  ( -4.505050874157126906, 1.188296029406237020, 0.3924999999999995159 ) ) ;
#946 = CARTESIAN_POINT ( 'NONE',  ( -3.820000000000000728, 2.144999999999999130, -0.3924999999999996270 ) ) ;
#947 = CARTESIAN_POINT ( 'NONE',  ( -2.314999999999999947, 1.359999999999999876, 1.159999999999999698 ) ) ;
#948 = EDGE_CURVE ( 'NONE', #1125, #1676, #1291, .T. ) ;
#949 = CARTESIAN_POINT ( 'NONE',  ( 4.395000000000784723, -9.066132081484532534, -0.3924999999999993494 ) ) ;
#950 = CARTESIAN_POINT ( 'NONE',  ( 5.855488652076973111, 0.6910508094189341532, 0.3924999999999995159 ) ) ;
#951 = CARTESIAN_POINT ( 'NONE',  ( -5.179999999999999716, -0.4533066040741526304, -0.3924999999999995159 ) ) ;
#952 = CARTESIAN_POINT ( 'NONE',  ( 5.162568454417047370, 0.2215629089292469878, 0.3924999999999995159 ) ) ;
#953 = CARTESIAN_POINT ( 'NONE',  ( -5.964999999999998082, -7.252905665185662265, 0.3924999999999995159 ) ) ;
#954 = CARTESIAN_POINT ( 'NONE',  ( 5.964999999998425118, -14.50581133036936343, 0.3924999999999995159 ) ) ;
#955 = DIRECTION ( 'NONE',  ( 0.000000000000000000, 0.000000000000000000, 1.000000000000000000 ) ) ;
#956 = CARTESIAN_POINT ( 'NONE',  ( -3.877350428389751524, 2.144999999999999130, -0.3924999999999996270 ) ) ;
#957 = CARTESIAN_POINT ( 'NONE',  ( 5.136535667174777942, 0.3524975820101176049, -0.3924999999999995159 ) ) ;
#958 = CARTESIAN_POINT ( 'NONE',  ( 5.179999999999999716, -3.626452832593224596, -0.3924999999999995159 ) ) ;
#959 = DIRECTION ( 'NONE',  ( 0.000000000000000000, 0.000000000000000000, 1.000000000000000000 ) ) ;
#960 = ORIENTED_EDGE ( 'NONE', *, *, #1014, .F. ) ;
#961 = CARTESIAN_POINT ( 'NONE',  ( -4.390391271124333805, 0.07504953655727909789, -0.3924999999999993494 ) ) ;
#962 = ORIENTED_EDGE ( 'NONE', *, *, #1478, .F. ) ;
#963 = CARTESIAN_POINT ( 'NONE',  ( 5.179999999999998828, -4.533066040741771552, 0.3924999999999995159 ) ) ;
#964 = AXIS2_PLACEMENT_3D ( 'NONE', #1328, #771, #292 ) ;
#965 = CARTESIAN_POINT ( 'NONE',  ( -4.109635479882618014, 0.5024045712563289801, -0.3924999999999993494 ) ) ;
#966 = CARTESIAN_POINT ( 'NONE',  ( -4.900466268431635797, 1.874187487556144172, -0.3924999999999996270 ) ) ;
#967 = CARTESIAN_POINT ( 'NONE',  ( 5.179999999999997051, -18.13226416303135835, 0.3924999999999995159 ) ) ;
#968 = EDGE_CURVE ( 'NONE', #1729, #415, #1172, .T. ) ;
#969 = CARTESIAN_POINT ( 'NONE',  ( 3.819999999999999840, 1.752499999999999725, 0.000000000000000000 ) ) ;
#970 = CARTESIAN_POINT ( 'NONE',  ( -1.302187499999999609, 1.359999999999999876, 0.000000000000000000 ) ) ;
#971 = CARTESIAN_POINT ( 'NONE',  ( 4.394999999998426610, -14.50581133036936343, -0.3924999999999993494 ) ) ;
#972 =( NAMED_UNIT ( * ) PLANE_ANGLE_UNIT ( ) SI_UNIT ( $, .RADIAN. ) );
#973 = CARTESIAN_POINT ( 'NONE',  ( -4.365643811162840393, 0.1852467204736192030, -0.3924999999999993494 ) ) ;
#974 = EDGE_LOOP ( 'NONE', ( #1010, #1756, #1030, #1711 ) ) ;
#975 = CARTESIAN_POINT ( 'NONE',  ( 5.180000000000784866, -9.066132081484534311, 0.3924999999999995159 ) ) ;
#976 = CARTESIAN_POINT ( 'NONE',  ( -3.969033904158674630, 0.5566235357540635365, -0.3924999999999993494 ) ) ;
#977 = EDGE_LOOP ( 'NONE', ( #1820, #407, #1202, #486, #1129 ) ) ;
#978 = CARTESIAN_POINT ( 'NONE',  ( 5.179999999999999716, -0.9066132081482746186, 0.3924999999999995159 ) ) ;
#979 = VERTEX_POINT ( 'NONE', #344 ) ;
#980 = CARTESIAN_POINT ( 'NONE',  ( -1.302187499999999609, 1.359999999999999876, 0.000000000000000000 ) ) ;
#981 = CARTESIAN_POINT ( 'NONE',  ( -4.505050874157126906, 1.188296029406237020, 0.3924999999999995159 ) ) ;
#982 = CARTESIAN_POINT ( 'NONE',  ( 3.908979720336012154, 1.357814764182985856, -0.3924999999999995159 ) ) ;
#983 = ORIENTED_EDGE ( 'NONE', *, *, #811, .F. ) ;
#984 = CARTESIAN_POINT ( 'NONE',  ( -4.109635479882618014, 0.5024045712563289801, -0.3924999999999993494 ) ) ;
#985 = ORIENTED_EDGE ( 'NONE', *, *, #267, .T. ) ;
#986 = CARTESIAN_POINT ( 'NONE',  ( 4.376623535754044170, 0.1490339041586890567, 0.3924999999999995159 ) ) ;
#987 = AXIS2_PLACEMENT_3D ( 'NONE', #530, #1107, #1089 ) ;
#988 = AXIS2_PLACEMENT_3D ( 'NONE', #382, #1712, #1581 ) ;
#989 = CARTESIAN_POINT ( 'NONE',  ( -5.179999999998425864, -14.50581133036936166, -0.3924999999999995159 ) ) ;
#990 = CARTESIAN_POINT ( 'NONE',  ( 5.179991818863480368, 0.04450576610351886925, 0.3924999999999995159 ) ) ;
#991 = ORIENTED_EDGE ( 'NONE', *, *, #1732, .F. ) ;
#992 = CARTESIAN_POINT ( 'NONE',  ( -5.136535667174777942, 0.3524975820101176049, 0.3924999999999995159 ) ) ;
#993 = DIRECTION ( 'NONE',  ( 0.000000000000000000, 0.000000000000000000, 1.000000000000000000 ) ) ;
#994 = CARTESIAN_POINT ( 'NONE',  ( -2.314999999999999947, 1.360000000000000098, 0.000000000000000000 ) ) ;
#995 = CARTESIAN_POINT ( 'NONE',  ( 4.395000000000000462, -0.4533066040741526304, -0.3924999999999993494 ) ) ;
#996 = CARTESIAN_POINT ( 'NONE',  ( -1.591562499999999325, 1.359999999999999876, 0.000000000000000000 ) ) ;
#997 = CARTESIAN_POINT ( 'NONE',  ( -5.961553433215073028, 0.1403393383240781334, -0.3924999999999996270 ) ) ;
#998 = ORIENTED_EDGE ( 'NONE', *, *, #1138, .T. ) ;
#999 = CARTESIAN_POINT ( 'NONE',  ( 3.857620102347936175, 0.5740760951508994125, -0.3924999999999993494 ) ) ;
#1000 = CARTESIAN_POINT ( 'NONE',  ( -5.179999999999999716, -0.4533066040741526304, -0.3924999999999995159 ) ) ;
#1001 = VERTEX_POINT ( 'NONE', #1701 ) ;
#1002 = CARTESIAN_POINT ( 'NONE',  ( -5.169099354311476269, 0.1775084690746082106, -0.3924999999999995159 ) ) ;
#1003 = CARTESIAN_POINT ( 'NONE',  ( 5.964987096663357136, 0.05735022363319933203, 0.3924999999999995159 ) ) ;
#1004 = ORIENTED_EDGE ( 'NONE', *, *, #948, .F. ) ;
#1005 = CARTESIAN_POINT ( 'NONE',  ( -5.179999999999999716, -2.266533020370689044, 0.3924999999999995159 ) ) ;
#1006 = CARTESIAN_POINT ( 'NONE',  ( -3.864505895925855139, 1.360000000000000098, 0.3924999999999995159 ) ) ;
#1007 = CARTESIAN_POINT ( 'NONE',  ( 5.961553433215073028, 0.1403393383240781334, -0.3924999999999996270 ) ) ;
#1008 = CARTESIAN_POINT ( 'NONE',  ( -5.179999999998425864, -14.50581133036936166, 0.3924999999999995159 ) ) ;
#1009 = STYLED_ITEM ( 'NONE', ( #22 ), #477 ) ;
#1010 = ORIENTED_EDGE ( 'NONE', *, *, #1362, .T. ) ;
#1011 = CARTESIAN_POINT ( 'NONE',  ( -5.964999999999998970, -0.4533066040741526304, -0.3924999999999996270 ) ) ;
#1012 = ORIENTED_EDGE ( 'NONE', *, *, #1264, .F. ) ;
#1013 = CARTESIAN_POINT ( 'NONE',  ( 5.179999999999997051, -18.13226416303135835, -0.3924999999999995159 ) ) ;
#1014 = EDGE_CURVE ( 'NONE', #562, #1191, #37, .T. ) ;
#1015 = CARTESIAN_POINT ( 'NONE',  ( -4.322404571256292627, 0.2896354798825359622, -0.3924999999999993494 ) ) ;
#1016 = VERTEX_POINT ( 'NONE', #513 ) ;
#1017 = CARTESIAN_POINT ( 'NONE',  ( -4.099967401591931626, 2.127807437498617560, 0.3924999999999995159 ) ) ;
#1018 = ADVANCED_FACE ( 'NONE', ( #14 ), #1865, .F. ) ;
#1019 = ORIENTED_EDGE ( 'NONE', *, *, #1264, .T. ) ;
#1020 = CARTESIAN_POINT ( 'NONE',  ( -3.895049536557292580, 0.5703912711243342981, 0.3924999999999995159 ) ) ;
#1021 = CARTESIAN_POINT ( 'NONE',  ( -5.136535667174777942, 0.3524975820101176049, 0.3924999999999995159 ) ) ;
#1022 = CARTESIAN_POINT ( 'NONE',  ( 5.179999999999999716, -0.4533066040741526304, -0.3924999999999995159 ) ) ;
#1023 = CARTESIAN_POINT ( 'NONE',  ( -4.394999999999997797, -21.75871699555894168, 0.3924999999999995159 ) ) ;
#1024 = APPLICATION_PROTOCOL_DEFINITION ( 'draft international standard', 'automotive_design', 1998, #888 ) ;
#1025 = PRODUCT_DEFINITION_SHAPE ( 'NONE', 'NONE',  #1100 ) ;
#1026 = VERTEX_POINT ( 'NONE', #270 ) ;
#1027 = CARTESIAN_POINT ( 'NONE',  ( -5.964999999999996305, -18.13226416303135835, -0.3924999999999996270 ) ) ;
#1028 = EDGE_LOOP ( 'NONE', ( #484, #550 ) ) ;
#1029 = CARTESIAN_POINT ( 'NONE',  ( 4.395000000000000462, -0.1133266510185320097, -0.3924999999999993494 ) ) ;
#1030 = ORIENTED_EDGE ( 'NONE', *, *, #1045, .F. ) ;
#1031 = CARTESIAN_POINT ( 'NONE',  ( -5.179999999999997051, -21.75871699555894168, -0.3924999999999995159 ) ) ;
#1032 = CARTESIAN_POINT ( 'NONE',  ( -3.908979720336012154, 1.357814764182985856, 0.3924999999999995159 ) ) ;
#1033 = CARTESIAN_POINT ( 'NONE',  ( 4.172497582010103123, 1.316535667174816515, 0.3924999999999995159 ) ) ;
#1034 = CARTESIAN_POINT ( 'NONE',  ( 5.179999999999999716, -0.9066132081482746186, 0.3924999999999995159 ) ) ;
#1035 = ORIENTED_EDGE ( 'NONE', *, *, #1559, .F. ) ;
#1036 = CARTESIAN_POINT ( 'NONE',  ( -4.395000000000000462, -0.2266533020370644358, 0.3924999999999995159 ) ) ;
#1037 = AXIS2_PLACEMENT_3D ( 'NONE', #996, #569, #1181 ) ;
#1038 = ADVANCED_FACE ( 'NONE', ( #1857 ), #1511, .F. ) ;
#1039 =( NAMED_UNIT ( * ) SI_UNIT ( $, .STERADIAN. ) SOLID_ANGLE_UNIT ( ) );
#1040 = CARTESIAN_POINT ( 'NONE',  ( 5.964999999999998970, -0.5666332550926782563, -0.3924999999999996270 ) ) ;
#1041 = CARTESIAN_POINT ( 'NONE',  ( -4.395000000000000462, -1.133266510185357179, 0.3924999999999995159 ) ) ;
#1042 = CARTESIAN_POINT ( 'NONE',  ( 5.179999999999998828, -7.252905665185662265, 0.3924999999999995159 ) ) ;
#1043 = DIRECTION ( 'NONE',  ( 0.000000000000000000, 0.000000000000000000, 1.000000000000000000 ) ) ;
#1044 = ORIENTED_EDGE ( 'NONE', *, *, #1235, .T. ) ;
#1045 = EDGE_CURVE ( 'NONE', #1132, #433, #648, .T. ) ;
#1046 = CARTESIAN_POINT ( 'NONE',  ( -5.964999999999998970, -0.2833166275463452899, -0.3924999999999996270 ) ) ;
#1047 = VERTEX_POINT ( 'NONE', #794 ) ;
#1048 = CARTESIAN_POINT ( 'NONE',  ( 5.179999999999999716, -2.266533020370689044, -0.3924999999999995159 ) ) ;
#1049 = VERTEX_POINT ( 'NONE', #1470 ) ;
#1050 = CARTESIAN_POINT ( 'NONE',  ( -5.179999999999998828, -7.252905665185662265, -0.3924999999999995159 ) ) ;
#1051 = CARTESIAN_POINT ( 'NONE',  ( -5.179999999999999716, -0.4533066040741526304, 0.3924999999999995159 ) ) ;
#1052 = CARTESIAN_POINT ( 'NONE',  ( 5.177814764182985030, 0.08897972033601221631, 0.3924999999999995159 ) ) ;
#1053 = CARTESIAN_POINT ( 'NONE',  ( 5.179999999998425864, -14.50581133036936166, 0.3924999999999995159 ) ) ;
#1054 = CARTESIAN_POINT ( 'NONE',  ( -2.314999999999999947, 1.359999999999999876, 0.000000000000000000 ) ) ;
#1055 = EDGE_LOOP ( 'NONE', ( #1784, #425, #1771, #1692, #1823 ) ) ;
#1056 = CARTESIAN_POINT ( 'NONE',  ( -4.395000000000000462, -0.9066132081482746186, -0.3924999999999993494 ) ) ;
#1057 = CARTESIAN_POINT ( 'NONE',  ( 4.375961259861531616, 2.076447798595569161, -0.3924999999999996270 ) ) ;
#1058 = CARTESIAN_POINT ( 'NONE',  ( -4.394076095150897920, 0.03762010234794613966, 0.3924999999999995159 ) ) ;
#1059 = CARTESIAN_POINT ( 'NONE',  ( 5.179999999999999716, -3.626452832593224596, 0.3924999999999995159 ) ) ;
#1060 = CARTESIAN_POINT ( 'NONE',  ( -2.314999999999999947, 1.360000000000000098, -1.159999999999999698 ) ) ;
#1061 = ORIENTED_EDGE ( 'NONE', *, *, #1235, .F. ) ;
#1062 = UNCERTAINTY_MEASURE_WITH_UNIT (LENGTH_MEASURE( 1.000000000000000082E-05 ), #115, 'distance_accuracy_value', 'NONE');
#1063 = CARTESIAN_POINT ( 'NONE',  ( 3.820000000000000284, 1.360000000000000098, 0.000000000000000000 ) ) ;
#1064 = ORIENTED_EDGE ( 'NONE', *, *, #36, .T. ) ;
#1065 = CARTESIAN_POINT ( 'NONE',  ( 5.964999999999998970, -1.813226416296551902, 0.3924999999999995159 ) ) ;
#1066 = EDGE_LOOP ( 'NONE', ( #367, #418, #1141, #454 ) ) ;
#1067 = CARTESIAN_POINT ( 'NONE',  ( -5.169099354311476269, 0.1775084690746082106, 0.3924999999999995159 ) ) ;
#1068 = CARTESIAN_POINT ( 'NONE',  ( -5.694187487556190419, 1.080466268431464316, -0.3924999999999996270 ) ) ;
#1069 = DIRECTION ( 'NONE',  ( 1.000000000000000000, -1.992948188320250669E-16, -0.000000000000000000 ) ) ;
#1070 = CARTESIAN_POINT ( 'NONE',  ( 5.179999999999999716, -2.266533020370689044, 0.3924999999999995159 ) ) ;
#1071 = DIRECTION ( 'NONE',  ( 0.000000000000000000, 1.000000000000000000, 0.000000000000000000 ) ) ;
#1072 = AXIS2_PLACEMENT_3D ( 'NONE', #1651, #1324, #310 ) ;
#1073 = ORIENTED_EDGE ( 'NONE', *, *, #1138, .F. ) ;
#1074 = CARTESIAN_POINT ( 'NONE',  ( -4.279808123884768278, 0.3533646744796272166, 0.3924999999999995159 ) ) ;
#1075 = CARTESIAN_POINT ( 'NONE',  ( 5.964999999999996305, -18.13226416303135835, 0.3924999999999995159 ) ) ;
#1076 = CARTESIAN_POINT ( 'NONE',  ( -4.395004403794931847, -0.04031005322884669007, 0.3924999999999995159 ) ) ;
#1077 = CARTESIAN_POINT ( 'NONE',  ( 5.179999999999998828, -4.533066040741771552, 0.3924999999999995159 ) ) ;
#1078 = DIRECTION ( 'NONE',  ( -1.000000000000000000, -0.000000000000000000, -0.000000000000000000 ) ) ;
#1079 = ORIENTED_EDGE ( 'NONE', *, *, #1660, .T. ) ;
#1080 = EDGE_CURVE ( 'NONE', #1191, #467, #1299, .T. ) ;
#1081 = CARTESIAN_POINT ( 'NONE',  ( -5.964999999999998970, -2.266533020370688156, 0.3924999999999995159 ) ) ;
#1082 = ORIENTED_EDGE ( 'NONE', *, *, #889, .T. ) ;
#1083 = CARTESIAN_POINT ( 'NONE',  ( 5.964999999999996305, -21.75871699555894168, -0.3924999999999996270 ) ) ;
#1084 = ORIENTED_EDGE ( 'NONE', *, *, #1804, .F. ) ;
#1085 = CARTESIAN_POINT ( 'NONE',  ( -2.314999999999999947, 1.359999999999999876, 0.000000000000000000 ) ) ;
#1086 = CARTESIAN_POINT ( 'NONE',  ( -5.964999999999998970, -0.2266533020370644358, 0.3924999999999995159 ) ) ;
#1087 = CARTESIAN_POINT ( 'NONE',  ( 5.110566231619906752, 0.4381487649462767475, 0.3924999999999995159 ) ) ;
#1088 = CARTESIAN_POINT ( 'NONE',  ( 4.395000000000000462, -1.813226416296551902, 0.3924999999999995159 ) ) ;
#1089 = DIRECTION ( 'NONE',  ( 0.000000000000000000, 0.000000000000000000, 1.000000000000000000 ) ) ;
#1090 = EDGE_LOOP ( 'NONE', ( #1171, #1664, #1766, #1134, #1683 ) ) ;
#1091 = DIRECTION ( 'NONE',  ( -1.000000000000000000, -0.000000000000000000, -0.000000000000000000 ) ) ;
#1092 = CARTESIAN_POINT ( 'NONE',  ( 5.896447798595513490, 0.5559612598615458756, 0.3924999999999995159 ) ) ;
#1093 = CARTESIAN_POINT ( 'NONE',  ( -4.395000000000784723, -9.066132081484532534, 0.3924999999999995159 ) ) ;
#1094 = CARTESIAN_POINT ( 'NONE',  ( 4.655784273551941688, 1.087546171275544538, 0.3924999999999995159 ) ) ;
#1095 = DIRECTION ( 'NONE',  ( 1.000000000000000000, 0.000000000000000000, 0.000000000000000000 ) ) ;
#1096 = VERTEX_POINT ( 'NONE', #474 ) ;
#1097 = CARTESIAN_POINT ( 'NONE',  ( -5.855488652076973111, 0.6910508094189341532, 0.3924999999999995159 ) ) ;
#1098 = VERTEX_POINT ( 'NONE', #203 ) ;
#1099 = CARTESIAN_POINT ( 'NONE',  ( 5.896447798595513490, 0.5559612598615458756, -0.3924999999999996270 ) ) ;
#1100 = PRODUCT_DEFINITION ( 'UNKNOWN', '', #205, #322 ) ;
#1101 = ORIENTED_EDGE ( 'NONE', *, *, #1660, .F. ) ;
#1102 = CARTESIAN_POINT ( 'NONE',  ( -3.908979720336012154, 1.357814764182985856, -0.3924999999999995159 ) ) ;
#1103 = CARTESIAN_POINT ( 'NONE',  ( -5.964999999999998970, -0.4533066040741526304, 0.3924999999999995159 ) ) ;
#1104 = CARTESIAN_POINT ( 'NONE',  ( -4.258148764946227516, 1.290566231619903359, 0.3924999999999995159 ) ) ;
#1105 = PLANE ( 'NONE',  #558 ) ;
#1106 = CARTESIAN_POINT ( 'NONE',  ( 4.395000000000000462, -0.1133266510185320097, 0.3924999999999995159 ) ) ;
#1107 = DIRECTION ( 'NONE',  ( -1.000000000000000000, 2.449184984618537811E-17, 0.000000000000000000 ) ) ;
#1108 = PRESENTATION_LAYER_ASSIGNMENT (  '', '', ( #1381 ) ) ;
#1109 = ORIENTED_EDGE ( 'NONE', *, *, #506, .F. ) ;
#1110 = CARTESIAN_POINT ( 'NONE',  ( -3.819999999999999840, 1.360000000000000098, 0.000000000000000000 ) ) ;
#1111 = CARTESIAN_POINT ( 'NONE',  ( 5.964999999998425118, -14.50581133036936343, 0.3924999999999995159 ) ) ;
#1112 = CARTESIAN_POINT ( 'NONE',  ( -5.180000000000784866, -9.066132081484534311, -0.3924999999999995159 ) ) ;
#1113 = CARTESIAN_POINT ( 'NONE',  ( 4.041562908929260622, 1.342568454417027546, 0.3924999999999995159 ) ) ;
#1114 = CARTESIAN_POINT ( 'NONE',  ( 5.179999999999999716, -1.133266510185357401, 0.3924999999999995159 ) ) ;
#1115 = ORIENTED_EDGE ( 'NONE', *, *, #889, .F. ) ;
#1116 = CARTESIAN_POINT ( 'NONE',  ( -5.964999999999998970, -0.9066132081482746186, 0.3924999999999995159 ) ) ;
#1117 = EDGE_LOOP ( 'NONE', ( #430, #402 ) ) ;
#1118 = CARTESIAN_POINT ( 'NONE',  ( 4.505050874157126906, 1.188296029406237020, -0.3924999999999995159 ) ) ;
#1119 = ORIENTED_EDGE ( 'NONE', *, *, #1362, .F. ) ;
#1120 = CARTESIAN_POINT ( 'NONE',  ( -5.179999999999999716, -3.626452832593224596, 0.3924999999999995159 ) ) ;
#1121 = CARTESIAN_POINT ( 'NONE',  ( -5.964999999999998082, -7.252905665185662265, 0.3924999999999995159 ) ) ;
#1122 = DIRECTION ( 'NONE',  ( -1.000000000000000000, -0.000000000000000000, -0.000000000000000000 ) ) ;
#1123 = CARTESIAN_POINT ( 'NONE',  ( 4.394996541063603601, 0.03166130857383836483, -0.3924999999999993494 ) ) ;
#1124 = CARTESIAN_POINT ( 'NONE',  ( 3.820000000000000284, 1.360000000000000098, 0.3924999999999995159 ) ) ;
#1125 = VERTEX_POINT ( 'NONE', #919 ) ;
#1126 = CARTESIAN_POINT ( 'NONE',  ( 5.179999999999997051, -21.75871699555894168, 0.3924999999999995159 ) ) ;
#1127 = CARTESIAN_POINT ( 'NONE',  ( -5.179999999999999716, -0.2266533020370644358, -0.3924999999999995159 ) ) ;
#1128 = CARTESIAN_POINT ( 'NONE',  ( 4.005246720473584432, 0.5456438111628193477, 0.3924999999999995159 ) ) ;
#1129 = ORIENTED_EDGE ( 'NONE', *, *, #353, .T. ) ;
#1130 = CARTESIAN_POINT ( 'NONE',  ( -5.964999999999998970, -0.5666332550926782563, 0.3924999999999995159 ) ) ;
#1131 = AXIS2_PLACEMENT_3D ( 'NONE', #1776, #209, #1829 ) ;
#1132 = VERTEX_POINT ( 'NONE', #299 ) ;
#1133 = CARTESIAN_POINT ( 'NONE',  ( 5.965000000000784119, -9.066132081484532534, 0.3924999999999995159 ) ) ;
#1134 = ORIENTED_EDGE ( 'NONE', *, *, #763, .F. ) ;
#1135 = CARTESIAN_POINT ( 'NONE',  ( -5.177814764182985030, 0.08897972033601221631, 0.3924999999999995159 ) ) ;
#1136 = CARTESIAN_POINT ( 'NONE',  ( -5.965016428069788823, -0.07301626721931357700, 0.3924999999999995159 ) ) ;
#1137 = CARTESIAN_POINT ( 'NONE',  ( 5.179991818863480368, 0.04450576610351886925, -0.3924999999999995159 ) ) ;
#1138 = EDGE_CURVE ( 'NONE', #443, #931, #736, .T. ) ;
#1139 = CARTESIAN_POINT ( 'NONE',  ( 4.390391271124333805, 0.07504953655727909789, 0.3924999999999995159 ) ) ;
#1140 = CARTESIAN_POINT ( 'NONE',  ( 5.179999999999997051, -21.75871699555894168, -0.3924999999999995159 ) ) ;
#1141 = ORIENTED_EDGE ( 'NONE', *, *, #287, .F. ) ;
#1142 = CARTESIAN_POINT ( 'NONE',  ( -4.395000000000000462, -1.813226416296551902, -0.3924999999999993494 ) ) ;
#1143 = CARTESIAN_POINT ( 'NONE',  ( 4.505050874157126906, 1.188296029406237020, 0.3924999999999995159 ) ) ;
#1144 = ORIENTED_EDGE ( 'NONE', *, *, #1080, .F. ) ;
#1145 = CARTESIAN_POINT ( 'NONE',  ( -5.179999999999998828, -7.252905665185662265, -0.3924999999999995159 ) ) ;
#1146 = CARTESIAN_POINT ( 'NONE',  ( -5.180000000000784866, -9.066132081484534311, 0.3924999999999995159 ) ) ;
#1147 = ORIENTED_EDGE ( 'NONE', *, *, #1424, .F. ) ;
#1148 = CARTESIAN_POINT ( 'NONE',  ( 4.900466268431635797, 1.874187487556144172, 0.3924999999999995159 ) ) ;
#1149 = VERTEX_POINT ( 'NONE', #337 ) ;
#1150 = CARTESIAN_POINT ( 'NONE',  ( 5.179999999999999716, -0.1133266510185320097, -0.3924999999999995159 ) ) ;
#1151 = CARTESIAN_POINT ( 'NONE',  ( 3.851661363461959642, 0.5750000000000008438, 0.3924999999999995159 ) ) ;
#1152 = ORIENTED_EDGE ( 'NONE', *, *, #1827, .T. ) ;
#1153 = AXIS2_PLACEMENT_3D ( 'NONE', #1482, #1755, #1207 ) ;
#1154 = CARTESIAN_POINT ( 'NONE',  ( -5.110566231619906752, 0.4381487649462767475, -0.3924999999999995159 ) ) ;
#1155 = CARTESIAN_POINT ( 'NONE',  ( 5.008296029406241523, 0.6850508741570005000, 0.3924999999999995159 ) ) ;
#1156 = ORIENTED_EDGE ( 'NONE', *, *, #1632, .T. ) ;
#1157 = AXIS2_PLACEMENT_3D ( 'NONE', #277, #1163, #1863 ) ;
#1158 = CARTESIAN_POINT ( 'NONE',  ( -4.907546171275478208, 0.8357842735518541399, -0.3924999999999995159 ) ) ;
#1159 = ORIENTED_EDGE ( 'NONE', *, *, #1161, .F. ) ;
#1160 = CARTESIAN_POINT ( 'NONE',  ( 5.965016428069788823, -0.07301626721931357700, 0.3924999999999995159 ) ) ;
#1161 = EDGE_CURVE ( 'NONE', #394, #1187, #720, .T. ) ;
#1162 = ORIENTED_EDGE ( 'NONE', *, *, #868, .T. ) ;
#1163 = DIRECTION ( 'NONE',  ( -1.000000000000000000, -0.000000000000000000, -0.000000000000000000 ) ) ;
#1164 = CARTESIAN_POINT ( 'NONE',  ( -5.179999999999999716, -0.9066132081482746186, 0.3924999999999995159 ) ) ;
#1165 = CARTESIAN_POINT ( 'NONE',  ( 5.179999999999999716, -2.266533020370689044, -0.3924999999999995159 ) ) ;
#1166 = CARTESIAN_POINT ( 'NONE',  ( 4.279808123884768278, 0.3533646744796272166, 0.3924999999999995159 ) ) ;
#1167 = CARTESIAN_POINT ( 'NONE',  ( -5.180000000000784866, -9.066132081484534311, 0.3924999999999995159 ) ) ;
#1168 = ORIENTED_EDGE ( 'NONE', *, *, #1211, .F. ) ;
#1169 = CARTESIAN_POINT ( 'NONE',  ( -3.851661363461959642, 0.5750000000000008438, -0.3924999999999993494 ) ) ;
#1170 = CARTESIAN_POINT ( 'NONE',  ( 5.179999999999998828, -7.252905665185662265, -0.3924999999999995159 ) ) ;
#1171 = ORIENTED_EDGE ( 'NONE', *, *, #11, .F. ) ;
#1172 = B_SPLINE_CURVE_WITH_KNOTS ( 'NONE', 3,
 ( #1826, #705, #1813, #1532, #529, #1297, #1675, #1165, #684, #1690, #1417, #370, #935, #1270, #259, #1150, #84, #1137, #694, #1659, #251, #957, #1431, #398, #852, #1440, #1285, #385, #716, #1409, #219, #982, #556, #1562 ),
 .UNSPECIFIED., .F., .F.,
 ( 4, 2, 2, 2, 2, 2, 2, 2, 2, 2, 2, 2, 2, 2, 2, 2, 4 ),
 ( 0.000000000000000000, 0.4283212006999791988, 0.6424818010499687704, 0.7495621012249635839, 0.8031022513124610462, 0.8298723263562097774, 0.8432573638780840319, 0.8499498826390212702, 0.8566424013999583975, 0.8618990032809650259, 0.8671556051619715433, 0.8776688089239845780, 0.8986952164480106475, 0.9197216239720368280, 0.9302348277340499738, 0.9354914296150564912, 0.9407480314960630086 ),
 .UNSPECIFIED. ) ;
#1173 = CARTESIAN_POINT ( 'NONE',  ( -4.505050874157126906, 1.188296029406237020, -0.3924999999999995159 ) ) ;
#1174 = EDGE_LOOP ( 'NONE', ( #1147, #516, #553, #1648, #388 ) ) ;
#1175 = ADVANCED_FACE ( 'NONE', ( #1352 ), #862, .T. ) ;
#1176 = VECTOR ( 'NONE', #1306, 1000.000000000000000 ) ;
#1177 = CARTESIAN_POINT ( 'NONE',  ( -5.008296029406241523, 0.6850508741570005000, 0.3924999999999995159 ) ) ;
#1178 = CARTESIAN_POINT ( 'NONE',  ( -1.591562499999999325, 1.360000000000000098, -1.159999999999999698 ) ) ;
#1179 = DIRECTION ( 'NONE',  ( 0.000000000000000000, 0.000000000000000000, 1.000000000000000000 ) ) ;
#1180 = CARTESIAN_POINT ( 'NONE',  ( 4.390391271124333805, 0.07504953655727909789, -0.3924999999999993494 ) ) ;
#1181 = DIRECTION ( 'NONE',  ( 0.000000000000000000, 0.000000000000000000, 1.000000000000000000 ) ) ;
#1182 = DIRECTION ( 'NONE',  ( 0.000000000000000000, 1.000000000000000000, 0.000000000000000000 ) ) ;
#1183 = PRODUCT_RELATED_PRODUCT_CATEGORY ( 'part', '', ( #1398 ) ) ;
#1184 = LINE ( 'NONE', #368, #595 ) ;
#1185 = CARTESIAN_POINT ( 'NONE',  ( -5.964999999999998082, -4.533066040741771552, -0.3924999999999996270 ) ) ;
#1186 = CARTESIAN_POINT ( 'NONE',  ( 4.387630045066029716, 0.09367549458405684260, -0.3924999999999993494 ) ) ;
#1187 = VERTEX_POINT ( 'NONE', #806 ) ;
#1188 = AXIS2_PLACEMENT_3D ( 'NONE', #195, #314, #784 ) ;
#1189 = CARTESIAN_POINT ( 'NONE',  ( -5.177814764182985030, 0.08897972033601221631, -0.3924999999999995159 ) ) ;
#1190 = CARTESIAN_POINT ( 'NONE',  ( -5.162568454417047370, 0.2215629089292469878, -0.3924999999999995159 ) ) ;
#1191 = VERTEX_POINT ( 'NONE', #320 ) ;
#1192 = CARTESIAN_POINT ( 'NONE',  ( 5.136535667174777942, 0.3524975820101176049, 0.3924999999999995159 ) ) ;
#1193 = CLOSED_SHELL ( 'NONE', ( #615, #1795, #1591, #426, #1175, #1018 ) ) ;
#1194 = CARTESIAN_POINT ( 'NONE',  ( -4.172497582010103123, 1.316535667174816515, 0.3924999999999995159 ) ) ;
#1195 = ADVANCED_FACE ( 'NONE', ( #80 ), #1354, .T. ) ;
#1196 = CARTESIAN_POINT ( 'NONE',  ( 5.964999999999998970, -0.2833166275463452899, -0.3924999999999996270 ) ) ;
#1197 = CARTESIAN_POINT ( 'NONE',  ( -5.179999999999999716, -2.266533020370689044, 0.3924999999999995159 ) ) ;
#1198 = CARTESIAN_POINT ( 'NONE',  ( -3.819999999999999840, 1.360000000000000098, 0.3924999999999995159 ) ) ;
#1199 = CIRCLE ( 'NONE', #988, 0.3924999999999995159 ) ;
#1200 = CARTESIAN_POINT ( 'NONE',  ( -3.864505895925855139, 1.360000000000000098, -0.3924999999999995159 ) ) ;
#1201 = CARTESIAN_POINT ( 'NONE',  ( 5.179999999999999716, -1.813226416296551902, -0.3924999999999995159 ) ) ;
#1202 = ORIENTED_EDGE ( 'NONE', *, *, #86, .F. ) ;
#1203 = CARTESIAN_POINT ( 'NONE',  ( -3.851661363461959642, 0.5750000000000008438, 0.3924999999999995159 ) ) ;
#1204 = CARTESIAN_POINT ( 'NONE',  ( -5.179999999999999716, -1.133266510185357401, 0.3924999999999995159 ) ) ;
#1205 = CARTESIAN_POINT ( 'NONE',  ( 5.964999999999998082, -4.533066040741771552, -0.3924999999999996270 ) ) ;
#1206 = CARTESIAN_POINT ( 'NONE',  ( -4.365643811162840393, 0.1852467204736192030, 0.3924999999999995159 ) ) ;
#1207 = DIRECTION ( 'NONE',  ( 0.000000000000000000, 0.000000000000000000, 1.000000000000000000 ) ) ;
#1208 = ADVANCED_FACE ( 'NONE', ( #54 ), #1386, .T. ) ;
#1209 = CARTESIAN_POINT ( 'NONE',  ( -5.964999999999998082, -7.252905665185662265, -0.3924999999999996270 ) ) ;
#1210 = CARTESIAN_POINT ( 'NONE',  ( 5.179999999999999716, -0.1133266510185320097, -0.3924999999999995159 ) ) ;
#1211 = EDGE_CURVE ( 'NONE', #1729, #447, #1330, .T. ) ;
#1212 = VERTEX_POINT ( 'NONE', #902 ) ;
#1213 = EDGE_LOOP ( 'NONE', ( #1101, #1577, #1641, #288 ) ) ;
#1214 = CARTESIAN_POINT ( 'NONE',  ( 4.258148764946227516, 1.290566231619903359, 0.3924999999999995159 ) ) ;
#1215 = CARTESIAN_POINT ( 'NONE',  ( -4.395000000000784723, -9.066132081484532534, -0.3924999999999993494 ) ) ;
#1216 = CARTESIAN_POINT ( 'NONE',  ( 5.964999999999998970, -0.9066132081482746186, -0.3924999999999996270 ) ) ;
#1217 = CARTESIAN_POINT ( 'NONE',  ( 5.162568454417047370, 0.2215629089292469878, 0.3924999999999995159 ) ) ;
#1218 = CARTESIAN_POINT ( 'NONE',  ( 5.179999999999997051, -21.75871699555894168, 0.000000000000000000 ) ) ;
#1219 = CIRCLE ( 'NONE', #1460, 1.159999999999999698 ) ;
#1220 = CARTESIAN_POINT ( 'NONE',  ( 5.179991818863480368, 0.04450576610351886925, -0.3924999999999995159 ) ) ;
#1221 = DIRECTION ( 'NONE',  ( -1.000000000000000000, -0.000000000000000000, -0.000000000000000000 ) ) ;
#1222 = CARTESIAN_POINT ( 'NONE',  ( -5.179991818863480368, 0.04450576610351886925, 0.3924999999999995159 ) ) ;
#1223 = CARTESIAN_POINT ( 'NONE',  ( -3.820000000000000284, 1.360000000000000098, 0.000000000000000000 ) ) ;
#1224 = CIRCLE ( 'NONE', #214, 0.3924999999999995159 ) ;
#1225 = CARTESIAN_POINT ( 'NONE',  ( 5.179999999999999716, -0.2833166275463452899, 0.3924999999999995159 ) ) ;
#1226 = EDGE_LOOP ( 'NONE', ( #1168, #1799, #531, #396, #1773 ) ) ;
#1227 = CARTESIAN_POINT ( 'NONE',  ( -4.173364674479767444, 0.4598081238848987229, 0.3924999999999995159 ) ) ;
#1228 = AXIS2_PLACEMENT_3D ( 'NONE', #47, #1526, #930 ) ;
#1229 = DIRECTION ( 'NONE',  ( 0.000000000000000000, 0.000000000000000000, 1.000000000000000000 ) ) ;
#1230 = CARTESIAN_POINT ( 'NONE',  ( 5.136535667174777942, 0.3524975820101176049, -0.3924999999999995159 ) ) ;
#1231 = CARTESIAN_POINT ( 'NONE',  ( -4.322404571256292627, 0.2896354798825361287, 0.3924999999999995159 ) ) ;
#1232 = CARTESIAN_POINT ( 'NONE',  ( 5.179999999999999716, -2.266533020370689044, 0.3924999999999995159 ) ) ;
#1233 = DIRECTION ( 'NONE',  ( -1.000000000000000000, -0.000000000000000000, -0.000000000000000000 ) ) ;
#1234 = CYLINDRICAL_SURFACE ( 'NONE', #1157, 1.159999999999999698 ) ;
#1235 = EDGE_CURVE ( 'NONE', #1187, #394, #691, .T. ) ;
#1236 = CARTESIAN_POINT ( 'NONE',  ( 5.965016428069788823, -0.07301626721931357700, -0.3924999999999996270 ) ) ;
#1237 = CARTESIAN_POINT ( 'NONE',  ( -4.172497582010103123, 1.316535667174816515, 0.3924999999999995159 ) ) ;
#1238 = CARTESIAN_POINT ( 'NONE',  ( -4.511050809418868823, 2.035488652076986149, -0.3924999999999996270 ) ) ;
#1239 = DIRECTION ( 'NONE',  ( 0.000000000000000000, 0.000000000000000000, 1.000000000000000000 ) ) ;
#1240 = PRESENTATION_STYLE_ASSIGNMENT (( #839 ) ) ;
#1241 = CARTESIAN_POINT ( 'NONE',  ( 5.008296029406241523, 0.6850508741570005000, 0.3924999999999995159 ) ) ;
#1242 = ADVANCED_FACE ( 'NONE', ( #726 ), #1625, .T. ) ;
#1243 = EDGE_LOOP ( 'NONE', ( #1835, #391 ) ) ;
#1244 = CARTESIAN_POINT ( 'NONE',  ( -4.395000000000000462, -1.813226416296551902, 0.3924999999999995159 ) ) ;
#1245 = CARTESIAN_POINT ( 'NONE',  ( -1.302187499999999609, 1.359999999999999876, 1.359999999999999876 ) ) ;
#1246 = CARTESIAN_POINT ( 'NONE',  ( 5.694187487556190419, 1.080466268431464316, -0.3924999999999996270 ) ) ;
#1247 = CARTESIAN_POINT ( 'NONE',  ( -4.394996541063603601, 0.03166130857383836483, 0.3924999999999995159 ) ) ;
#1248 = DIRECTION ( 'NONE',  ( 0.000000000000000000, 0.000000000000000000, 1.000000000000000000 ) ) ;
#1249 = LINE ( 'NONE', #969, #1176 ) ;
#1250 = CARTESIAN_POINT ( 'NONE',  ( -5.964987096663357136, 0.05735022363319933203, 0.3924999999999995159 ) ) ;
#1251 = CARTESIAN_POINT ( 'NONE',  ( 4.655784273551941688, 1.087546171275544538, -0.3924999999999995159 ) ) ;
#1252 = CIRCLE ( 'NONE', #1357, 0.3924999999999995159 ) ;
#1253 = CARTESIAN_POINT ( 'NONE',  ( -5.180010415932360779, -0.05666316022408014741, 0.3924999999999995159 ) ) ;
#1254 = CARTESIAN_POINT ( 'NONE',  ( -5.964999999999998970, -0.1133266510185320097, -0.3924999999999996270 ) ) ;
#1255 = CARTESIAN_POINT ( 'NONE',  ( -5.179999999999999716, -0.2266533020370644358, 0.3924999999999995159 ) ) ;
#1256 = CIRCLE ( 'NONE', #186, 1.359999999999999876 ) ;
#1257 = CARTESIAN_POINT ( 'NONE',  ( 4.395000000000000462, -1.133266510185357179, 0.3924999999999995159 ) ) ;
#1258 = AXIS2_PLACEMENT_3D ( 'NONE', #812, #220, #1828 ) ;
#1259 = CARTESIAN_POINT ( 'NONE',  ( 4.375961259861531616, 2.076447798595569161, 0.3924999999999995159 ) ) ;
#1260 = CARTESIAN_POINT ( 'NONE',  ( -4.390391271124333805, 0.07504953655727909789, 0.3924999999999995159 ) ) ;
#1261 = CARTESIAN_POINT ( 'NONE',  ( 4.505050874157126906, 1.188296029406237020, 0.3924999999999995159 ) ) ;
#1262 = CARTESIAN_POINT ( 'NONE',  ( 4.322404571256292627, 0.2896354798825361287, 0.3924999999999995159 ) ) ;
#1263 = VECTOR ( 'NONE', #1091, 1000.000000000000000 ) ;
#1264 = EDGE_CURVE ( 'NONE', #931, #500, #1365, .T. ) ;
#1265 = CARTESIAN_POINT ( 'NONE',  ( -5.694187487556190419, 1.080466268431464316, 0.3924999999999995159 ) ) ;
#1266 = FACE_OUTER_BOUND ( 'NONE', #381, .T. ) ;
#1267 = CARTESIAN_POINT ( 'NONE',  ( -4.258148764946227516, 1.290566231619903359, 0.3924999999999995159 ) ) ;
#1268 = CARTESIAN_POINT ( 'NONE',  ( -5.964999999999998970, -0.1133266510185320097, 0.3924999999999995159 ) ) ;
#1269 = CARTESIAN_POINT ( 'NONE',  ( -4.172497582010103123, 1.316535667174816515, 0.3924999999999995159 ) ) ;
#1270 = CARTESIAN_POINT ( 'NONE',  ( 5.179999999999999716, -0.2833166275463452899, -0.3924999999999995159 ) ) ;
#1271 = FACE_OUTER_BOUND ( 'NONE', #1678, .T. ) ;
#1272 = CARTESIAN_POINT ( 'NONE',  ( 4.395004403794931847, -0.04031005322884669007, 0.3924999999999995159 ) ) ;
#1273 = SURFACE_SIDE_STYLE ('',( #677 ) ) ;
#1274 =( BOUNDED_SURFACE ( )  B_SPLINE_SURFACE ( 3, 3, ( 
 ( #268, #123, #258, #579, #162, #395, #740, #1005, #152, #565, #606, #1589, #141, #730, #1853, #249, #883, #859, #1135, #17, #554, #992, #850, #1177, #1338, #1468, #1738, #1295, #1194, #592, #424, #1699, #873, #1350 ),
 ( #1479, #1602, #1438, #1560, #703, #1507, #1789, #631, #1244, #789, #1363, #1611, #1767, #485, #1036, #453, #1498, #306, #914, #898, #59, #197, #1633, #617, #1074, #1227, #185, #468, #1488, #29, #1020, #1621, #1203, #175 ),
 ( #1375, #1779, #316, #1215, #775, #643, #296, #1387, #44, #906, #1056, #764, #1317, #701, #406, #139, #879, #378, #563, #869, #1598, #1466, #1847, #1015, #551, #836, #965, #434, #976, #130, #1720, #1454, #1566, #12 ),
 ( #1358, #149, #989, #1709, #1145, #601, #576, #1484, #725, #257, #1578, #1873, #1000, #245, #274, #1347, #1303, #847, #1189, #1446, #1861, #857, #266, #710, #1158, #1587, #1173, #1332, #1734, #587, #230, #83, #496, #682 ),
 ( #1439, #1284, #218, #934, #207, #1530, #25, #343, #1552, #760, #97, #1673, #1429, #1407, #1688, #1254, #239, #892, #654, #1561, #358, #819, #369, #1068, #1839, #111, #1416, #1238, #1395, #1543, #527, #1801, #956, #946 ),
 ( #1517, #328, #1825, #1296, #1121, #799, #613, #542, #693, #922, #831, #171, #1103, #1643, #1086, #1268, #1136, #1657, #1763, #294, #448, #68, #1812, #512, #667, #810, #555, #840, #1364, #1582, #885, #439, #704, #411 ),
 ( #1339, #1307, #851, #1739, #1490, #1877, #1713, #1864, #133, #1204, #1164, #1448, #269, #142, #753, #250, #397, #742, #1351, #1469, #1700, #1021, #384, #1568, #566, #290, #981, #715, #1724, #1323, #1458, #1603, #1006, #1854 ) ),
 .UNSPECIFIED., .T., .F., .F. ) 
 B_SPLINE_SURFACE_WITH_KNOTS ( ( 4, 3, 4 ),
 ( 4, 2, 2, 2, 2, 2, 2, 2, 2, 2, 2, 2, 2, 2, 2, 2, 4 ),
 ( 0.000000000000000000, 0.5000000000000000000, 1.000000000000000000 ),
 ( 0.000000000000000000, 0.4283212006999791988, 0.6424818010499687704, 0.7495621012249635839, 0.8031022513124610462, 0.8298723263562097774, 0.8432573638780840319, 0.8499498826390212702, 0.8566424013999583975, 0.8618990032809650259, 0.8671556051619715433, 0.8776688089239845780, 0.8986952164480106475, 0.9197216239720368280, 0.9302348277340499738, 0.9354914296150564912, 0.9407480314960630086 ),
 .UNSPECIFIED. ) 
 GEOMETRIC_REPRESENTATION_ITEM ( )  RATIONAL_B_SPLINE_SURFACE ( (
 ( 1.000000000000000000, 1.000000000000000000, 1.000000000000000000, 1.000000000000000000, 1.000000000000000000, 1.000000000000000000, 1.000000000000000000, 1.000000000000000000, 1.000000000000000000, 1.000000000000000000, 1.000000000000000000, 1.000000000000000000, 1.000000000000000000, 1.000000000000000000, 1.000000000000000000, 1.000000000000000000, 1.000000000000000000, 1.000000000000000000, 1.000000000000000000, 1.000000000000000000, 1.000000000000000000, 1.000000000000000000, 1.000000000000000000, 1.000000000000000000, 1.000000000000000000, 1.000000000000000000, 1.000000000000000000, 1.000000000000000000, 1.000000000000000000, 1.000000000000000000, 1.000000000000000000, 1.000000000000000000, 1.000000000000000000, 1.000000000000000000),
 ( 0.3333333333333333703, 0.3333333333333333703, 0.3333333333333333703, 0.3333333333333333703, 0.3333333333333333703, 0.3333333333333333703, 0.3333333333333333703, 0.3333333333333333703, 0.3333333333333333703, 0.3333333333333333703, 0.3333333333333333703, 0.3333333333333333703, 0.3333333333333333703, 0.3333333333333333703, 0.3333333333333333703, 0.3333333333333333703, 0.3333333333333333703, 0.3333333333333333703, 0.3333333333333333703, 0.3333333333333333703, 0.3333333333333333703, 0.3333333333333333703, 0.3333333333333333703, 0.3333333333333333703, 0.3333333333333333703, 0.3333333333333333703, 0.3333333333333333703, 0.3333333333333333703, 0.3333333333333333703, 0.3333333333333333703, 0.3333333333333333703, 0.3333333333333333703, 0.3333333333333333703, 0.3333333333333333703),
 ( 0.3333333333333333703, 0.3333333333333333703, 0.3333333333333333703, 0.3333333333333333703, 0.3333333333333333703, 0.3333333333333333703, 0.3333333333333333703, 0.3333333333333333703, 0.3333333333333333703, 0.3333333333333333703, 0.3333333333333333703, 0.3333333333333333703, 0.3333333333333333703, 0.3333333333333333703, 0.3333333333333333703, 0.3333333333333333703, 0.3333333333333333703, 0.3333333333333333703, 0.3333333333333333703, 0.3333333333333333703, 0.3333333333333333703, 0.3333333333333333703, 0.3333333333333333703, 0.3333333333333333703, 0.3333333333333333703, 0.3333333333333333703, 0.3333333333333333703, 0.3333333333333333703, 0.3333333333333333703, 0.3333333333333333703, 0.3333333333333333703, 0.3333333333333333703, 0.3333333333333333703, 0.3333333333333333703),
 ( 1.000000000000000000, 1.000000000000000000, 1.000000000000000000, 1.000000000000000000, 1.000000000000000000, 1.000000000000000000, 1.000000000000000000, 1.000000000000000000, 1.000000000000000000, 1.000000000000000000, 1.000000000000000000, 1.000000000000000000, 1.000000000000000000, 1.000000000000000000, 1.000000000000000000, 1.000000000000000000, 1.000000000000000000, 1.000000000000000000, 1.000000000000000000, 1.000000000000000000, 1.000000000000000000, 1.000000000000000000, 1.000000000000000000, 1.000000000000000000, 1.000000000000000000, 1.000000000000000000, 1.000000000000000000, 1.000000000000000000, 1.000000000000000000, 1.000000000000000000, 1.000000000000000000, 1.000000000000000000, 1.000000000000000000, 1.000000000000000000),
 ( 0.3333333333333333703, 0.3333333333333333703, 0.3333333333333333703, 0.3333333333333333703, 0.3333333333333333703, 0.3333333333333333703, 0.3333333333333333703, 0.3333333333333333703, 0.3333333333333333703, 0.3333333333333333703, 0.3333333333333333703, 0.3333333333333333703, 0.3333333333333333703, 0.3333333333333333703, 0.3333333333333333703, 0.3333333333333333703, 0.3333333333333333703, 0.3333333333333333703, 0.3333333333333333703, 0.3333333333333333703, 0.3333333333333333703, 0.3333333333333333703, 0.3333333333333333703, 0.3333333333333333703, 0.3333333333333333703, 0.3333333333333333703, 0.3333333333333333703, 0.3333333333333333703, 0.3333333333333333703, 0.3333333333333333703, 0.3333333333333333703, 0.3333333333333333703, 0.3333333333333333703, 0.3333333333333333703),
 ( 0.3333333333333333703, 0.3333333333333333703, 0.3333333333333333703, 0.3333333333333333703, 0.3333333333333333703, 0.3333333333333333703, 0.3333333333333333703, 0.3333333333333333703, 0.3333333333333333703, 0.3333333333333333703, 0.3333333333333333703, 0.3333333333333333703, 0.3333333333333333703, 0.3333333333333333703, 0.3333333333333333703, 0.3333333333333333703, 0.3333333333333333703, 0.3333333333333333703, 0.3333333333333333703, 0.3333333333333333703, 0.3333333333333333703, 0.3333333333333333703, 0.3333333333333333703, 0.3333333333333333703, 0.3333333333333333703, 0.3333333333333333703, 0.3333333333333333703, 0.3333333333333333703, 0.3333333333333333703, 0.3333333333333333703, 0.3333333333333333703, 0.3333333333333333703, 0.3333333333333333703, 0.3333333333333333703),
 ( 1.000000000000000000, 1.000000000000000000, 1.000000000000000000, 1.000000000000000000, 1.000000000000000000, 1.000000000000000000, 1.000000000000000000, 1.000000000000000000, 1.000000000000000000, 1.000000000000000000, 1.000000000000000000, 1.000000000000000000, 1.000000000000000000, 1.000000000000000000, 1.000000000000000000, 1.000000000000000000, 1.000000000000000000, 1.000000000000000000, 1.000000000000000000, 1.000000000000000000, 1.000000000000000000, 1.000000000000000000, 1.000000000000000000, 1.000000000000000000, 1.000000000000000000, 1.000000000000000000, 1.000000000000000000, 1.000000000000000000, 1.000000000000000000, 1.000000000000000000, 1.000000000000000000, 1.000000000000000000, 1.000000000000000000, 1.000000000000000000) ) ) 
 REPRESENTATION_ITEM ( '' )  SURFACE ( )  );
#1275 = CIRCLE ( 'NONE', #30, 1.359999999999999876 ) ;
#1276 = CARTESIAN_POINT ( 'NONE',  ( 4.511050809418868823, 2.035488652076986149, 0.3924999999999995159 ) ) ;
#1277 = CARTESIAN_POINT ( 'NONE',  ( -5.179999999998425864, -14.50581133036936166, -0.3924999999999995159 ) ) ;
#1278 = CARTESIAN_POINT ( 'NONE',  ( 3.997508469074611881, 1.349099354311475985, 0.3924999999999995159 ) ) ;
#1279 = CARTESIAN_POINT ( 'NONE',  ( 4.173364674479767444, 0.4598081238848987229, 0.3924999999999995159 ) ) ;
#1280 = CARTESIAN_POINT ( 'NONE',  ( -5.964999999999998970, -0.2266533020370644358, 0.3924999999999995159 ) ) ;
#1281 = CARTESIAN_POINT ( 'NONE',  ( 4.511050809418868823, 2.035488652076986149, -0.3924999999999996270 ) ) ;
#1282 = CYLINDRICAL_SURFACE ( 'NONE', #1188, 1.360000000000000098 ) ;
#1283 = CARTESIAN_POINT ( 'NONE',  ( -4.655784273551941688, 1.087546171275544538, 0.3924999999999995159 ) ) ;
#1284 = CARTESIAN_POINT ( 'NONE',  ( -5.964999999999996305, -18.13226416303135835, -0.3924999999999996270 ) ) ;
#1285 = CARTESIAN_POINT ( 'NONE',  ( 4.505050874157126906, 1.188296029406237020, -0.3924999999999995159 ) ) ;
#1286 = AXIS2_PLACEMENT_3D ( 'NONE', #1459, #620, #1725 ) ;
#1287 = FACE_OUTER_BOUND ( 'NONE', #977, .T. ) ;
#1288 = CARTESIAN_POINT ( 'NONE',  ( 3.960339338324088576, 2.141553433215072744, 0.3924999999999995159 ) ) ;
#1289 = CARTESIAN_POINT ( 'NONE',  ( -3.820000000000000728, 0.5750000000000008438, -0.3924999999999993494 ) ) ;
#1290 = CARTESIAN_POINT ( 'NONE',  ( 3.913675494584067049, 0.5676300450660209940, 0.3924999999999995159 ) ) ;
#1291 = LINE ( 'NONE', #125, #1294 ) ;
#1292 = CARTESIAN_POINT ( 'NONE',  ( -5.965016428069788823, -0.07301626721931357700, 0.3924999999999995159 ) ) ;
#1293 = CARTESIAN_POINT ( 'NONE',  ( 5.964999999999996305, -18.13226416303135835, 0.3924999999999995159 ) ) ;
#1294 = VECTOR ( 'NONE', #1553, 1000.000000000000000 ) ;
#1295 = CARTESIAN_POINT ( 'NONE',  ( -4.258148764946227516, 1.290566231619903359, 0.3924999999999995159 ) ) ;
#1296 = CARTESIAN_POINT ( 'NONE',  ( -5.965000000000784119, -9.066132081484532534, 0.3924999999999995159 ) ) ;
#1297 = CARTESIAN_POINT ( 'NONE',  ( 5.179999999999998828, -4.533066040741771552, -0.3924999999999995159 ) ) ;
#1298 = CARTESIAN_POINT ( 'NONE',  ( 4.395000000000000462, -0.1133266510185320097, -0.3924999999999993494 ) ) ;
#1299 = LINE ( 'NONE', #1060, #722 ) ;
#1300 = CARTESIAN_POINT ( 'NONE',  ( -3.913675494584067049, 0.5676300450660209940, -0.3924999999999993494 ) ) ;
#1301 = CARTESIAN_POINT ( 'NONE',  ( 4.394999999999998685, -7.252905665185662265, 0.3924999999999995159 ) ) ;
#1302 = CIRCLE ( 'NONE', #1513, 1.159999999999999698 ) ;
#1303 = CARTESIAN_POINT ( 'NONE',  ( -5.180010415932360779, -0.05666316022408014741, -0.3924999999999995159 ) ) ;
#1304 =( GEOMETRIC_REPRESENTATION_CONTEXT ( 3 ) GLOBAL_UNCERTAINTY_ASSIGNED_CONTEXT ( ( #1356 ) ) GLOBAL_UNIT_ASSIGNED_CONTEXT ( ( #768, #1585, #166 ) ) REPRESENTATION_CONTEXT ( 'NONE', 'WORKASPACE' ) );
#1305 = FACE_OUTER_BOUND ( 'NONE', #1746, .T. ) ;
#1306 = DIRECTION ( 'NONE',  ( -1.000000000000000000, 1.440800229216616965E-16, 0.000000000000000000 ) ) ;
#1307 = CARTESIAN_POINT ( 'NONE',  ( -5.179999999999997051, -18.13226416303135835, 0.3924999999999995159 ) ) ;
#1308 = DIRECTION ( 'NONE',  ( -1.000000000000000000, -0.000000000000000000, -0.000000000000000000 ) ) ;
#1309 = VECTOR ( 'NONE', #199, 1000.000000000000000 ) ;
#1310 = EDGE_CURVE ( 'NONE', #979, #1212, #1367, .T. ) ;
#1311 = CARTESIAN_POINT ( 'NONE',  ( 4.395000000000000462, -3.626452832593225040, -0.3924999999999993494 ) ) ;
#1312 = CARTESIAN_POINT ( 'NONE',  ( -2.314999999999999947, 1.359999999999999876, 1.360000000000000098 ) ) ;
#1313 = CYLINDRICAL_SURFACE ( 'NONE', #9, 1.360000000000000098 ) ;
#1314 = CARTESIAN_POINT ( 'NONE',  ( -4.322404571256292627, 0.2896354798825359622, -0.3924999999999993494 ) ) ;
#1315 = CARTESIAN_POINT ( 'NONE',  ( 4.258148764946227516, 1.290566231619903359, 0.3924999999999995159 ) ) ;
#1316 = FACE_BOUND ( 'NONE', #597, .T. ) ;
#1317 = CARTESIAN_POINT ( 'NONE',  ( -4.395000000000000462, -0.4533066040741526304, -0.3924999999999993494 ) ) ;
#1318 = CARTESIAN_POINT ( 'NONE',  ( -5.179999999999999716, -1.813226416296551902, -0.3924999999999995159 ) ) ;
#1319 = CARTESIAN_POINT ( 'NONE',  ( 4.169450323274453751, 2.117506863768034098, 0.3924999999999995159 ) ) ;
#1320 = LINE ( 'NONE', #334, #1263 ) ;
#1321 = FILL_AREA_STYLE_COLOUR ( '', #585 ) ;
#1322 = ADVANCED_FACE ( 'NONE', ( #1361 ), #332, .F. ) ;
#1323 = CARTESIAN_POINT ( 'NONE',  ( -4.041562908929260622, 1.342568454417027546, 0.3924999999999995159 ) ) ;
#1324 = DIRECTION ( 'NONE',  ( 0.000000000000000000, 1.000000000000000000, 0.000000000000000000 ) ) ;
#1325 = CARTESIAN_POINT ( 'NONE',  ( 4.394999999999998685, -7.252905665185662265, -0.3924999999999993494 ) ) ;
#1326 = DIRECTION ( 'NONE',  ( 1.000000000000000000, 2.449184984618537811E-17, 0.000000000000000000 ) ) ;
#1327 = CARTESIAN_POINT ( 'NONE',  ( -1.591562499999999325, 1.359999999999999876, 0.000000000000000000 ) ) ;
#1328 = CARTESIAN_POINT ( 'NONE',  ( -1.302187499999999609, 1.359999999999999876, 0.000000000000000000 ) ) ;
#1329 = CARTESIAN_POINT ( 'NONE',  ( 4.395000000000000462, -0.2833166275463452899, -0.3924999999999993494 ) ) ;
#1330 = CIRCLE ( 'NONE', #827, 0.3924999999999995159 ) ;
#1331 = AXIS2_PLACEMENT_3D ( 'NONE', #1340, #504, #63 ) ;
#1332 = CARTESIAN_POINT ( 'NONE',  ( -4.258148764946227516, 1.290566231619903359, -0.3924999999999995159 ) ) ;
#1333 = CARTESIAN_POINT ( 'NONE',  ( -5.179999999999999716, -0.5666332550926783673, -0.3924999999999995159 ) ) ;
#1334 = CARTESIAN_POINT ( 'NONE',  ( -3.820000000000000728, 2.144999999999999130, 0.3924999999999995159 ) ) ;
#1335 = CARTESIAN_POINT ( 'NONE',  ( 5.177814764182985030, 0.08897972033601221631, 0.3924999999999995159 ) ) ;
#1336 = PRESENTATION_STYLE_ASSIGNMENT (( #1815 ) ) ;
#1337 = EDGE_CURVE ( 'NONE', #525, #1026, #1343, .T. ) ;
#1338 = CARTESIAN_POINT ( 'NONE',  ( -4.907546171275478208, 0.8357842735518541399, 0.3924999999999995159 ) ) ;
#1339 = CARTESIAN_POINT ( 'NONE',  ( -5.179999999999997051, -21.75871699555894168, 0.3924999999999995159 ) ) ;
#1340 = CARTESIAN_POINT ( 'NONE',  ( 5.179999999999997051, -21.75871699555894168, 0.000000000000000000 ) ) ;
#1341 = CARTESIAN_POINT ( 'NONE',  ( 4.395000000000000462, -1.813226416296551902, -0.3924999999999993494 ) ) ;
#1342 = DIRECTION ( 'NONE',  ( 0.000000000000000000, 0.000000000000000000, 1.000000000000000000 ) ) ;
#1343 = CIRCLE ( 'NONE', #419, 0.3924999999999995159 ) ;
#1344 = CARTESIAN_POINT ( 'NONE',  ( 4.041562908929260622, 1.342568454417027546, 0.3924999999999995159 ) ) ;
#1345 = CARTESIAN_POINT ( 'NONE',  ( 5.179999999999999716, -0.4533066040741526304, -0.3924999999999995159 ) ) ;
#1346 = CIRCLE ( 'NONE', #210, 1.159999999999999698 ) ;
#1347 = CARTESIAN_POINT ( 'NONE',  ( -5.179999999999999716, -0.1133266510185320097, -0.3924999999999995159 ) ) ;
#1348 = CARTESIAN_POINT ( 'NONE',  ( -5.179999999998425864, -14.50581133036936166, 0.3924999999999995159 ) ) ;
#1349 = CARTESIAN_POINT ( 'NONE',  ( 5.110566231619906752, 0.4381487649462767475, 0.3924999999999995159 ) ) ;
#1350 = CARTESIAN_POINT ( 'NONE',  ( -3.819999999999999840, 1.360000000000000098, 0.3924999999999995159 ) ) ;
#1351 = CARTESIAN_POINT ( 'NONE',  ( -5.177814764182985030, 0.08897972033601221631, 0.3924999999999995159 ) ) ;
#1352 = FACE_OUTER_BOUND ( 'NONE', #1601, .T. ) ;
#1353 = CARTESIAN_POINT ( 'NONE',  ( 5.947807437498617844, 0.2799674015919373371, -0.3924999999999996270 ) ) ;
#1354 = CYLINDRICAL_SURFACE ( 'NONE', #532, 1.359999999999999876 ) ;
#1355 = CARTESIAN_POINT ( 'NONE',  ( 4.376623535754044170, 0.1490339041586890567, -0.3924999999999993494 ) ) ;
#1356 = UNCERTAINTY_MEASURE_WITH_UNIT (LENGTH_MEASURE( 1.000000000000000082E-05 ), #768, 'distance_accuracy_value', 'NONE');
#1357 = AXIS2_PLACEMENT_3D ( 'NONE', #1663, #1816, #1229 ) ;
#1358 = CARTESIAN_POINT ( 'NONE',  ( -5.179999999999997051, -21.75871699555894168, -0.3924999999999995159 ) ) ;
#1359 = CARTESIAN_POINT ( 'NONE',  ( 5.179999999999999716, -0.2833166275463452899, 0.3924999999999995159 ) ) ;
#1360 = CARTESIAN_POINT ( 'NONE',  ( 5.169099354311476269, 0.1775084690746082106, 0.3924999999999995159 ) ) ;
#1361 = FACE_OUTER_BOUND ( 'NONE', #1226, .T. ) ;
#1362 = EDGE_CURVE ( 'NONE', #1049, #1001, #48, .T. ) ;
#1363 = CARTESIAN_POINT ( 'NONE',  ( -4.395000000000000462, -0.9066132081482746186, 0.3924999999999995159 ) ) ;
#1364 = CARTESIAN_POINT ( 'NONE',  ( -4.375961259861531616, 2.076447798595569161, 0.3924999999999995159 ) ) ;
#1365 = CIRCLE ( 'NONE', #1846, 1.360000000000000098 ) ;
#1366 = CARTESIAN_POINT ( 'NONE',  ( -5.169099354311476269, 0.1775084690746082106, 0.3924999999999995159 ) ) ;
#1367 = CIRCLE ( 'NONE', #1072, 0.3924999999999995159 ) ;
#1368 = CARTESIAN_POINT ( 'NONE',  ( -5.964999999999998970, -1.813226416296551902, -0.3924999999999996270 ) ) ;
#1369 = CARTESIAN_POINT ( 'NONE',  ( 5.180010415932360779, -0.05666316022408014741, -0.3924999999999995159 ) ) ;
#1370 = FACE_OUTER_BOUND ( 'NONE', #1028, .T. ) ;
#1371 = CARTESIAN_POINT ( 'NONE',  ( -5.180000000000784866, -9.066132081484534311, -0.3924999999999995159 ) ) ;
#1372 = CARTESIAN_POINT ( 'NONE',  ( 5.179999999999999716, -0.1133266510185320097, 0.3924999999999995159 ) ) ;
#1373 = CARTESIAN_POINT ( 'NONE',  ( 5.179999999999999716, -0.4533066040741526304, 0.3924999999999995159 ) ) ;
#1374 = ADVANCED_FACE ( 'NONE', ( #685, #729 ), #877, .T. ) ;
#1375 = CARTESIAN_POINT ( 'NONE',  ( -4.394999999999997797, -21.75871699555894168, -0.3924999999999993494 ) ) ;
#1376 = CARTESIAN_POINT ( 'NONE',  ( 3.908979720336012154, 1.357814764182985856, -0.3924999999999995159 ) ) ;
#1377 = CARTESIAN_POINT ( 'NONE',  ( -5.180010415932360779, -0.05666316022408014741, 0.3924999999999995159 ) ) ;
#1378 = LINE ( 'NONE', #57, #674 ) ;
#1379 = AXIS2_PLACEMENT_3D ( 'NONE', #834, #744, #959 ) ;
#1380 = CARTESIAN_POINT ( 'NONE',  ( 4.395000000000000462, -1.813226416296551902, -0.3924999999999993494 ) ) ;
#1381 = STYLED_ITEM ( 'NONE', ( #1240 ), #399 ) ;
#1382 = CARTESIAN_POINT ( 'NONE',  ( -4.907546171275478208, 0.8357842735518541399, 0.3924999999999995159 ) ) ;
#1383 = CARTESIAN_POINT ( 'NONE',  ( -5.169099354311476269, 0.1775084690746082106, 0.3924999999999995159 ) ) ;
#1384 = CARTESIAN_POINT ( 'NONE',  ( 5.180010415932360779, -0.05666316022408014741, 0.3924999999999995159 ) ) ;
#1385 = CARTESIAN_POINT ( 'NONE',  ( -2.314999999999999947, 1.360000000000000098, -1.360000000000000098 ) ) ;
#1386 = CYLINDRICAL_SURFACE ( 'NONE', #1653, 1.159999999999999698 ) ;
#1387 = CARTESIAN_POINT ( 'NONE',  ( -4.395000000000000462, -2.266533020370688156, -0.3924999999999993494 ) ) ;
#1388 = DIRECTION ( 'NONE',  ( 0.000000000000000000, 0.000000000000000000, 1.000000000000000000 ) ) ;
#1389 = CARTESIAN_POINT ( 'NONE',  ( 4.099967401591931626, 2.127807437498617560, -0.3924999999999996270 ) ) ;
#1390 = CARTESIAN_POINT ( 'NONE',  ( -4.173364674479767444, 0.4598081238848987229, 0.3924999999999995159 ) ) ;
#1391 = DIRECTION ( 'NONE',  ( -1.000000000000000000, -0.000000000000000000, -0.000000000000000000 ) ) ;
#1392 = CARTESIAN_POINT ( 'NONE',  ( -5.965000000000784119, -9.066132081484532534, 0.3924999999999995159 ) ) ;
#1393 = CARTESIAN_POINT ( 'NONE',  ( 5.964999999999998970, -1.133266510185357179, 0.3924999999999995159 ) ) ;
#1394 = CARTESIAN_POINT ( 'NONE',  ( -5.179999999999999716, -1.813226416296551902, 0.3924999999999995159 ) ) ;
#1395 = CARTESIAN_POINT ( 'NONE',  ( -4.375961259861531616, 2.076447798595569161, -0.3924999999999996270 ) ) ;
#1396 = CARTESIAN_POINT ( 'NONE',  ( -1.591562499999999325, 1.359999999999999876, 0.000000000000000000 ) ) ;
#1397 = CARTESIAN_POINT ( 'NONE',  ( 5.179999999999997051, -18.13226416303135835, 0.3924999999999995159 ) ) ;
#1398 = PRODUCT ( '1N4752A', '1N4752A', '', ( #755 ) ) ;
#1399 = AXIS2_PLACEMENT_3D ( 'NONE', #567, #1592, #1043 ) ;
#1400 = CARTESIAN_POINT ( 'NONE',  ( -2.314999999999999947, 1.359999999999999876, 0.000000000000000000 ) ) ;
#1401 = CARTESIAN_POINT ( 'NONE',  ( 5.179999999999999716, -0.4533066040741526304, 0.3924999999999995159 ) ) ;
#1402 = DIRECTION ( 'NONE',  ( 0.000000000000000000, 0.000000000000000000, 1.000000000000000000 ) ) ;
#1403 = PRESENTATION_STYLE_ASSIGNMENT (( #158 ) ) ;
#1404 = EDGE_CURVE ( 'NONE', #447, #525, #1805, .T. ) ;
#1405 = CARTESIAN_POINT ( 'NONE',  ( 5.947807437498617844, 0.2799674015919373371, -0.3924999999999996270 ) ) ;
#1406 = CARTESIAN_POINT ( 'NONE',  ( -5.177814764182985030, 0.08897972033601221631, 0.3924999999999995159 ) ) ;
#1407 = CARTESIAN_POINT ( 'NONE',  ( -5.964999999999998970, -0.2833166275463452899, -0.3924999999999996270 ) ) ;
#1408 = CARTESIAN_POINT ( 'NONE',  ( -5.179999999999999716, -0.1133266510185320097, 0.3924999999999995159 ) ) ;
#1409 = CARTESIAN_POINT ( 'NONE',  ( 4.041562908929260622, 1.342568454417027546, -0.3924999999999995159 ) ) ;
#1410 = CARTESIAN_POINT ( 'NONE',  ( 4.395000000000000462, -0.9066132081482746186, 0.3924999999999995159 ) ) ;
#1411 = CARTESIAN_POINT ( 'NONE',  ( 5.964999999999998970, -1.133266510185357179, 0.3924999999999995159 ) ) ;
#1412 = CARTESIAN_POINT ( 'NONE',  ( -5.179999999999999716, -1.813226416296551902, -0.3924999999999995159 ) ) ;
#1413 = FACE_OUTER_BOUND ( 'NONE', #1055, .T. ) ;
#1414 = CARTESIAN_POINT ( 'NONE',  ( 5.110566231619906752, 0.4381487649462767475, -0.3924999999999995159 ) ) ;
#1415 = CARTESIAN_POINT ( 'NONE',  ( -3.997508469074611881, 1.349099354311475985, -0.3924999999999995159 ) ) ;
#1416 = CARTESIAN_POINT ( 'NONE',  ( -4.900466268431635797, 1.874187487556144172, -0.3924999999999996270 ) ) ;
#1417 = CARTESIAN_POINT ( 'NONE',  ( 5.179999999999999716, -0.9066132081482746186, -0.3924999999999995159 ) ) ;
#1418 = CARTESIAN_POINT ( 'NONE',  ( 4.394996541063603601, 0.03166130857383836483, 0.3924999999999995159 ) ) ;
#1419 = MECHANICAL_DESIGN_GEOMETRIC_PRESENTATION_REPRESENTATION (  '', ( #347 ), #1442 ) ;
#1420 = CARTESIAN_POINT ( 'NONE',  ( 4.099967401591931626, 2.127807437498617560, 0.3924999999999995159 ) ) ;
#1421 = CARTESIAN_POINT ( 'NONE',  ( -5.179999999999999716, -0.9066132081482746186, -0.3924999999999995159 ) ) ;
#1422 = CARTESIAN_POINT ( 'NONE',  ( 5.110566231619906752, 0.4381487649462767475, 0.3924999999999995159 ) ) ;
#1423 = CARTESIAN_POINT ( 'NONE',  ( 4.395000000000784723, -9.066132081484532534, 0.3924999999999995159 ) ) ;
#1424 = EDGE_CURVE ( 'NONE', #564, #1758, #1378, .T. ) ;
#1425 = CYLINDRICAL_SURFACE ( 'NONE', #1379, 1.360000000000000098 ) ;
#1426 = CARTESIAN_POINT ( 'NONE',  ( -5.964999999999998970, -0.2833166275463452899, 0.3924999999999995159 ) ) ;
#1427 = CARTESIAN_POINT ( 'NONE',  ( 4.099967401591931626, 2.127807437498617560, -0.3924999999999996270 ) ) ;
#1428 = CARTESIAN_POINT ( 'NONE',  ( -3.820000000000000284, 1.360000000000000098, 0.3924999999999995159 ) ) ;
#1429 = CARTESIAN_POINT ( 'NONE',  ( -5.964999999999998970, -0.4533066040741526304, -0.3924999999999996270 ) ) ;
#1430 = DIRECTION ( 'NONE',  ( 0.000000000000000000, 0.000000000000000000, 1.000000000000000000 ) ) ;
#1431 = CARTESIAN_POINT ( 'NONE',  ( 5.110566231619906752, 0.4381487649462767475, -0.3924999999999995159 ) ) ;
#1432 = CARTESIAN_POINT ( 'NONE',  ( 5.138203872624117707, 1.715284218666190075, 0.3924999999999995159 ) ) ;
#1433 = CARTESIAN_POINT ( 'NONE',  ( -5.179999999999997051, -18.13226416303135835, -0.3924999999999995159 ) ) ;
#1434 = CARTESIAN_POINT ( 'NONE',  ( 5.179999999999999716, -3.626452832593224596, 0.3924999999999995159 ) ) ;
#1435 = CARTESIAN_POINT ( 'NONE',  ( -4.511050809418868823, 2.035488652076986149, 0.3924999999999995159 ) ) ;
#1436 = CARTESIAN_POINT ( 'NONE',  ( 5.964999999999998082, -7.252905665185662265, 0.3924999999999995159 ) ) ;
#1437 = CIRCLE ( 'NONE', #281, 0.3924999999999995159 ) ;
#1438 = CARTESIAN_POINT ( 'NONE',  ( -4.394999999998426610, -14.50581133036936343, 0.3924999999999995159 ) ) ;
#1439 = CARTESIAN_POINT ( 'NONE',  ( -5.964999999999996305, -21.75871699555894168, -0.3924999999999996270 ) ) ;
#1440 = CARTESIAN_POINT ( 'NONE',  ( 4.655784273551941688, 1.087546171275544538, -0.3924999999999995159 ) ) ;
#1441 = CARTESIAN_POINT ( 'NONE',  ( 5.180000000000784866, -9.066132081484534311, -0.3924999999999995159 ) ) ;
#1442 =( GEOMETRIC_REPRESENTATION_CONTEXT ( 3 ) GLOBAL_UNCERTAINTY_ASSIGNED_CONTEXT ( ( #728 ) ) GLOBAL_UNIT_ASSIGNED_CONTEXT ( ( #628, #813, #196 ) ) REPRESENTATION_CONTEXT ( 'NONE', 'WORKASPACE' ) );
#1443 = CARTESIAN_POINT ( 'NONE',  ( -4.395000000000000462, -3.626452832593225040, -0.3924999999999993494 ) ) ;
#1444 = CARTESIAN_POINT ( 'NONE',  ( 4.655784273551941688, 1.087546171275544538, 0.3924999999999995159 ) ) ;
#1445 = AXIS2_PLACEMENT_3D ( 'NONE', #1085, #1800, #1656 ) ;
#1446 = CARTESIAN_POINT ( 'NONE',  ( -5.169099354311476269, 0.1775084690746082106, -0.3924999999999995159 ) ) ;
#1447 = CARTESIAN_POINT ( 'NONE',  ( 5.179999999999999716, -2.266533020370689044, 0.3924999999999995159 ) ) ;
#1448 = CARTESIAN_POINT ( 'NONE',  ( -5.179999999999999716, -0.5666332550926783673, 0.3924999999999995159 ) ) ;
#1449 = CARTESIAN_POINT ( 'NONE',  ( 3.819999999999999840, 1.360000000000000098, 0.000000000000000000 ) ) ;
#1450 = CARTESIAN_POINT ( 'NONE',  ( 3.857620102347936175, 0.5740760951508994125, 0.3924999999999995159 ) ) ;
#1451 = DIRECTION ( 'NONE',  ( -1.000000000000000000, -0.000000000000000000, -0.000000000000000000 ) ) ;
#1452 = CARTESIAN_POINT ( 'NONE',  ( -5.008296029406241523, 0.6850508741570005000, -0.3924999999999995159 ) ) ;
#1453 = CARTESIAN_POINT ( 'NONE',  ( 4.041562908929260622, 1.342568454417027546, 0.3924999999999995159 ) ) ;
#1454 = CARTESIAN_POINT ( 'NONE',  ( -3.857620102347936175, 0.5740760951508994125, -0.3924999999999993494 ) ) ;
#1455 = CARTESIAN_POINT ( 'NONE',  ( -4.505050874157126906, 1.188296029406237020, -0.3924999999999995159 ) ) ;
#1456 = CARTESIAN_POINT ( 'NONE',  ( 5.179999999999997051, -21.75871699555894168, 0.3924999999999995159 ) ) ;
#1457 = SURFACE_SIDE_STYLE ('',( #1796 ) ) ;
#1458 = CARTESIAN_POINT ( 'NONE',  ( -3.997508469074611881, 1.349099354311475985, 0.3924999999999995159 ) ) ;
#1459 = CARTESIAN_POINT ( 'NONE',  ( 2.314999999999999947, 1.359999999999999876, 0.000000000000000000 ) ) ;
#1460 = AXIS2_PLACEMENT_3D ( 'NONE', #495, #1221, #1504 ) ;
#1461 = CARTESIAN_POINT ( 'NONE',  ( 4.376623535754044170, 0.1490339041586890567, -0.3924999999999993494 ) ) ;
#1462 = CARTESIAN_POINT ( 'NONE',  ( -5.179999999999999716, -3.626452832593224596, 0.3924999999999995159 ) ) ;
#1463 = FILL_AREA_STYLE ('',( #1614 ) ) ;
#1464 = CARTESIAN_POINT ( 'NONE',  ( 3.913675494584067049, 0.5676300450660209940, -0.3924999999999993494 ) ) ;
#1465 = ADVANCED_FACE ( 'NONE', ( #82 ), #698, .T. ) ;
#1466 = CARTESIAN_POINT ( 'NONE',  ( -4.376623535754044170, 0.1490339041586890567, -0.3924999999999993494 ) ) ;
#1467 = CARTESIAN_POINT ( 'NONE',  ( 5.964999999999998970, -0.2266533020370644358, 0.3924999999999995159 ) ) ;
#1468 = CARTESIAN_POINT ( 'NONE',  ( -4.655784273551941688, 1.087546171275544538, 0.3924999999999995159 ) ) ;
#1469 = CARTESIAN_POINT ( 'NONE',  ( -5.169099354311476269, 0.1775084690746082106, 0.3924999999999995159 ) ) ;
#1470 = CARTESIAN_POINT ( 'NONE',  ( -1.302187499999999609, 1.359999999999999876, 1.359999999999999876 ) ) ;
#1471 = CARTESIAN_POINT ( 'NONE',  ( 3.820000000000000728, 0.5750000000000008438, 0.3924999999999995159 ) ) ;
#1472 = CARTESIAN_POINT ( 'NONE',  ( -3.820000000000000284, 1.360000000000000098, -0.3924999999999995159 ) ) ;
#1473 = CARTESIAN_POINT ( 'NONE',  ( -3.908979720336012154, 1.357814764182985856, -0.3924999999999995159 ) ) ;
#1474 = CARTESIAN_POINT ( 'NONE',  ( 4.395004403794931847, -0.04031005322884669007, -0.3924999999999993494 ) ) ;
#1475 = AXIS2_PLACEMENT_3D ( 'NONE', #657, #926, #1630 ) ;
#1476 = CARTESIAN_POINT ( 'NONE',  ( -5.179999999999997051, -21.75871699555894168, 0.3924999999999995159 ) ) ;
#1477 = CARTESIAN_POINT ( 'NONE',  ( 5.855488652076973111, 0.6910508094189341532, 0.3924999999999995159 ) ) ;
#1478 = EDGE_CURVE ( 'NONE', #1001, #433, #110, .T. ) ;
#1479 = CARTESIAN_POINT ( 'NONE',  ( -4.394999999999997797, -21.75871699555894168, 0.3924999999999995159 ) ) ;
#1480 = CARTESIAN_POINT ( 'NONE',  ( 4.907546171275478208, 0.8357842735518541399, -0.3924999999999995159 ) ) ;
#1481 = CARTESIAN_POINT ( 'NONE',  ( -4.394999999998426610, -14.50581133036936343, -0.3924999999999993494 ) ) ;
#1482 = CARTESIAN_POINT ( 'NONE',  ( 2.314999999999999947, 1.360000000000000098, 0.000000000000000000 ) ) ;
#1483 = CARTESIAN_POINT ( 'NONE',  ( 4.390391271124333805, 0.07504953655727909789, -0.3924999999999993494 ) ) ;
#1484 = CARTESIAN_POINT ( 'NONE',  ( -5.179999999999999716, -2.266533020370689044, -0.3924999999999995159 ) ) ;
#1485 = CARTESIAN_POINT ( 'NONE',  ( -5.179999999999999716, -2.266533020370689044, 0.3924999999999995159 ) ) ;
#1486 = CARTESIAN_POINT ( 'NONE',  ( 5.180010415932360779, -0.05666316022408014741, 0.3924999999999995159 ) ) ;
#1487 = CARTESIAN_POINT ( 'NONE',  ( 4.655784273551941688, 1.087546171275544538, 0.3924999999999995159 ) ) ;
#1488 = CARTESIAN_POINT ( 'NONE',  ( -3.969033904158674630, 0.5566235357540635365, 0.3924999999999995159 ) ) ;
#1489 = ADVANCED_FACE ( 'NONE', ( #1370 ), #42, .T. ) ;
#1490 = CARTESIAN_POINT ( 'NONE',  ( -5.179999999999998828, -7.252905665185662265, 0.3924999999999995159 ) ) ;
#1491 = CARTESIAN_POINT ( 'NONE',  ( 5.964999999999998970, -3.626452832593225040, -0.3924999999999996270 ) ) ;
#1492 = CARTESIAN_POINT ( 'NONE',  ( -3.997508469074611881, 1.349099354311475985, 0.3924999999999995159 ) ) ;
#1493 = CARTESIAN_POINT ( 'NONE',  ( 4.395000000000000462, -3.626452832593225040, -0.3924999999999993494 ) ) ;
#1494 = STYLED_ITEM ( 'NONE', ( #108 ), #1615 ) ;
#1495 = CARTESIAN_POINT ( 'NONE',  ( -5.179999999999999716, -0.9066132081482746186, -0.3924999999999995159 ) ) ;
#1496 = CARTESIAN_POINT ( 'NONE',  ( 3.819999999999999840, 1.360000000000000098, 0.3924999999999995159 ) ) ;
#1497 = UNCERTAINTY_MEASURE_WITH_UNIT (LENGTH_MEASURE( 1.000000000000000082E-05 ), #714, 'distance_accuracy_value', 'NONE');
#1498 = CARTESIAN_POINT ( 'NONE',  ( -4.395004403794931847, -0.04031005322884669007, 0.3924999999999995159 ) ) ;
#1499 = CARTESIAN_POINT ( 'NONE',  ( 5.110566231619906752, 0.4381487649462767475, -0.3924999999999995159 ) ) ;
#1500 = CARTESIAN_POINT ( 'NONE',  ( -3.864505895925855139, 1.360000000000000098, 0.3924999999999995159 ) ) ;
#1501 = DIRECTION ( 'NONE',  ( -1.000000000000000000, -0.000000000000000000, -0.000000000000000000 ) ) ;
#1502 = CARTESIAN_POINT ( 'NONE',  ( 4.258148764946227516, 1.290566231619903359, 0.3924999999999995159 ) ) ;
#1503 = CARTESIAN_POINT ( 'NONE',  ( 5.179999999999999716, -0.5666332550926783673, -0.3924999999999995159 ) ) ;
#1504 = DIRECTION ( 'NONE',  ( 0.000000000000000000, 0.000000000000000000, 1.000000000000000000 ) ) ;
#1505 = CARTESIAN_POINT ( 'NONE',  ( -5.136535667174777942, 0.3524975820101176049, 0.3924999999999995159 ) ) ;
#1506 = CARTESIAN_POINT ( 'NONE',  ( 5.179999999999997051, -21.75871699555894168, 0.3924999999999995159 ) ) ;
#1507 = CARTESIAN_POINT ( 'NONE',  ( -4.394999999999998685, -4.533066040741771552, 0.3924999999999995159 ) ) ;
#1508 = DIRECTION ( 'NONE',  ( 0.000000000000000000, 0.000000000000000000, 1.000000000000000000 ) ) ;
#1509 = CARTESIAN_POINT ( 'NONE',  ( 3.960339338324088576, 2.141553433215072744, -0.3924999999999996270 ) ) ;
#1510 = CARTESIAN_POINT ( 'NONE',  ( -4.394999999998426610, -14.50581133036936343, 0.3924999999999995159 ) ) ;
#1511 = PLANE ( 'NONE',  #1331 ) ;
#1512 = CARTESIAN_POINT ( 'NONE',  ( -5.961553433215073028, 0.1403393383240781334, 0.3924999999999995159 ) ) ;
#1513 = AXIS2_PLACEMENT_3D ( 'NONE', #1396, #1518, #1644 ) ;
#1514 = CARTESIAN_POINT ( 'NONE',  ( 5.961553433215073028, 0.1403393383240781334, -0.3924999999999996270 ) ) ;
#1515 = ADVANCED_FACE ( 'NONE', ( #100 ), #51, .T. ) ;
#1516 = CARTESIAN_POINT ( 'NONE',  ( -5.179999999999997051, -18.13226416303135835, 0.3924999999999995159 ) ) ;
#1517 = CARTESIAN_POINT ( 'NONE',  ( -5.964999999999996305, -21.75871699555894168, 0.3924999999999995159 ) ) ;
#1518 = DIRECTION ( 'NONE',  ( -1.000000000000000000, -0.000000000000000000, -0.000000000000000000 ) ) ;
#1519 = AXIS2_PLACEMENT_3D ( 'NONE', #172, #150, #295 ) ;
#1520 = CARTESIAN_POINT ( 'NONE',  ( 3.997508469074611881, 1.349099354311475985, 0.3924999999999995159 ) ) ;
#1521 = FILL_AREA_STYLE_COLOUR ( '', #77 ) ;
#1522 = CARTESIAN_POINT ( 'NONE',  ( -1.302187499999999609, 1.359999999999999876, 1.159999999999999698 ) ) ;
#1523 = CARTESIAN_POINT ( 'NONE',  ( 4.041562908929260622, 1.342568454417027546, -0.3924999999999995159 ) ) ;
#1524 = CARTESIAN_POINT ( 'NONE',  ( -3.913675494584067049, 0.5676300450660209940, 0.3924999999999995159 ) ) ;
#1525 = CARTESIAN_POINT ( 'NONE',  ( 5.179999999999999716, -0.2833166275463452899, 0.3924999999999995159 ) ) ;
#1526 = DIRECTION ( 'NONE',  ( -1.000000000000000000, -0.000000000000000000, -0.000000000000000000 ) ) ;
#1527 = ADVANCED_BREP_SHAPE_REPRESENTATION ( '1N4752A', ( #477, #1549, #1615, #399, #52 ), #823 ) ;
#1528 = CARTESIAN_POINT ( 'NONE',  ( 5.855488652076973111, 0.6910508094189341532, -0.3924999999999996270 ) ) ;
#1529 = CARTESIAN_POINT ( 'NONE',  ( -5.008296029406241523, 0.6850508741570005000, 0.3924999999999995159 ) ) ;
#1530 = CARTESIAN_POINT ( 'NONE',  ( -5.964999999999998082, -4.533066040741771552, -0.3924999999999996270 ) ) ;
#1531 = CARTESIAN_POINT ( 'NONE',  ( -4.655784273551941688, 1.087546171275544538, 0.3924999999999995159 ) ) ;
#1532 = CARTESIAN_POINT ( 'NONE',  ( 5.180000000000784866, -9.066132081484534311, -0.3924999999999995159 ) ) ;
#1533 = CARTESIAN_POINT ( 'NONE',  ( 4.395000000000000462, -0.5666332550926782563, 0.3924999999999995159 ) ) ;
#1534 = FILL_AREA_STYLE ('',( #466 ) ) ;
#1535 = PRESENTATION_LAYER_ASSIGNMENT (  '', '', ( #1677 ) ) ;
#1536 = CARTESIAN_POINT ( 'NONE',  ( 5.964999999999998970, -1.813226416296551902, 0.3924999999999995159 ) ) ;
#1537 = CARTESIAN_POINT ( 'NONE',  ( -4.395000000000000462, -0.1133266510185320097, -0.3924999999999993494 ) ) ;
#1538 = CARTESIAN_POINT ( 'NONE',  ( 5.179999999999999716, -2.266533020370689044, 0.3924999999999995159 ) ) ;
#1539 = EDGE_CURVE ( 'NONE', #467, #1149, #1346, .T. ) ;
#1540 = CARTESIAN_POINT ( 'NONE',  ( -5.535284218666188139, 1.318203872624080564, -0.3924999999999996270 ) ) ;
#1541 = CARTESIAN_POINT ( 'NONE',  ( 5.008296029406241523, 0.6850508741570005000, -0.3924999999999995159 ) ) ;
#1542 = DIRECTION ( 'NONE',  ( 0.000000000000000000, 0.000000000000000000, 1.000000000000000000 ) ) ;
#1543 = CARTESIAN_POINT ( 'NONE',  ( -4.169450323274453751, 2.117506863768034098, -0.3924999999999996270 ) ) ;
#1544 = CARTESIAN_POINT ( 'NONE',  ( -5.180010415932360779, -0.05666316022408014741, 0.3924999999999995159 ) ) ;
#1545 = CARTESIAN_POINT ( 'NONE',  ( 4.394076095150897920, 0.03762010234794613966, 0.3924999999999995159 ) ) ;
#1546 = CARTESIAN_POINT ( 'NONE',  ( 5.964999999999998082, -7.252905665185662265, 0.3924999999999995159 ) ) ;
#1547 = CARTESIAN_POINT ( 'NONE',  ( -4.394999999999998685, -4.533066040741771552, -0.3924999999999993494 ) ) ;
#1548 = CARTESIAN_POINT ( 'NONE',  ( 5.169099354311476269, 0.1775084690746082106, 0.3924999999999995159 ) ) ;
#1549 = MANIFOLD_SOLID_BREP ( 'Revolve2', #1742 ) ;
#1550 = CARTESIAN_POINT ( 'NONE',  ( 3.908979720336012154, 1.357814764182985856, -0.3924999999999995159 ) ) ;
#1551 = DIRECTION ( 'NONE',  ( -1.000000000000000000, -0.000000000000000000, -0.000000000000000000 ) ) ;
#1552 = CARTESIAN_POINT ( 'NONE',  ( -5.964999999999998970, -1.813226416296551902, -0.3924999999999996270 ) ) ;
#1553 = DIRECTION ( 'NONE',  ( 1.000000000000000000, 1.440800229216616965E-16, -0.000000000000000000 ) ) ;
#1554 = CARTESIAN_POINT ( 'NONE',  ( 4.394999999999997797, -21.75871699555894168, -0.3924999999999993494 ) ) ;
#1555 = AXIS2_PLACEMENT_3D ( 'NONE', #970, #1308, #1569 ) ;
#1556 = CARTESIAN_POINT ( 'NONE',  ( 4.900466268431635797, 1.874187487556144172, 0.3924999999999995159 ) ) ;
#1557 = CARTESIAN_POINT ( 'NONE',  ( -5.179999999999999716, -1.133266510185357401, -0.3924999999999995159 ) ) ;
#1558 = CARTESIAN_POINT ( 'NONE',  ( 5.179999999999999716, -0.9066132081482746186, 0.3924999999999995159 ) ) ;
#1559 = EDGE_CURVE ( 'NONE', #1187, #1618, #64, .T. ) ;
#1560 = CARTESIAN_POINT ( 'NONE',  ( -4.395000000000784723, -9.066132081484532534, 0.3924999999999995159 ) ) ;
#1561 = CARTESIAN_POINT ( 'NONE',  ( -5.947807437498617844, 0.2799674015919373371, -0.3924999999999996270 ) ) ;
#1562 = CARTESIAN_POINT ( 'NONE',  ( 3.820000000000000284, 1.360000000000000098, -0.3924999999999995159 ) ) ;
#1563 = CARTESIAN_POINT ( 'NONE',  ( 3.913675494584067049, 0.5676300450660209940, -0.3924999999999993494 ) ) ;
#1564 = DIRECTION ( 'NONE',  ( -1.000000000000000000, -0.000000000000000000, -0.000000000000000000 ) ) ;
#1565 = CARTESIAN_POINT ( 'NONE',  ( 4.395000000000000462, -3.626452832593225040, 0.3924999999999995159 ) ) ;
#1566 = CARTESIAN_POINT ( 'NONE',  ( -3.851661363461959642, 0.5750000000000008438, -0.3924999999999993494 ) ) ;
#1567 = CARTESIAN_POINT ( 'NONE',  ( 2.314999999999999947, 1.752499999999999725, 0.000000000000000000 ) ) ;
#1568 = CARTESIAN_POINT ( 'NONE',  ( -5.008296029406241523, 0.6850508741570005000, 0.3924999999999995159 ) ) ;
#1569 = DIRECTION ( 'NONE',  ( 0.000000000000000000, 0.000000000000000000, 1.000000000000000000 ) ) ;
#1570 = CARTESIAN_POINT ( 'NONE',  ( 4.395000000000000462, -2.266533020370688156, -0.3924999999999993494 ) ) ;
#1571 = CARTESIAN_POINT ( 'NONE',  ( -5.179999999999999716, -1.813226416296551902, 0.3924999999999995159 ) ) ;
#1572 = AXIS2_PLACEMENT_3D ( 'NONE', #187, #632, #1806 ) ;
#1573 = EDGE_LOOP ( 'NONE', ( #1783, #1762, #1770, #1622 ) ) ;
#1574 = CARTESIAN_POINT ( 'NONE',  ( -4.907546171275478208, 0.8357842735518541399, -0.3924999999999995159 ) ) ;
#1575 = CARTESIAN_POINT ( 'NONE',  ( 3.908979720336012154, 1.357814764182985856, 0.3924999999999995159 ) ) ;
#1576 = EDGE_CURVE ( 'NONE', #1727, #564, #713, .T. ) ;
#1577 = ORIENTED_EDGE ( 'NONE', *, *, #1732, .T. ) ;
#1578 = CARTESIAN_POINT ( 'NONE',  ( -5.179999999999999716, -0.9066132081482746186, -0.3924999999999995159 ) ) ;
#1579 = CARTESIAN_POINT ( 'NONE',  ( -4.172497582010103123, 1.316535667174816515, -0.3924999999999995159 ) ) ;
#1580 = CARTESIAN_POINT ( 'NONE',  ( 5.937506863768064136, 0.3494503232744370358, 0.3924999999999995159 ) ) ;
#1581 = DIRECTION ( 'NONE',  ( 0.000000000000000000, 0.000000000000000000, 1.000000000000000000 ) ) ;
#1582 = CARTESIAN_POINT ( 'NONE',  ( -4.169450323274453751, 2.117506863768034098, 0.3924999999999995159 ) ) ;
#1583 = DIRECTION ( 'NONE',  ( -1.000000000000000000, -0.000000000000000000, -0.000000000000000000 ) ) ;
#1584 = CARTESIAN_POINT ( 'NONE',  ( 3.857620102347936175, 0.5740760951508994125, -0.3924999999999993494 ) ) ;
#1585 =( NAMED_UNIT ( * ) PLANE_ANGLE_UNIT ( ) SI_UNIT ( $, .RADIAN. ) );
#1586 = CARTESIAN_POINT ( 'NONE',  ( -5.964999999998425118, -14.50581133036936343, -0.3924999999999996270 ) ) ;
#1587 = CARTESIAN_POINT ( 'NONE',  ( -4.655784273551941688, 1.087546171275544538, -0.3924999999999995159 ) ) ;
#1588 = AXIS2_PLACEMENT_3D ( 'NONE', #157, #429, #126 ) ;
#1589 = CARTESIAN_POINT ( 'NONE',  ( -5.179999999999999716, -0.5666332550926783673, 0.3924999999999995159 ) ) ;
#1590 = AXIS2_PLACEMENT_3D ( 'NONE', #329, #800, #821 ) ;
#1591 = ADVANCED_FACE ( 'NONE', ( #43 ), #87, .T. ) ;
#1592 = DIRECTION ( 'NONE',  ( 0.000000000000000000, 1.000000000000000000, 0.000000000000000000 ) ) ;
#1593 = CARTESIAN_POINT ( 'NONE',  ( 4.322404571256292627, 0.2896354798825361287, 0.3924999999999995159 ) ) ;
#1594 = CARTESIAN_POINT ( 'NONE',  ( -1.302187499999999609, 1.360000000000000098, -1.159999999999999698 ) ) ;
#1595 = DIRECTION ( 'NONE',  ( -1.000000000000000000, -0.000000000000000000, -0.000000000000000000 ) ) ;
#1596 = DIRECTION ( 'NONE',  ( 1.000000000000000000, -1.992948188320250669E-16, -0.000000000000000000 ) ) ;
#1597 = CARTESIAN_POINT ( 'NONE',  ( 4.395000000000000462, -0.9066132081482746186, -0.3924999999999993494 ) ) ;
#1598 = CARTESIAN_POINT ( 'NONE',  ( -4.387630045066029716, 0.09367549458405684260, -0.3924999999999993494 ) ) ;
#1599 = CARTESIAN_POINT ( 'NONE',  ( -5.179999999999999716, -3.626452832593224596, -0.3924999999999995159 ) ) ;
#1600 = CARTESIAN_POINT ( 'NONE',  ( 5.179999999999999716, -0.9066132081482746186, 0.3924999999999995159 ) ) ;
#1601 = EDGE_LOOP ( 'NONE', ( #1671, #1708 ) ) ;
#1602 = CARTESIAN_POINT ( 'NONE',  ( -4.394999999999997797, -18.13226416303135835, 0.3924999999999995159 ) ) ;
#1603 = CARTESIAN_POINT ( 'NONE',  ( -3.908979720336012154, 1.357814764182985856, 0.3924999999999995159 ) ) ;
#1604 = CARTESIAN_POINT ( 'NONE',  ( 5.179999999999999716, -0.5666332550926783673, -0.3924999999999995159 ) ) ;
#1605 = CARTESIAN_POINT ( 'NONE',  ( -4.258148764946227516, 1.290566231619903359, 0.3924999999999995159 ) ) ;
#1606 = DIRECTION ( 'NONE',  ( 1.000000000000000000, 1.992948188320250669E-16, 0.000000000000000000 ) ) ;
#1607 = DIRECTION ( 'NONE',  ( 0.000000000000000000, 0.000000000000000000, 1.000000000000000000 ) ) ;
#1608 = CARTESIAN_POINT ( 'NONE',  ( 3.820000000000000728, 0.5750000000000008438, 0.3924999999999995159 ) ) ;
#1609 = CARTESIAN_POINT ( 'NONE',  ( -5.179999999999999716, -1.813226416296551902, 0.3924999999999995159 ) ) ;
#1610 = CARTESIAN_POINT ( 'NONE',  ( 5.179991818863480368, 0.04450576610351886925, 0.3924999999999995159 ) ) ;
#1611 = CARTESIAN_POINT ( 'NONE',  ( -4.395000000000000462, -0.5666332550926782563, 0.3924999999999995159 ) ) ;
#1612 = CARTESIAN_POINT ( 'NONE',  ( 5.964999999999998970, -0.2266533020370644358, -0.3924999999999996270 ) ) ;
#1613 = CARTESIAN_POINT ( 'NONE',  ( -3.819999999999999840, 1.360000000000000098, 0.3924999999999995159 ) ) ;
#1614 = FILL_AREA_STYLE_COLOUR ( '', #122 ) ;
#1615 = MANIFOLD_SOLID_BREP ( 'Sweep1', #1193 ) ;
#1616 = ORIENTED_EDGE ( 'NONE', *, *, #1310, .T. ) ;
#1617 = CARTESIAN_POINT ( 'NONE',  ( 3.895049536557292580, 0.5703912711243342981, -0.3924999999999993494 ) ) ;
#1618 = VERTEX_POINT ( 'NONE', #280 ) ;
#1619 = CARTESIAN_POINT ( 'NONE',  ( -5.179999999999999716, -0.2266533020370644358, -0.3924999999999995159 ) ) ;
#1620 = CARTESIAN_POINT ( 'NONE',  ( 4.041562908929260622, 1.342568454417027546, 0.3924999999999995159 ) ) ;
#1621 = CARTESIAN_POINT ( 'NONE',  ( -3.857620102347936175, 0.5740760951508994125, 0.3924999999999995159 ) ) ;
#1622 = ORIENTED_EDGE ( 'NONE', *, *, #36, .F. ) ;
#1623 = CARTESIAN_POINT ( 'NONE',  ( 5.535284218666188139, 1.318203872624080564, -0.3924999999999996270 ) ) ;
#1624 = CARTESIAN_POINT ( 'NONE',  ( -4.907546171275478208, 0.8357842735518541399, 0.3924999999999995159 ) ) ;
#1625 = PLANE ( 'NONE',  #580 ) ;
#1626 = CARTESIAN_POINT ( 'NONE',  ( 5.169099354311476269, 0.1775084690746082106, -0.3924999999999995159 ) ) ;
#1627 = CARTESIAN_POINT ( 'NONE',  ( 3.820000000000000284, 1.360000000000000098, 0.000000000000000000 ) ) ;
#1628 = CARTESIAN_POINT ( 'NONE',  ( 5.136535667174777942, 0.3524975820101176049, 0.3924999999999995159 ) ) ;
#1629 = CARTESIAN_POINT ( 'NONE',  ( 4.907546171275478208, 0.8357842735518541399, 0.3924999999999995159 ) ) ;
#1630 = DIRECTION ( 'NONE',  ( 0.000000000000000000, 0.000000000000000000, 1.000000000000000000 ) ) ;
#1631 = ORIENTED_EDGE ( 'NONE', *, *, #630, .T. ) ;
#1632 = EDGE_CURVE ( 'NONE', #342, #500, #167, .T. ) ;
#1633 = CARTESIAN_POINT ( 'NONE',  ( -4.365643811162840393, 0.1852467204736192030, 0.3924999999999995159 ) ) ;
#1634 = CARTESIAN_POINT ( 'NONE',  ( 3.820000000000000284, 1.360000000000000098, 0.3924999999999995159 ) ) ;
#1635 = CARTESIAN_POINT ( 'NONE',  ( 5.177814764182985030, 0.08897972033601221631, -0.3924999999999995159 ) ) ;
#1636 = CARTESIAN_POINT ( 'NONE',  ( -4.109635479882618014, 0.5024045712563289801, 0.3924999999999995159 ) ) ;
#1637 = CARTESIAN_POINT ( 'NONE',  ( 5.179999999999999716, -1.813226416296551902, 0.3924999999999995159 ) ) ;
#1638 = DIRECTION ( 'NONE',  ( 0.000000000000000000, 0.000000000000000000, -1.000000000000000000 ) ) ;
#1639 = ORIENTED_EDGE ( 'NONE', *, *, #1424, .T. ) ;
#1640 = CARTESIAN_POINT ( 'NONE',  ( 5.964999999999998970, -0.9066132081482746186, 0.3924999999999995159 ) ) ;
#1641 = ORIENTED_EDGE ( 'NONE', *, *, #811, .T. ) ;
#1642 = DIRECTION ( 'NONE',  ( 1.000000000000000000, -1.992948188320250669E-16, -0.000000000000000000 ) ) ;
#1643 = CARTESIAN_POINT ( 'NONE',  ( -5.964999999999998970, -0.2833166275463452899, 0.3924999999999995159 ) ) ;
#1644 = DIRECTION ( 'NONE',  ( 0.000000000000000000, 0.000000000000000000, 1.000000000000000000 ) ) ;
#1645 = CARTESIAN_POINT ( 'NONE',  ( 5.179999999999998828, -4.533066040741771552, 0.3924999999999995159 ) ) ;
#1646 = ORIENTED_EDGE ( 'NONE', *, *, #11, .T. ) ;
#1647 = DIRECTION ( 'NONE',  ( -0.000000000000000000, 0.000000000000000000, 1.000000000000000000 ) ) ;
#1648 = ORIENTED_EDGE ( 'NONE', *, *, #948, .T. ) ;
#1649 = CARTESIAN_POINT ( 'NONE',  ( 5.179999999999999716, -0.2266533020370644358, -0.3924999999999995159 ) ) ;
#1650 = CARTESIAN_POINT ( 'NONE',  ( -3.857620102347936175, 0.5740760951508994125, 0.3924999999999995159 ) ) ;
#1651 = CARTESIAN_POINT ( 'NONE',  ( -5.179999999999997051, -21.75871699555894168, 0.000000000000000000 ) ) ;
#1652 = ORIENTED_EDGE ( 'NONE', *, *, #700, .F. ) ;
#1653 = AXIS2_PLACEMENT_3D ( 'NONE', #769, #1078, #1248 ) ;
#1654 = CARTESIAN_POINT ( 'NONE',  ( 4.041562908929260622, 1.342568454417027546, -0.3924999999999995159 ) ) ;
#1655 = EDGE_LOOP ( 'NONE', ( #510, #983 ) ) ;
#1656 = DIRECTION ( 'NONE',  ( 0.000000000000000000, 0.000000000000000000, 1.000000000000000000 ) ) ;
#1657 = CARTESIAN_POINT ( 'NONE',  ( -5.964987096663357136, 0.05735022363319933203, 0.3924999999999995159 ) ) ;
#1658 = CARTESIAN_POINT ( 'NONE',  ( -4.505050874157126906, 1.188296029406237020, 0.3924999999999995159 ) ) ;
#1659 = CARTESIAN_POINT ( 'NONE',  ( 5.169099354311476269, 0.1775084690746082106, -0.3924999999999995159 ) ) ;
#1660 = EDGE_CURVE ( 'NONE', #1733, #1096, #756, .T. ) ;
#1661 = CARTESIAN_POINT ( 'NONE',  ( 4.395000000000000462, -0.4533066040741526304, 0.3924999999999995159 ) ) ;
#1662 = VERTEX_POINT ( 'NONE', #1472 ) ;
#1663 = CARTESIAN_POINT ( 'NONE',  ( 5.179999999999997051, -21.75871699555894168, 0.000000000000000000 ) ) ;
#1664 = ORIENTED_EDGE ( 'NONE', *, *, #1804, .T. ) ;
#1665 = CARTESIAN_POINT ( 'NONE',  ( 5.964999999999998970, -3.626452832593225040, 0.3924999999999995159 ) ) ;
#1666 = CARTESIAN_POINT ( 'NONE',  ( -5.179999999999999716, -0.2833166275463452899, -0.3924999999999995159 ) ) ;
#1667 = CARTESIAN_POINT ( 'NONE',  ( 5.179999999999998828, -7.252905665185662265, 0.3924999999999995159 ) ) ;
#1668 = ORIENTED_EDGE ( 'NONE', *, *, #1045, .T. ) ;
#1669 = CARTESIAN_POINT ( 'NONE',  ( -3.820000000000000728, 2.144999999999999130, -0.3924999999999996270 ) ) ;
#1670 = CARTESIAN_POINT ( 'NONE',  ( 5.964999999999998970, -2.266533020370688156, -0.3924999999999996270 ) ) ;
#1671 = ORIENTED_EDGE ( 'NONE', *, *, #1757, .T. ) ;
#1672 = CARTESIAN_POINT ( 'NONE',  ( -5.179999999999999716, -0.9066132081482746186, 0.3924999999999995159 ) ) ;
#1673 = CARTESIAN_POINT ( 'NONE',  ( -5.964999999999998970, -0.5666332550926782563, -0.3924999999999996270 ) ) ;
#1674 = CARTESIAN_POINT ( 'NONE',  ( -3.997508469074611881, 1.349099354311475985, 0.3924999999999995159 ) ) ;
#1675 = CARTESIAN_POINT ( 'NONE',  ( 5.179999999999999716, -3.626452832593224596, -0.3924999999999995159 ) ) ;
#1676 = VERTEX_POINT ( 'NONE', #1714 ) ;
#1677 = STYLED_ITEM ( 'NONE', ( #1403 ), #1527 ) ;
#1678 = EDGE_LOOP ( 'NONE', ( #985, #998, #1696, #377 ) ) ;
#1679 = CARTESIAN_POINT ( 'NONE',  ( 5.965016428069788823, -0.07301626721931357700, 0.3924999999999995159 ) ) ;
#1680 = CARTESIAN_POINT ( 'NONE',  ( 3.908979720336012154, 1.357814764182985856, 0.3924999999999995159 ) ) ;
#1681 = CARTESIAN_POINT ( 'NONE',  ( 4.395004403794931847, -0.04031005322884669007, 0.3924999999999995159 ) ) ;
#1682 =( BOUNDED_SURFACE ( )  B_SPLINE_SURFACE ( 3, 3, ( 
 ( #1506, #1397, #1053, #99, #345, #1645, #514, #1070, #70, #1814, #1034, #315, #1373, #1225, #41, #785, #1384, #627, #498, #465, #56, #925, #896, #1241, #1629, #1788, #481, #1214, #641, #1620, #1520, #1803, #232, #1496 ),
 ( #669, #656, #1775, #183, #912, #208, #330, #801, #1088, #1257, #1410, #1533, #1661, #85, #936, #1106, #1272, #1418, #1545, #1139, #386, #706, #1879, #1593, #1166, #271, #582, #1702, #413, #732, #428, #1450, #1151, #1471 ),
 ( #1554, #568, #971, #949, #1325, #695, #1311, #1570, #1341, #863, #1840, #594, #995, #1866, #135, #1298, #557, #1123, #260, #1180, #1691, #1461, #717, #1741, #842, #7, #253, #156, #114, #1563, #822, #1584, #1726, #279 ),
 ( #853, #241, #371, #1441, #543, #833, #958, #1855, #400, #875, #1780, #1604, #1022, #45, #1649, #1768, #318, #645, #1635, #886, #212, #1230, #1499, #188, #1480, #1753, #335, #618, #1807, #1523, #19, #1376, #297, #608 ),
 ( #32, #777, #501, #900, #754, #1205, #1491, #743, #177, #164, #1216, #1040, #73, #1196, #1612, #1791, #487, #307, #1007, #1353, #440, #455, #766, #1246, #1623, #471, #633, #907, #1057, #200, #1389, #1509, #791, #61 ),
 ( #916, #1075, #1111, #361, #1546, #117, #1665, #672, #1536, #1411, #1817, #814, #697, #89, #223, #101, #1679, #1831, #804, #519, #824, #1092, #950, #939, #349, #1432, #1556, #1276, #1259, #534, #1420, #1288, #242, #686 ),
 ( #1126, #1694, #1842, #374, #547, #304, #911, #1774, #626, #640, #1600, #761, #15, #1359, #603, #1372, #1486, #1610, #1052, #1764, #895, #1628, #1087, #40, #26, #173, #450, #924, #1033, #435, #182, #464, #497, #749 ) ),
 .UNSPECIFIED., .T., .F., .F. ) 
 B_SPLINE_SURFACE_WITH_KNOTS ( ( 4, 3, 4 ),
 ( 4, 2, 2, 2, 2, 2, 2, 2, 2, 2, 2, 2, 2, 2, 2, 2, 4 ),
 ( 0.000000000000000000, 0.5000000000000000000, 1.000000000000000000 ),
 ( 0.000000000000000000, 0.4283212006999791988, 0.6424818010499687704, 0.7495621012249635839, 0.8031022513124610462, 0.8298723263562097774, 0.8432573638780840319, 0.8499498826390212702, 0.8566424013999583975, 0.8618990032809650259, 0.8671556051619715433, 0.8776688089239845780, 0.8986952164480106475, 0.9197216239720368280, 0.9302348277340499738, 0.9354914296150564912, 0.9407480314960630086 ),
 .UNSPECIFIED. ) 
 GEOMETRIC_REPRESENTATION_ITEM ( )  RATIONAL_B_SPLINE_SURFACE ( (
 ( 1.000000000000000000, 1.000000000000000000, 1.000000000000000000, 1.000000000000000000, 1.000000000000000000, 1.000000000000000000, 1.000000000000000000, 1.000000000000000000, 1.000000000000000000, 1.000000000000000000, 1.000000000000000000, 1.000000000000000000, 1.000000000000000000, 1.000000000000000000, 1.000000000000000000, 1.000000000000000000, 1.000000000000000000, 1.000000000000000000, 1.000000000000000000, 1.000000000000000000, 1.000000000000000000, 1.000000000000000000, 1.000000000000000000, 1.000000000000000000, 1.000000000000000000, 1.000000000000000000, 1.000000000000000000, 1.000000000000000000, 1.000000000000000000, 1.000000000000000000, 1.000000000000000000, 1.000000000000000000, 1.000000000000000000, 1.000000000000000000),
 ( 0.3333333333333333703, 0.3333333333333333703, 0.3333333333333333703, 0.3333333333333333703, 0.3333333333333333703, 0.3333333333333333703, 0.3333333333333333703, 0.3333333333333333703, 0.3333333333333333703, 0.3333333333333333703, 0.3333333333333333703, 0.3333333333333333703, 0.3333333333333333703, 0.3333333333333333703, 0.3333333333333333703, 0.3333333333333333703, 0.3333333333333333703, 0.3333333333333333703, 0.3333333333333333703, 0.3333333333333333703, 0.3333333333333333703, 0.3333333333333333703, 0.3333333333333333703, 0.3333333333333333703, 0.3333333333333333703, 0.3333333333333333703, 0.3333333333333333703, 0.3333333333333333703, 0.3333333333333333703, 0.3333333333333333703, 0.3333333333333333703, 0.3333333333333333703, 0.3333333333333333703, 0.3333333333333333703),
 ( 0.3333333333333333703, 0.3333333333333333703, 0.3333333333333333703, 0.3333333333333333703, 0.3333333333333333703, 0.3333333333333333703, 0.3333333333333333703, 0.3333333333333333703, 0.3333333333333333703, 0.3333333333333333703, 0.3333333333333333703, 0.3333333333333333703, 0.3333333333333333703, 0.3333333333333333703, 0.3333333333333333703, 0.3333333333333333703, 0.3333333333333333703, 0.3333333333333333703, 0.3333333333333333703, 0.3333333333333333703, 0.3333333333333333703, 0.3333333333333333703, 0.3333333333333333703, 0.3333333333333333703, 0.3333333333333333703, 0.3333333333333333703, 0.3333333333333333703, 0.3333333333333333703, 0.3333333333333333703, 0.3333333333333333703, 0.3333333333333333703, 0.3333333333333333703, 0.3333333333333333703, 0.3333333333333333703),
 ( 1.000000000000000000, 1.000000000000000000, 1.000000000000000000, 1.000000000000000000, 1.000000000000000000, 1.000000000000000000, 1.000000000000000000, 1.000000000000000000, 1.000000000000000000, 1.000000000000000000, 1.000000000000000000, 1.000000000000000000, 1.000000000000000000, 1.000000000000000000, 1.000000000000000000, 1.000000000000000000, 1.000000000000000000, 1.000000000000000000, 1.000000000000000000, 1.000000000000000000, 1.000000000000000000, 1.000000000000000000, 1.000000000000000000, 1.000000000000000000, 1.000000000000000000, 1.000000000000000000, 1.000000000000000000, 1.000000000000000000, 1.000000000000000000, 1.000000000000000000, 1.000000000000000000, 1.000000000000000000, 1.000000000000000000, 1.000000000000000000),
 ( 0.3333333333333333703, 0.3333333333333333703, 0.3333333333333333703, 0.3333333333333333703, 0.3333333333333333703, 0.3333333333333333703, 0.3333333333333333703, 0.3333333333333333703, 0.3333333333333333703, 0.3333333333333333703, 0.3333333333333333703, 0.3333333333333333703, 0.3333333333333333703, 0.3333333333333333703, 0.3333333333333333703, 0.3333333333333333703, 0.3333333333333333703, 0.3333333333333333703, 0.3333333333333333703, 0.3333333333333333703, 0.3333333333333333703, 0.3333333333333333703, 0.3333333333333333703, 0.3333333333333333703, 0.3333333333333333703, 0.3333333333333333703, 0.3333333333333333703, 0.3333333333333333703, 0.3333333333333333703, 0.3333333333333333703, 0.3333333333333333703, 0.3333333333333333703, 0.3333333333333333703, 0.3333333333333333703),
 ( 0.3333333333333333703, 0.3333333333333333703, 0.3333333333333333703, 0.3333333333333333703, 0.3333333333333333703, 0.3333333333333333703, 0.3333333333333333703, 0.3333333333333333703, 0.3333333333333333703, 0.3333333333333333703, 0.3333333333333333703, 0.3333333333333333703, 0.3333333333333333703, 0.3333333333333333703, 0.3333333333333333703, 0.3333333333333333703, 0.3333333333333333703, 0.3333333333333333703, 0.3333333333333333703, 0.3333333333333333703, 0.3333333333333333703, 0.3333333333333333703, 0.3333333333333333703, 0.3333333333333333703, 0.3333333333333333703, 0.3333333333333333703, 0.3333333333333333703, 0.3333333333333333703, 0.3333333333333333703, 0.3333333333333333703, 0.3333333333333333703, 0.3333333333333333703, 0.3333333333333333703, 0.3333333333333333703),
 ( 1.000000000000000000, 1.000000000000000000, 1.000000000000000000, 1.000000000000000000, 1.000000000000000000, 1.000000000000000000, 1.000000000000000000, 1.000000000000000000, 1.000000000000000000, 1.000000000000000000, 1.000000000000000000, 1.000000000000000000, 1.000000000000000000, 1.000000000000000000, 1.000000000000000000, 1.000000000000000000, 1.000000000000000000, 1.000000000000000000, 1.000000000000000000, 1.000000000000000000, 1.000000000000000000, 1.000000000000000000, 1.000000000000000000, 1.000000000000000000, 1.000000000000000000, 1.000000000000000000, 1.000000000000000000, 1.000000000000000000, 1.000000000000000000, 1.000000000000000000, 1.000000000000000000, 1.000000000000000000, 1.000000000000000000, 1.000000000000000000) ) ) 
 REPRESENTATION_ITEM ( '' )  SURFACE ( )  );
#1683 = ORIENTED_EDGE ( 'NONE', *, *, #1872, .F. ) ;
#1684 = CARTESIAN_POINT ( 'NONE',  ( -3.877350428389751524, 2.144999999999999130, -0.3924999999999996270 ) ) ;
#1685 = CARTESIAN_POINT ( 'NONE',  ( 3.864505895925855139, 1.360000000000000098, -0.3924999999999995159 ) ) ;
#1686 = ORIENTED_EDGE ( 'NONE', *, *, #1539, .F. ) ;
#1687 = DIRECTION ( 'NONE',  ( 0.000000000000000000, 0.000000000000000000, 1.000000000000000000 ) ) ;
#1688 = CARTESIAN_POINT ( 'NONE',  ( -5.964999999999998970, -0.2266533020370644358, -0.3924999999999996270 ) ) ;
#1689 = CARTESIAN_POINT ( 'NONE',  ( -3.820000000000000284, 1.360000000000000098, 0.000000000000000000 ) ) ;
#1690 = CARTESIAN_POINT ( 'NONE',  ( 5.179999999999999716, -1.133266510185357401, -0.3924999999999995159 ) ) ;
#1691 = CARTESIAN_POINT ( 'NONE',  ( 4.387630045066029716, 0.09367549458405684260, -0.3924999999999993494 ) ) ;
#1692 = ORIENTED_EDGE ( 'NONE', *, *, #423, .F. ) ;
#1693 = ORIENTED_EDGE ( 'NONE', *, *, #746, .F. ) ;
#1694 = CARTESIAN_POINT ( 'NONE',  ( 5.179999999999997051, -18.13226416303135835, 0.3924999999999995159 ) ) ;
#1695 = CARTESIAN_POINT ( 'NONE',  ( 5.179999999999999716, -0.5666332550926783673, 0.3924999999999995159 ) ) ;
#1696 = ORIENTED_EDGE ( 'NONE', *, *, #537, .F. ) ;
#1697 = CARTESIAN_POINT ( 'NONE',  ( 5.964999999999998082, -4.533066040741771552, 0.3924999999999995159 ) ) ;
#1698 = ORIENTED_EDGE ( 'NONE', *, *, #452, .T. ) ;
#1699 = CARTESIAN_POINT ( 'NONE',  ( -3.908979720336012154, 1.357814764182985856, 0.3924999999999995159 ) ) ;
#1700 = CARTESIAN_POINT ( 'NONE',  ( -5.162568454417047370, 0.2215629089292469878, 0.3924999999999995159 ) ) ;
#1701 = CARTESIAN_POINT ( 'NONE',  ( -1.302187499999999609, 1.360000000000000098, -1.359999999999999876 ) ) ;
#1702 = CARTESIAN_POINT ( 'NONE',  ( 4.005246720473584432, 0.5456438111628193477, 0.3924999999999995159 ) ) ;
#1703 = ORIENTED_EDGE ( 'NONE', *, *, #1576, .T. ) ;
#1704 = ORIENTED_EDGE ( 'NONE', *, *, #868, .F. ) ;
#1705 = CARTESIAN_POINT ( 'NONE',  ( -5.179999999999998828, -7.252905665185662265, -0.3924999999999995159 ) ) ;
#1706 = CARTESIAN_POINT ( 'NONE',  ( 5.179999999999999716, -1.813226416296551902, 0.3924999999999995159 ) ) ;
#1707 = EDGE_CURVE ( 'NONE', #462, #1016, #797, .T. ) ;
#1708 = ORIENTED_EDGE ( 'NONE', *, *, #724, .T. ) ;
#1709 = CARTESIAN_POINT ( 'NONE',  ( -5.180000000000784866, -9.066132081484534311, -0.3924999999999995159 ) ) ;
#1710 = CARTESIAN_POINT ( 'NONE',  ( -3.960339338324088576, 2.141553433215072744, 0.3924999999999995159 ) ) ;
#1711 = ORIENTED_EDGE ( 'NONE', *, *, #630, .F. ) ;
#1712 = DIRECTION ( 'NONE',  ( 1.000000000000000000, -2.449184984618537811E-17, -0.000000000000000000 ) ) ;
#1713 = CARTESIAN_POINT ( 'NONE',  ( -5.179999999999999716, -3.626452832593224596, 0.3924999999999995159 ) ) ;
#1714 = CARTESIAN_POINT ( 'NONE',  ( -2.314999999999999947, 1.752499999999999725, 0.000000000000000000 ) ) ;
#1715 = EDGE_LOOP ( 'NONE', ( #1777, #1652, #1810, #1830, #451 ) ) ;
#1716 = ORIENTED_EDGE ( 'NONE', *, *, #252, .F. ) ;
#1717 = CARTESIAN_POINT ( 'NONE',  ( -4.655784273551941688, 1.087546171275544538, -0.3924999999999995159 ) ) ;
#1718 = CARTESIAN_POINT ( 'NONE',  ( 5.179999999999999716, -0.4533066040741526304, 0.3924999999999995159 ) ) ;
#1719 = EDGE_LOOP ( 'NONE', ( #1749, #1084 ) ) ;
#1720 = CARTESIAN_POINT ( 'NONE',  ( -3.895049536557292580, 0.5703912711243342981, -0.3924999999999993494 ) ) ;
#1721 = CARTESIAN_POINT ( 'NONE',  ( 5.179999999999999716, -0.5666332550926783673, 0.3924999999999995159 ) ) ;
#1722 = ORIENTED_EDGE ( 'NONE', *, *, #763, .T. ) ;
#1723 = CARTESIAN_POINT ( 'NONE',  ( -1.591562499999999325, 1.359999999999999876, 1.359999999999999876 ) ) ;
#1724 = CARTESIAN_POINT ( 'NONE',  ( -4.172497582010103123, 1.316535667174816515, 0.3924999999999995159 ) ) ;
#1725 = DIRECTION ( 'NONE',  ( 0.000000000000000000, 0.000000000000000000, 1.000000000000000000 ) ) ;
#1726 = CARTESIAN_POINT ( 'NONE',  ( 3.851661363461959642, 0.5750000000000008438, -0.3924999999999993494 ) ) ;
#1727 = VERTEX_POINT ( 'NONE', #1880 ) ;
#1728 = ADVANCED_FACE ( 'NONE', ( #803 ), #1425, .T. ) ;
#1729 = VERTEX_POINT ( 'NONE', #1140 ) ;
#1730 = CARTESIAN_POINT ( 'NONE',  ( -5.964999999999998970, -2.266533020370688156, -0.3924999999999996270 ) ) ;
#1731 = CARTESIAN_POINT ( 'NONE',  ( 4.394999999999998685, -4.533066040741771552, -0.3924999999999993494 ) ) ;
#1732 = EDGE_CURVE ( 'NONE', #1733, #1016, #148, .T. ) ;
#1733 = VERTEX_POINT ( 'NONE', #1594 ) ;
#1734 = CARTESIAN_POINT ( 'NONE',  ( -4.172497582010103123, 1.316535667174816515, -0.3924999999999995159 ) ) ;
#1735 = CARTESIAN_POINT ( 'NONE',  ( -5.179999999999999716, -0.4533066040741526304, -0.3924999999999995159 ) ) ;
#1736 = CARTESIAN_POINT ( 'NONE',  ( 5.180000000000784866, -9.066132081484534311, 0.3924999999999995159 ) ) ;
#1737 = EDGE_LOOP ( 'NONE', ( #438, #1019 ) ) ;
#1738 = CARTESIAN_POINT ( 'NONE',  ( -4.505050874157126906, 1.188296029406237020, 0.3924999999999995159 ) ) ;
#1739 = CARTESIAN_POINT ( 'NONE',  ( -5.180000000000784866, -9.066132081484534311, 0.3924999999999995159 ) ) ;
#1740 = CARTESIAN_POINT ( 'NONE',  ( -2.314999999999999947, 1.359999999999999876, 0.000000000000000000 ) ) ;
#1741 = CARTESIAN_POINT ( 'NONE',  ( 4.322404571256292627, 0.2896354798825359622, -0.3924999999999993494 ) ) ;
#1742 = CLOSED_SHELL ( 'NONE', ( #1515, #408, #1374, #198, #599, #1195 ) ) ;
#1743 = ORIENTED_EDGE ( 'NONE', *, *, #190, .F. ) ;
#1744 = CARTESIAN_POINT ( 'NONE',  ( -5.964999999999998970, -0.5666332550926782563, -0.3924999999999996270 ) ) ;
#1745 = CARTESIAN_POINT ( 'NONE',  ( 3.851661363461959642, 0.5750000000000008438, 0.3924999999999995159 ) ) ;
#1746 = EDGE_LOOP ( 'NONE', ( #1035, #1044, #1064, #1109 ) ) ;
#1747 = CARTESIAN_POINT ( 'NONE',  ( -5.179999999999998828, -4.533066040741771552, 0.3924999999999995159 ) ) ;
#1748 = CARTESIAN_POINT ( 'NONE',  ( -2.314999999999999947, 1.359999999999999876, 0.000000000000000000 ) ) ;
#1749 = ORIENTED_EDGE ( 'NONE', *, *, #1310, .F. ) ;
#1750 = DIRECTION ( 'NONE',  ( 0.000000000000000000, 0.000000000000000000, 1.000000000000000000 ) ) ;
#1751 =( GEOMETRIC_REPRESENTATION_CONTEXT ( 3 ) GLOBAL_UNCERTAINTY_ASSIGNED_CONTEXT ( ( #1062 ) ) GLOBAL_UNIT_ASSIGNED_CONTEXT ( ( #115, #972, #733 ) ) REPRESENTATION_CONTEXT ( 'NONE', 'WORKASPACE' ) );
#1752 = CARTESIAN_POINT ( 'NONE',  ( -1.591562499999999325, 1.360000000000000098, -1.359999999999999876 ) ) ;
#1753 = CARTESIAN_POINT ( 'NONE',  ( 4.655784273551941688, 1.087546171275544538, -0.3924999999999995159 ) ) ;
#1754 = CARTESIAN_POINT ( 'NONE',  ( -4.395000000000784723, -9.066132081484532534, -0.3924999999999993494 ) ) ;
#1755 = DIRECTION ( 'NONE',  ( 1.000000000000000000, -2.449184984618537811E-17, -0.000000000000000000 ) ) ;
#1756 = ORIENTED_EDGE ( 'NONE', *, *, #1478, .T. ) ;
#1757 = EDGE_CURVE ( 'NONE', #1676, #1758, #788, .T. ) ;
#1758 = VERTEX_POINT ( 'NONE', #718 ) ;
#1759 = CARTESIAN_POINT ( 'NONE',  ( 3.908979720336012154, 1.357814764182985856, 0.3924999999999995159 ) ) ;
#1760 =( BOUNDED_SURFACE ( )  B_SPLINE_SURFACE ( 3, 3, ( 
 ( #387, #876, #1008, #1167, #707, #843, #1462, #1197, #1571, #136, #261, #854, #308, #298, #178, #646, #1377, #456, #46, #1366, #659, #792, #472, #917, #1624, #634, #488, #1605, #767, #20, #1492, #887, #1500, #1613 ),
 ( #1023, #619, #1510, #1093, #1781, #1769, #33, #901, #928, #1041, #291, #189, #778, #502, #165, #908, #1076, #1247, #1058, #1260, #805, #441, #1206, #1231, #74, #1390, #1636, #1792, #62, #1524, #201, #1650, #319, #1808 ),
 ( #213, #336, #1481, #1754, #721, #1547, #1443, #855, #1142, #102, #224, #1858, #127, #362, #403, #1537, #548, #350, #1832, #961, #573, #535, #973, #1314, #389, #235, #984, #255, #243, #1300, #520, #673, #1169, #1289 ),
 ( #815, #1433, #1277, #1112, #1705, #940, #687, #559, #1412, #1557, #1421, #825, #951, #1666, #1127, #1843, #118, #375, #1818, #90, #708, #845, #1154, #1452, #1574, #1717, #1869, #137, #263, #191, #431, #1473, #1200, #747 ),
 ( #890, #1027, #1586, #460, #1209, #1185, #735, #1730, #1368, #1882, #621, #1744, #1011, #1046, #145, #272, #416, #866, #997, #282, #598, #539, #837, #94, #1540, #1849, #966, #942, #689, #492, #65, #807, #1684, #1669 ),
 ( #246, #828, #324, #1392, #953, #227, #354, #1081, #78, #508, #1116, #1130, #649, #1426, #1280, #215, #1292, #1250, #1512, #338, #106, #663, #1097, #1265, #523, #679, #365, #1435, #379, #894, #1017, #1710, #871, #1334 ),
 ( #1476, #589, #1348, #1146, #848, #1747, #602, #1485, #1609, #820, #313, #39, #1051, #923, #1255, #1408, #1544, #1222, #194, #1383, #181, #1505, #480, #528, #783, #1531, #1658, #1104, #1269, #683, #1674, #1032, #457, #1198 ) ),
 .UNSPECIFIED., .T., .F., .F. ) 
 B_SPLINE_SURFACE_WITH_KNOTS ( ( 4, 3, 4 ),
 ( 4, 2, 2, 2, 2, 2, 2, 2, 2, 2, 2, 2, 2, 2, 2, 2, 4 ),
 ( 0.000000000000000000, 0.5000000000000000000, 1.000000000000000000 ),
 ( 0.000000000000000000, 0.4283212006999791988, 0.6424818010499687704, 0.7495621012249635839, 0.8031022513124610462, 0.8298723263562097774, 0.8432573638780840319, 0.8499498826390212702, 0.8566424013999583975, 0.8618990032809650259, 0.8671556051619715433, 0.8776688089239845780, 0.8986952164480106475, 0.9197216239720368280, 0.9302348277340499738, 0.9354914296150564912, 0.9407480314960630086 ),
 .UNSPECIFIED. ) 
 GEOMETRIC_REPRESENTATION_ITEM ( )  RATIONAL_B_SPLINE_SURFACE ( (
 ( 1.000000000000000000, 1.000000000000000000, 1.000000000000000000, 1.000000000000000000, 1.000000000000000000, 1.000000000000000000, 1.000000000000000000, 1.000000000000000000, 1.000000000000000000, 1.000000000000000000, 1.000000000000000000, 1.000000000000000000, 1.000000000000000000, 1.000000000000000000, 1.000000000000000000, 1.000000000000000000, 1.000000000000000000, 1.000000000000000000, 1.000000000000000000, 1.000000000000000000, 1.000000000000000000, 1.000000000000000000, 1.000000000000000000, 1.000000000000000000, 1.000000000000000000, 1.000000000000000000, 1.000000000000000000, 1.000000000000000000, 1.000000000000000000, 1.000000000000000000, 1.000000000000000000, 1.000000000000000000, 1.000000000000000000, 1.000000000000000000),
 ( 0.3333333333333333703, 0.3333333333333333703, 0.3333333333333333703, 0.3333333333333333703, 0.3333333333333333703, 0.3333333333333333703, 0.3333333333333333703, 0.3333333333333333703, 0.3333333333333333703, 0.3333333333333333703, 0.3333333333333333703, 0.3333333333333333703, 0.3333333333333333703, 0.3333333333333333703, 0.3333333333333333703, 0.3333333333333333703, 0.3333333333333333703, 0.3333333333333333703, 0.3333333333333333703, 0.3333333333333333703, 0.3333333333333333703, 0.3333333333333333703, 0.3333333333333333703, 0.3333333333333333703, 0.3333333333333333703, 0.3333333333333333703, 0.3333333333333333703, 0.3333333333333333703, 0.3333333333333333703, 0.3333333333333333703, 0.3333333333333333703, 0.3333333333333333703, 0.3333333333333333703, 0.3333333333333333703),
 ( 0.3333333333333333703, 0.3333333333333333703, 0.3333333333333333703, 0.3333333333333333703, 0.3333333333333333703, 0.3333333333333333703, 0.3333333333333333703, 0.3333333333333333703, 0.3333333333333333703, 0.3333333333333333703, 0.3333333333333333703, 0.3333333333333333703, 0.3333333333333333703, 0.3333333333333333703, 0.3333333333333333703, 0.3333333333333333703, 0.3333333333333333703, 0.3333333333333333703, 0.3333333333333333703, 0.3333333333333333703, 0.3333333333333333703, 0.3333333333333333703, 0.3333333333333333703, 0.3333333333333333703, 0.3333333333333333703, 0.3333333333333333703, 0.3333333333333333703, 0.3333333333333333703, 0.3333333333333333703, 0.3333333333333333703, 0.3333333333333333703, 0.3333333333333333703, 0.3333333333333333703, 0.3333333333333333703),
 ( 1.000000000000000000, 1.000000000000000000, 1.000000000000000000, 1.000000000000000000, 1.000000000000000000, 1.000000000000000000, 1.000000000000000000, 1.000000000000000000, 1.000000000000000000, 1.000000000000000000, 1.000000000000000000, 1.000000000000000000, 1.000000000000000000, 1.000000000000000000, 1.000000000000000000, 1.000000000000000000, 1.000000000000000000, 1.000000000000000000, 1.000000000000000000, 1.000000000000000000, 1.000000000000000000, 1.000000000000000000, 1.000000000000000000, 1.000000000000000000, 1.000000000000000000, 1.000000000000000000, 1.000000000000000000, 1.000000000000000000, 1.000000000000000000, 1.000000000000000000, 1.000000000000000000, 1.000000000000000000, 1.000000000000000000, 1.000000000000000000),
 ( 0.3333333333333333703, 0.3333333333333333703, 0.3333333333333333703, 0.3333333333333333703, 0.3333333333333333703, 0.3333333333333333703, 0.3333333333333333703, 0.3333333333333333703, 0.3333333333333333703, 0.3333333333333333703, 0.3333333333333333703, 0.3333333333333333703, 0.3333333333333333703, 0.3333333333333333703, 0.3333333333333333703, 0.3333333333333333703, 0.3333333333333333703, 0.3333333333333333703, 0.3333333333333333703, 0.3333333333333333703, 0.3333333333333333703, 0.3333333333333333703, 0.3333333333333333703, 0.3333333333333333703, 0.3333333333333333703, 0.3333333333333333703, 0.3333333333333333703, 0.3333333333333333703, 0.3333333333333333703, 0.3333333333333333703, 0.3333333333333333703, 0.3333333333333333703, 0.3333333333333333703, 0.3333333333333333703),
 ( 0.3333333333333333703, 0.3333333333333333703, 0.3333333333333333703, 0.3333333333333333703, 0.3333333333333333703, 0.3333333333333333703, 0.3333333333333333703, 0.3333333333333333703, 0.3333333333333333703, 0.3333333333333333703, 0.3333333333333333703, 0.3333333333333333703, 0.3333333333333333703, 0.3333333333333333703, 0.3333333333333333703, 0.3333333333333333703, 0.3333333333333333703, 0.3333333333333333703, 0.3333333333333333703, 0.3333333333333333703, 0.3333333333333333703, 0.3333333333333333703, 0.3333333333333333703, 0.3333333333333333703, 0.3333333333333333703, 0.3333333333333333703, 0.3333333333333333703, 0.3333333333333333703, 0.3333333333333333703, 0.3333333333333333703, 0.3333333333333333703, 0.3333333333333333703, 0.3333333333333333703, 0.3333333333333333703),
 ( 1.000000000000000000, 1.000000000000000000, 1.000000000000000000, 1.000000000000000000, 1.000000000000000000, 1.000000000000000000, 1.000000000000000000, 1.000000000000000000, 1.000000000000000000, 1.000000000000000000, 1.000000000000000000, 1.000000000000000000, 1.000000000000000000, 1.000000000000000000, 1.000000000000000000, 1.000000000000000000, 1.000000000000000000, 1.000000000000000000, 1.000000000000000000, 1.000000000000000000, 1.000000000000000000, 1.000000000000000000, 1.000000000000000000, 1.000000000000000000, 1.000000000000000000, 1.000000000000000000, 1.000000000000000000, 1.000000000000000000, 1.000000000000000000, 1.000000000000000000, 1.000000000000000000, 1.000000000000000000, 1.000000000000000000, 1.000000000000000000) ) ) 
 REPRESENTATION_ITEM ( '' )  SURFACE ( )  );
#1761 = CARTESIAN_POINT ( 'NONE',  ( 3.969033904158674630, 0.5566235357540635365, -0.3924999999999993494 ) ) ;
#1762 = ORIENTED_EDGE ( 'NONE', *, *, #1559, .T. ) ;
#1763 = CARTESIAN_POINT ( 'NONE',  ( -5.961553433215073028, 0.1403393383240781334, 0.3924999999999995159 ) ) ;
#1764 = CARTESIAN_POINT ( 'NONE',  ( 5.169099354311476269, 0.1775084690746082106, 0.3924999999999995159 ) ) ;
#1765 = ADVANCED_FACE ( 'NONE', ( #1413 ), #780, .T. ) ;
#1766 = ORIENTED_EDGE ( 'NONE', *, *, #190, .T. ) ;
#1767 = CARTESIAN_POINT ( 'NONE',  ( -4.395000000000000462, -0.4533066040741526304, 0.3924999999999995159 ) ) ;
#1768 = CARTESIAN_POINT ( 'NONE',  ( 5.179999999999999716, -0.1133266510185320097, -0.3924999999999995159 ) ) ;
#1769 = CARTESIAN_POINT ( 'NONE',  ( -4.394999999999998685, -4.533066040741771552, 0.3924999999999995159 ) ) ;
#1770 = ORIENTED_EDGE ( 'NONE', *, *, #323, .F. ) ;
#1771 = ORIENTED_EDGE ( 'NONE', *, *, #1852, .T. ) ;
#1772 = CARTESIAN_POINT ( 'NONE',  ( 4.505050874157126906, 1.188296029406237020, 0.3924999999999995159 ) ) ;
#1773 = ORIENTED_EDGE ( 'NONE', *, *, #1404, .F. ) ;
#1774 = CARTESIAN_POINT ( 'NONE',  ( 5.179999999999999716, -2.266533020370689044, 0.3924999999999995159 ) ) ;
#1775 = CARTESIAN_POINT ( 'NONE',  ( 4.394999999998426610, -14.50581133036936343, 0.3924999999999995159 ) ) ;
#1776 = CARTESIAN_POINT ( 'NONE',  ( -2.314999999999999947, 1.359999999999999876, 0.000000000000000000 ) ) ;
#1777 = ORIENTED_EDGE ( 'NONE', *, *, #968, .F. ) ;
#1778 = AXIS2_PLACEMENT_3D ( 'NONE', #980, #289, #1750 ) ;
#1779 = CARTESIAN_POINT ( 'NONE',  ( -4.394999999999997797, -18.13226416303135835, -0.3924999999999993494 ) ) ;
#1780 = CARTESIAN_POINT ( 'NONE',  ( 5.179999999999999716, -0.9066132081482746186, -0.3924999999999995159 ) ) ;
#1781 = CARTESIAN_POINT ( 'NONE',  ( -4.394999999999998685, -7.252905665185662265, 0.3924999999999995159 ) ) ;
#1782 = CARTESIAN_POINT ( 'NONE',  ( -2.314999999999999947, 1.359999999999999876, 0.000000000000000000 ) ) ;
#1783 = ORIENTED_EDGE ( 'NONE', *, *, #1161, .T. ) ;
#1784 = ORIENTED_EDGE ( 'NONE', *, *, #787, .F. ) ;
#1785 = CARTESIAN_POINT ( 'NONE',  ( 4.279808123884768278, 0.3533646744796272166, -0.3924999999999993494 ) ) ;
#1786 = DIRECTION ( 'NONE',  ( 1.000000000000000000, -1.992948188320250669E-16, -0.000000000000000000 ) ) ;
#1787 = DIRECTION ( 'NONE',  ( 1.000000000000000000, 1.992948188320250669E-16, 0.000000000000000000 ) ) ;
#1788 = CARTESIAN_POINT ( 'NONE',  ( 4.655784273551941688, 1.087546171275544538, 0.3924999999999995159 ) ) ;
#1789 = CARTESIAN_POINT ( 'NONE',  ( -4.395000000000000462, -3.626452832593225040, 0.3924999999999995159 ) ) ;
#1790 = PLANE ( 'NONE',  #1572 ) ;
#1791 = CARTESIAN_POINT ( 'NONE',  ( 5.964999999999998970, -0.1133266510185320097, -0.3924999999999996270 ) ) ;
#1792 = CARTESIAN_POINT ( 'NONE',  ( -4.005246720473584432, 0.5456438111628193477, 0.3924999999999995159 ) ) ;
#1793 = CARTESIAN_POINT ( 'NONE',  ( 5.180010415932360779, -0.05666316022408014741, 0.3924999999999995159 ) ) ;
#1794 = FACE_OUTER_BOUND ( 'NONE', #533, .T. ) ;
#1795 = ADVANCED_FACE ( 'NONE', ( #757 ), #1760, .T. ) ;
#1796 = SURFACE_STYLE_FILL_AREA ( #1876 ) ;
#1797 = CARTESIAN_POINT ( 'NONE',  ( 3.997508469074611881, 1.349099354311475985, -0.3924999999999995159 ) ) ;
#1798 = AXIS2_PLACEMENT_3D ( 'NONE', #861, #124, #993 ) ;
#1799 = ORIENTED_EDGE ( 'NONE', *, *, #968, .T. ) ;
#1800 = DIRECTION ( 'NONE',  ( -1.000000000000000000, -0.000000000000000000, -0.000000000000000000 ) ) ;
#1801 = CARTESIAN_POINT ( 'NONE',  ( -3.960339338324088576, 2.141553433215072744, -0.3924999999999996270 ) ) ;
#1802 = DIRECTION ( 'NONE',  ( -1.000000000000000000, -0.000000000000000000, -0.000000000000000000 ) ) ;
#1803 = CARTESIAN_POINT ( 'NONE',  ( 3.908979720336012154, 1.357814764182985856, 0.3924999999999995159 ) ) ;
#1804 = EDGE_CURVE ( 'NONE', #1212, #979, #773, .T. ) ;
#1805 = B_SPLINE_CURVE_WITH_KNOTS ( 'NONE', 3,
 ( #503, #473, #202, #929, #1042, #1077, #1059, #1232, #1637, #363, #489, #309, #1401, #1525, #1833, #635, #1793, #91, #675, #661, #1217, #793, #1422, #918, #75, #1094, #1261, #225, #351, #1113, #1278, #1680, #103, #1124 ),
 .UNSPECIFIED., .F., .F.,
 ( 4, 2, 2, 2, 2, 2, 2, 2, 2, 2, 2, 2, 2, 2, 2, 2, 4 ),
 ( 0.000000000000000000, 0.4283212006999791988, 0.6424818010499687704, 0.7495621012249635839, 0.8031022513124610462, 0.8298723263562097774, 0.8432573638780840319, 0.8499498826390212702, 0.8566424013999583975, 0.8618990032809650259, 0.8671556051619715433, 0.8776688089239845780, 0.8986952164480106475, 0.9197216239720368280, 0.9302348277340499738, 0.9354914296150564912, 0.9407480314960630086 ),
 .UNSPECIFIED. ) ;
#1806 = DIRECTION ( 'NONE',  ( -0.000000000000000000, 0.000000000000000000, 1.000000000000000000 ) ) ;
#1807 = CARTESIAN_POINT ( 'NONE',  ( 4.172497582010103123, 1.316535667174816515, -0.3924999999999995159 ) ) ;
#1808 = CARTESIAN_POINT ( 'NONE',  ( -3.820000000000000728, 0.5750000000000008438, 0.3924999999999995159 ) ) ;
#1809 = CARTESIAN_POINT ( 'NONE',  ( 5.964999999998425118, -14.50581133036936343, -0.3924999999999996270 ) ) ;
#1810 = ORIENTED_EDGE ( 'NONE', *, *, #1404, .T. ) ;
#1811 = CARTESIAN_POINT ( 'NONE',  ( -3.997508469074611881, 1.349099354311475985, 0.3924999999999995159 ) ) ;
#1812 = CARTESIAN_POINT ( 'NONE',  ( -5.855488652076973111, 0.6910508094189341532, 0.3924999999999995159 ) ) ;
#1813 = CARTESIAN_POINT ( 'NONE',  ( 5.179999999998425864, -14.50581133036936166, -0.3924999999999995159 ) ) ;
#1814 = CARTESIAN_POINT ( 'NONE',  ( 5.179999999999999716, -1.133266510185357401, 0.3924999999999995159 ) ) ;
#1815 = SURFACE_STYLE_USAGE ( .BOTH. , #1273 ) ;
#1816 = DIRECTION ( 'NONE',  ( -0.000000000000000000, -1.000000000000000000, -0.000000000000000000 ) ) ;
#1817 = CARTESIAN_POINT ( 'NONE',  ( 5.964999999999998970, -0.9066132081482746186, 0.3924999999999995159 ) ) ;
#1818 = CARTESIAN_POINT ( 'NONE',  ( -5.177814764182985030, 0.08897972033601221631, -0.3924999999999995159 ) ) ;
#1819 = CARTESIAN_POINT ( 'NONE',  ( 5.136535667174777942, 0.3524975820101176049, 0.3924999999999995159 ) ) ;
#1820 = ORIENTED_EDGE ( 'NONE', *, *, #605, .F. ) ;
#1821 =( GEOMETRIC_REPRESENTATION_CONTEXT ( 3 ) GLOBAL_UNCERTAINTY_ASSIGNED_CONTEXT ( ( #1497 ) ) GLOBAL_UNIT_ASSIGNED_CONTEXT ( ( #714, #5, #751 ) ) REPRESENTATION_CONTEXT ( 'NONE', 'WORKASPACE' ) );
#1822 = CARTESIAN_POINT ( 'NONE',  ( 5.964999999999996305, -18.13226416303135835, -0.3924999999999996270 ) ) ;
#1823 = ORIENTED_EDGE ( 'NONE', *, *, #113, .F. ) ;
#1824 = CARTESIAN_POINT ( 'NONE',  ( -3.864505895925855139, 1.360000000000000098, 0.3924999999999995159 ) ) ;
#1825 = CARTESIAN_POINT ( 'NONE',  ( -5.964999999998425118, -14.50581133036936343, 0.3924999999999995159 ) ) ;
#1826 = CARTESIAN_POINT ( 'NONE',  ( 5.179999999999997051, -21.75871699555894168, -0.3924999999999995159 ) ) ;
#1827 = EDGE_CURVE ( 'NONE', #433, #1132, #745, .T. ) ;
#1828 = DIRECTION ( 'NONE',  ( 0.000000000000000000, 0.000000000000000000, 1.000000000000000000 ) ) ;
#1829 = DIRECTION ( 'NONE',  ( 0.000000000000000000, 0.000000000000000000, 1.000000000000000000 ) ) ;
#1830 = ORIENTED_EDGE ( 'NONE', *, *, #1337, .T. ) ;
#1831 = CARTESIAN_POINT ( 'NONE',  ( 5.964987096663357136, 0.05735022363319933203, 0.3924999999999995159 ) ) ;
#1832 = CARTESIAN_POINT ( 'NONE',  ( -4.394076095150897920, 0.03762010234794613966, -0.3924999999999993494 ) ) ;
#1833 = CARTESIAN_POINT ( 'NONE',  ( 5.179999999999999716, -0.2266533020370644358, 0.3924999999999995159 ) ) ;
#1834 = CARTESIAN_POINT ( 'NONE',  ( 4.395000000000000462, -2.266533020370688156, 0.3924999999999995159 ) ) ;
#1835 = ORIENTED_EDGE ( 'NONE', *, *, #700, .T. ) ;
#1836 = CYLINDRICAL_SURFACE ( 'NONE', #1445, 1.360000000000000098 ) ;
#1837 = CARTESIAN_POINT ( 'NONE',  ( 3.960339338324088576, 2.141553433215072744, -0.3924999999999996270 ) ) ;
#1838 = DIRECTION ( 'NONE',  ( -1.000000000000000000, -0.000000000000000000, -0.000000000000000000 ) ) ;
#1839 = CARTESIAN_POINT ( 'NONE',  ( -5.535284218666188139, 1.318203872624080564, -0.3924999999999996270 ) ) ;
#1840 = CARTESIAN_POINT ( 'NONE',  ( 4.395000000000000462, -0.9066132081482746186, -0.3924999999999993494 ) ) ;
#1841 = CLOSED_SHELL ( 'NONE', ( #1765, #1322, #1038, #1489, #752, #904 ) ) ;
#1842 = CARTESIAN_POINT ( 'NONE',  ( 5.179999999998425864, -14.50581133036936166, 0.3924999999999995159 ) ) ;
#1843 = CARTESIAN_POINT ( 'NONE',  ( -5.179999999999999716, -0.1133266510185320097, -0.3924999999999995159 ) ) ;
#1844 = CARTESIAN_POINT ( 'NONE',  ( 5.179991818863480368, 0.04450576610351886925, 0.3924999999999995159 ) ) ;
#1845 = FACE_OUTER_BOUND ( 'NONE', #1213, .T. ) ;
#1846 = AXIS2_PLACEMENT_3D ( 'NONE', #1782, #1583, #1402 ) ;
#1847 = CARTESIAN_POINT ( 'NONE',  ( -4.365643811162840393, 0.1852467204736192030, -0.3924999999999993494 ) ) ;
#1848 = CIRCLE ( 'NONE', #655, 0.3924999999999995159 ) ;
#1849 = CARTESIAN_POINT ( 'NONE',  ( -5.138203872624117707, 1.715284218666190075, -0.3924999999999996270 ) ) ;
#1850 = CARTESIAN_POINT ( 'NONE',  ( 5.964999999999998970, -3.626452832593225040, 0.3924999999999995159 ) ) ;
#1851 = CIRCLE ( 'NONE', #678, 1.359999999999999876 ) ;
#1852 = EDGE_CURVE ( 'NONE', #1047, #340, #120, .T. ) ;
#1853 = CARTESIAN_POINT ( 'NONE',  ( -5.179999999999999716, -0.2266533020370644358, 0.3924999999999995159 ) ) ;
#1854 = CARTESIAN_POINT ( 'NONE',  ( -3.819999999999999840, 1.360000000000000098, 0.3924999999999995159 ) ) ;
#1855 = CARTESIAN_POINT ( 'NONE',  ( 5.179999999999999716, -2.266533020370689044, -0.3924999999999995159 ) ) ;
#1856 = CARTESIAN_POINT ( 'NONE',  ( -2.314999999999999947, 1.360000000000000098, 0.000000000000000000 ) ) ;
#1857 = FACE_OUTER_BOUND ( 'NONE', #1243, .T. ) ;
#1858 = CARTESIAN_POINT ( 'NONE',  ( -4.395000000000000462, -0.5666332550926782563, -0.3924999999999993494 ) ) ;
#1859 = CARTESIAN_POINT ( 'NONE',  ( 4.395000000000000462, -1.133266510185357179, 0.3924999999999995159 ) ) ;
#1860 = CIRCLE ( 'NONE', #317, 0.3924999999999995159 ) ;
#1861 = CARTESIAN_POINT ( 'NONE',  ( -5.162568454417047370, 0.2215629089292469878, -0.3924999999999995159 ) ) ;
#1862 = CARTESIAN_POINT ( 'NONE',  ( 5.896447798595513490, 0.5559612598615458756, 0.3924999999999995159 ) ) ;
#1863 = DIRECTION ( 'NONE',  ( 0.000000000000000000, 0.000000000000000000, 1.000000000000000000 ) ) ;
#1864 = CARTESIAN_POINT ( 'NONE',  ( -5.179999999999999716, -2.266533020370689044, 0.3924999999999995159 ) ) ;
#1865 = PLANE ( 'NONE',  #1399 ) ;
#1866 = CARTESIAN_POINT ( 'NONE',  ( 4.395000000000000462, -0.2833166275463452899, -0.3924999999999993494 ) ) ;
#1867 = DIRECTION ( 'NONE',  ( 0.000000000000000000, 0.000000000000000000, 1.000000000000000000 ) ) ;
#1868 = CIRCLE ( 'NONE', #905, 0.3924999999999995159 ) ;
#1869 = CARTESIAN_POINT ( 'NONE',  ( -4.505050874157126906, 1.188296029406237020, -0.3924999999999995159 ) ) ;
#1870 = CARTESIAN_POINT ( 'NONE',  ( 5.179999999998425864, -14.50581133036936166, 0.3924999999999995159 ) ) ;
#1871 = CIRCLE ( 'NONE', #1798, 1.359999999999999876 ) ;
#1872 = EDGE_CURVE ( 'NONE', #1662, #1125, #1437, .T. ) ;
#1873 = CARTESIAN_POINT ( 'NONE',  ( -5.179999999999999716, -0.5666332550926783673, -0.3924999999999995159 ) ) ;
#1874 = CARTESIAN_POINT ( 'NONE',  ( 5.535284218666188139, 1.318203872624080564, 0.3924999999999995159 ) ) ;
#1875 = VECTOR ( 'NONE', #1122, 1000.000000000000000 ) ;
#1876 = FILL_AREA_STYLE ('',( #1321 ) ) ;
#1877 = CARTESIAN_POINT ( 'NONE',  ( -5.179999999999998828, -4.533066040741771552, 0.3924999999999995159 ) ) ;
#1878 = CARTESIAN_POINT ( 'NONE',  ( 5.179999999999997051, -18.13226416303135835, 0.3924999999999995159 ) ) ;
#1879 = CARTESIAN_POINT ( 'NONE',  ( 4.365643811162840393, 0.1852467204736192030, 0.3924999999999995159 ) ) ;
#1880 = CARTESIAN_POINT ( 'NONE',  ( -3.820000000000000284, 1.360000000000000098, 0.3924999999999995159 ) ) ;
#1881 = CARTESIAN_POINT ( 'NONE',  ( 0.000000000000000000, 0.000000000000000000, 0.000000000000000000 ) ) ;
#1882 = CARTESIAN_POINT ( 'NONE',  ( -5.964999999999998970, -1.133266510185357179, -0.3924999999999996270 ) ) ;
#1883 = CARTESIAN_POINT ( 'NONE',  ( 4.395000000000000462, -0.4533066040741526304, -0.3924999999999993494 ) ) ;
ENDSEC;
END-ISO-10303-21;
